pair_id,target_disease,confounder_disease,organ_system,order,step,cumulative_findings,target_prevalence_per_100k,confounder_prevalence_per_100k,initial_findings,new_findings
0,Acute_MI,Heart_Failure,Cardio,confounder_first,1,dyspnea; elevated_BNP; fatigue; peripheral_edema; PND; S3_gallop,1000,1000,,
0,Acute_MI,Heart_Failure,Cardio,confounder_first,2,dyspnea; elevated_BNP; fatigue; peripheral_edema; PND; S3_gallop; ST_elevation; chest_pain; radiation_to_arm; troponin_elevated; diaphoresis,1000,1000,dyspnea; elevated_BNP; fatigue; peripheral_edema; PND; S3_gallop,ST_elevation; chest_pain; radiation_to_arm; troponin_elevated; diaphoresis; dyspnea
0,Acute_MI,Heart_Failure,Cardio,target_first,1,ST_elevation; chest_pain; radiation_to_arm; troponin_elevated; diaphoresis; dyspnea,1000,1000,,
0,Acute_MI,Heart_Failure,Cardio,target_first,2,ST_elevation; chest_pain; radiation_to_arm; troponin_elevated; diaphoresis; dyspnea; elevated_BNP; fatigue; peripheral_edema; PND; S3_gallop,1000,1000,ST_elevation; chest_pain; radiation_to_arm; troponin_elevated; diaphoresis; dyspnea,dyspnea; elevated_BNP; fatigue; peripheral_edema; PND; S3_gallop
1,Addison_Disease,Metabolic_Syndrome,Metabolic,confounder_first,1,central_obesity; high_fasting_glucose; high_triglycerides; hypertension; low_HDL; acanthosis_nigricans; fatty_liver,1000,1000,,
1,Addison_Disease,Metabolic_Syndrome,Metabolic,confounder_first,2,central_obesity; high_fasting_glucose; high_triglycerides; hypertension; low_HDL; acanthosis_nigricans; fatty_liver; fatigue; hyperpigmentation; hyponatremia; hypotension; low_cortisol; hyperkalemia; nausea,1000,1000,central_obesity; high_fasting_glucose; high_triglycerides; hypertension; low_HDL; acanthosis_nigricans; fatty_liver,fatigue; hyperpigmentation; hyponatremia; hypotension; low_cortisol; hyperkalemia; nausea
1,Addison_Disease,Metabolic_Syndrome,Metabolic,target_first,1,fatigue; hyperpigmentation; hyponatremia; hypotension; low_cortisol; hyperkalemia; nausea,1000,1000,,
1,Addison_Disease,Metabolic_Syndrome,Metabolic,target_first,2,fatigue; hyperpigmentation; hyponatremia; hypotension; low_cortisol; hyperkalemia; nausea; central_obesity; high_fasting_glucose; high_triglycerides; hypertension; low_HDL; acanthosis_nigricans; fatty_liver,1000,1000,fatigue; hyperpigmentation; hyponatremia; hypotension; low_cortisol; hyperkalemia; nausea,central_obesity; high_fasting_glucose; high_triglycerides; hypertension; low_HDL; acanthosis_nigricans; fatty_liver
2,Allergic_Rhinitis,Osteoarthritis,Immuno,confounder_first,1,DIP_involvement; age_over_50; crepitus; joint_pain; Heberden_nodes; bony_enlargement,1000,1000,,
2,Allergic_Rhinitis,Osteoarthritis,Immuno,confounder_first,2,DIP_involvement; age_over_50; crepitus; joint_pain; Heberden_nodes; bony_enlargement; itching; nasal_congestion; sneezing; watery_eyes; clear_rhinorrhea; pale_nasal_mucosa,1000,1000,DIP_involvement; age_over_50; crepitus; joint_pain; Heberden_nodes; bony_enlargement,itching; nasal_congestion; sneezing; watery_eyes; clear_rhinorrhea; pale_nasal_mucosa
2,Allergic_Rhinitis,Osteoarthritis,Immuno,target_first,1,itching; nasal_congestion; sneezing; watery_eyes; clear_rhinorrhea; pale_nasal_mucosa,1000,1000,,
2,Allergic_Rhinitis,Osteoarthritis,Immuno,target_first,2,itching; nasal_congestion; sneezing; watery_eyes; clear_rhinorrhea; pale_nasal_mucosa; DIP_involvement; age_over_50; crepitus; joint_pain; Heberden_nodes; bony_enlargement,1000,1000,itching; nasal_congestion; sneezing; watery_eyes; clear_rhinorrhea; pale_nasal_mucosa,DIP_involvement; age_over_50; crepitus; joint_pain; Heberden_nodes; bony_enlargement
3,Ankylosing_Spondylitis,Allergic_Rhinitis,Immuno,confounder_first,1,itching; nasal_congestion; sneezing; watery_eyes; clear_rhinorrhea; pale_nasal_mucosa,1000,1000,,
3,Ankylosing_Spondylitis,Allergic_Rhinitis,Immuno,confounder_first,2,itching; nasal_congestion; sneezing; watery_eyes; clear_rhinorrhea; pale_nasal_mucosa; HLA_B27; inflammatory_back_pain; morning_stiffness_over_1hr; sacroiliac_tenderness; enthesitis; limited_spinal_mobility,1000,1000,itching; nasal_congestion; sneezing; watery_eyes; clear_rhinorrhea; pale_nasal_mucosa,HLA_B27; inflammatory_back_pain; morning_stiffness_over_1hr; sacroiliac_tenderness; enthesitis; limited_spinal_mobility
3,Ankylosing_Spondylitis,Allergic_Rhinitis,Immuno,target_first,1,HLA_B27; inflammatory_back_pain; morning_stiffness_over_1hr; sacroiliac_tenderness; enthesitis; limited_spinal_mobility,1000,1000,,
3,Ankylosing_Spondylitis,Allergic_Rhinitis,Immuno,target_first,2,HLA_B27; inflammatory_back_pain; morning_stiffness_over_1hr; sacroiliac_tenderness; enthesitis; limited_spinal_mobility; itching; nasal_congestion; sneezing; watery_eyes; clear_rhinorrhea; pale_nasal_mucosa,1000,1000,HLA_B27; inflammatory_back_pain; morning_stiffness_over_1hr; sacroiliac_tenderness; enthesitis; limited_spinal_mobility,itching; nasal_congestion; sneezing; watery_eyes; clear_rhinorrhea; pale_nasal_mucosa
4,Aortic_Dissection,Heart_Failure,Cardio,confounder_first,1,dyspnea; elevated_BNP; fatigue; peripheral_edema; PND; S3_gallop,1000,1000,,
4,Aortic_Dissection,Heart_Failure,Cardio,confounder_first,2,dyspnea; elevated_BNP; fatigue; peripheral_edema; PND; S3_gallop; blood_pressure_differential; sudden_onset; tearing_chest_pain; widened_mediastinum; Marfan_history; aortic_regurgitation_murmur,1000,1000,dyspnea; elevated_BNP; fatigue; peripheral_edema; PND; S3_gallop,blood_pressure_differential; sudden_onset; tearing_chest_pain; widened_mediastinum; Marfan_history; aortic_regurgitation_murmur
4,Aortic_Dissection,Heart_Failure,Cardio,target_first,1,blood_pressure_differential; sudden_onset; tearing_chest_pain; widened_mediastinum; Marfan_history; aortic_regurgitation_murmur,1000,1000,,
4,Aortic_Dissection,Heart_Failure,Cardio,target_first,2,blood_pressure_differential; sudden_onset; tearing_chest_pain; widened_mediastinum; Marfan_history; aortic_regurgitation_murmur; dyspnea; elevated_BNP; fatigue; peripheral_edema; PND; S3_gallop,1000,1000,blood_pressure_differential; sudden_onset; tearing_chest_pain; widened_mediastinum; Marfan_history; aortic_regurgitation_murmur,dyspnea; elevated_BNP; fatigue; peripheral_edema; PND; S3_gallop
5,Aplastic_Anemia,Iron_Deficiency_Anemia,Hemato,confounder_first,1,fatigue; low_MCV; low_ferritin; pallor; brittle_nails; glossitis,1000,1000,,
5,Aplastic_Anemia,Iron_Deficiency_Anemia,Hemato,confounder_first,2,fatigue; low_MCV; low_ferritin; pallor; brittle_nails; glossitis; bleeding; hypocellular_bone_marrow; pancytopenia; recurrent_infections; petechiae,1000,1000,fatigue; low_MCV; low_ferritin; pallor; brittle_nails; glossitis,bleeding; fatigue; hypocellular_bone_marrow; pancytopenia; recurrent_infections; pallor; petechiae
5,Aplastic_Anemia,Iron_Deficiency_Anemia,Hemato,target_first,1,bleeding; fatigue; hypocellular_bone_marrow; pancytopenia; recurrent_infections; pallor; petechiae,1000,1000,,
5,Aplastic_Anemia,Iron_Deficiency_Anemia,Hemato,target_first,2,bleeding; fatigue; hypocellular_bone_marrow; pancytopenia; recurrent_infections; pallor; petechiae; low_MCV; low_ferritin; brittle_nails; glossitis,1000,1000,bleeding; fatigue; hypocellular_bone_marrow; pancytopenia; recurrent_infections; pallor; petechiae,fatigue; low_MCV; low_ferritin; pallor; brittle_nails; glossitis
6,Asthma,Allergic_Rhinitis,Immuno,confounder_first,1,itching; nasal_congestion; sneezing; watery_eyes; clear_rhinorrhea; pale_nasal_mucosa,1000,1000,,
6,Asthma,Allergic_Rhinitis,Immuno,confounder_first,2,itching; nasal_congestion; sneezing; watery_eyes; clear_rhinorrhea; pale_nasal_mucosa; dyspnea; episodic_symptoms; reversible_airflow_obstruction; wheezing; chest_tightness; cough,1000,1000,itching; nasal_congestion; sneezing; watery_eyes; clear_rhinorrhea; pale_nasal_mucosa,dyspnea; episodic_symptoms; reversible_airflow_obstruction; wheezing; chest_tightness; cough
6,Asthma,Allergic_Rhinitis,Immuno,target_first,1,dyspnea; episodic_symptoms; reversible_airflow_obstruction; wheezing; chest_tightness; cough,1000,1000,,
6,Asthma,Allergic_Rhinitis,Immuno,target_first,2,dyspnea; episodic_symptoms; reversible_airflow_obstruction; wheezing; chest_tightness; cough; itching; nasal_congestion; sneezing; watery_eyes; clear_rhinorrhea; pale_nasal_mucosa,1000,1000,dyspnea; episodic_symptoms; reversible_airflow_obstruction; wheezing; chest_tightness; cough,itching; nasal_congestion; sneezing; watery_eyes; clear_rhinorrhea; pale_nasal_mucosa
7,B12_Deficiency,Iron_Deficiency_Anemia,Hemato,confounder_first,1,fatigue; low_MCV; low_ferritin; pallor; brittle_nails; glossitis,1000,1000,,
7,B12_Deficiency,Iron_Deficiency_Anemia,Hemato,confounder_first,2,fatigue; low_MCV; low_ferritin; pallor; brittle_nails; glossitis; high_MCV; low_B12; peripheral_neuropathy; hypersegmented_neutrophils,1000,1000,fatigue; low_MCV; low_ferritin; pallor; brittle_nails; glossitis,fatigue; high_MCV; low_B12; peripheral_neuropathy; glossitis; hypersegmented_neutrophils
7,B12_Deficiency,Iron_Deficiency_Anemia,Hemato,target_first,1,fatigue; high_MCV; low_B12; peripheral_neuropathy; glossitis; hypersegmented_neutrophils,1000,1000,,
7,B12_Deficiency,Iron_Deficiency_Anemia,Hemato,target_first,2,fatigue; high_MCV; low_B12; peripheral_neuropathy; glossitis; hypersegmented_neutrophils; low_MCV; low_ferritin; pallor; brittle_nails,1000,1000,fatigue; high_MCV; low_B12; peripheral_neuropathy; glossitis; hypersegmented_neutrophils,fatigue; low_MCV; low_ferritin; pallor; brittle_nails; glossitis
8,Bacterial_Meningitis,Tension_Headache,Neuro,confounder_first,1,bilateral_pain; headache; pressing_quality; mild_photophobia; muscle_tension,1000,1000,,
8,Bacterial_Meningitis,Tension_Headache,Neuro,confounder_first,2,bilateral_pain; headache; pressing_quality; mild_photophobia; muscle_tension; altered_mental_status; fever; neck_stiffness; petechial_rash; photophobia,1000,1000,bilateral_pain; headache; pressing_quality; mild_photophobia; muscle_tension,altered_mental_status; fever; headache; neck_stiffness; petechial_rash; photophobia
8,Bacterial_Meningitis,Tension_Headache,Neuro,target_first,1,altered_mental_status; fever; headache; neck_stiffness; petechial_rash; photophobia,1000,1000,,
8,Bacterial_Meningitis,Tension_Headache,Neuro,target_first,2,altered_mental_status; fever; headache; neck_stiffness; petechial_rash; photophobia; bilateral_pain; pressing_quality; mild_photophobia; muscle_tension,1000,1000,altered_mental_status; fever; headache; neck_stiffness; petechial_rash; photophobia,bilateral_pain; headache; pressing_quality; mild_photophobia; muscle_tension
9,COPD,Community_Pneumonia,Pulmo,confounder_first,1,crackles; fever; infiltrate_on_CXR; productive_cough; dyspnea; elevated_WBC,1000,1000,,
9,COPD,Community_Pneumonia,Pulmo,confounder_first,2,crackles; fever; infiltrate_on_CXR; productive_cough; dyspnea; elevated_WBC; chronic_cough; chronic_dyspnea; smoking_history; sputum_production; FEV1_reduced; barrel_chest,1000,1000,crackles; fever; infiltrate_on_CXR; productive_cough; dyspnea; elevated_WBC,chronic_cough; chronic_dyspnea; smoking_history; sputum_production; FEV1_reduced; barrel_chest
9,COPD,Community_Pneumonia,Pulmo,target_first,1,chronic_cough; chronic_dyspnea; smoking_history; sputum_production; FEV1_reduced; barrel_chest,1000,1000,,
9,COPD,Community_Pneumonia,Pulmo,target_first,2,chronic_cough; chronic_dyspnea; smoking_history; sputum_production; FEV1_reduced; barrel_chest; crackles; fever; infiltrate_on_CXR; productive_cough; dyspnea; elevated_WBC,1000,1000,chronic_cough; chronic_dyspnea; smoking_history; sputum_production; FEV1_reduced; barrel_chest,crackles; fever; infiltrate_on_CXR; productive_cough; dyspnea; elevated_WBC
10,Cardiac_Tamponade,Heart_Failure,Cardio,confounder_first,1,dyspnea; elevated_BNP; fatigue; peripheral_edema; PND; S3_gallop,1000,1000,,
10,Cardiac_Tamponade,Heart_Failure,Cardio,confounder_first,2,dyspnea; elevated_BNP; fatigue; peripheral_edema; PND; S3_gallop; hypotension; jugular_venous_distension; muffled_heart_sounds; pulsus_paradoxus; electrical_alternans; pericardial_effusion,1000,1000,dyspnea; elevated_BNP; fatigue; peripheral_edema; PND; S3_gallop,hypotension; jugular_venous_distension; muffled_heart_sounds; pulsus_paradoxus; electrical_alternans; pericardial_effusion
10,Cardiac_Tamponade,Heart_Failure,Cardio,target_first,1,hypotension; jugular_venous_distension; muffled_heart_sounds; pulsus_paradoxus; electrical_alternans; pericardial_effusion,1000,1000,,
10,Cardiac_Tamponade,Heart_Failure,Cardio,target_first,2,hypotension; jugular_venous_distension; muffled_heart_sounds; pulsus_paradoxus; electrical_alternans; pericardial_effusion; dyspnea; elevated_BNP; fatigue; peripheral_edema; PND; S3_gallop,1000,1000,hypotension; jugular_venous_distension; muffled_heart_sounds; pulsus_paradoxus; electrical_alternans; pericardial_effusion,dyspnea; elevated_BNP; fatigue; peripheral_edema; PND; S3_gallop
11,Chronic_Lymphocytic_Leukemia,Iron_Deficiency_Anemia,Hemato,confounder_first,1,fatigue; low_MCV; low_ferritin; pallor; brittle_nails; glossitis,1000,1000,,
11,Chronic_Lymphocytic_Leukemia,Iron_Deficiency_Anemia,Hemato,confounder_first,2,fatigue; low_MCV; low_ferritin; pallor; brittle_nails; glossitis; age_over_50; lymphocytosis; mature_small_lymphocytes; painless_lymphadenopathy; immunodeficiency,1000,1000,fatigue; low_MCV; low_ferritin; pallor; brittle_nails; glossitis,age_over_50; lymphocytosis; mature_small_lymphocytes; painless_lymphadenopathy; fatigue; immunodeficiency
11,Chronic_Lymphocytic_Leukemia,Iron_Deficiency_Anemia,Hemato,target_first,1,age_over_50; lymphocytosis; mature_small_lymphocytes; painless_lymphadenopathy; fatigue; immunodeficiency,1000,1000,,
11,Chronic_Lymphocytic_Leukemia,Iron_Deficiency_Anemia,Hemato,target_first,2,age_over_50; lymphocytosis; mature_small_lymphocytes; painless_lymphadenopathy; fatigue; immunodeficiency; low_MCV; low_ferritin; pallor; brittle_nails; glossitis,1000,1000,age_over_50; lymphocytosis; mature_small_lymphocytes; painless_lymphadenopathy; fatigue; immunodeficiency,fatigue; low_MCV; low_ferritin; pallor; brittle_nails; glossitis
12,Cluster_Headache,Tension_Headache,Neuro,confounder_first,1,bilateral_pain; headache; pressing_quality; mild_photophobia; muscle_tension,1000,1000,,
12,Cluster_Headache,Tension_Headache,Neuro,confounder_first,2,bilateral_pain; headache; pressing_quality; mild_photophobia; muscle_tension; autonomic_features; lacrimation; periorbital_pain; unilateral_pain; conjunctival_injection; duration_15min_3hrs,1000,1000,bilateral_pain; headache; pressing_quality; mild_photophobia; muscle_tension,autonomic_features; headache; lacrimation; periorbital_pain; unilateral_pain; conjunctival_injection; duration_15min_3hrs
12,Cluster_Headache,Tension_Headache,Neuro,target_first,1,autonomic_features; headache; lacrimation; periorbital_pain; unilateral_pain; conjunctival_injection; duration_15min_3hrs,1000,1000,,
12,Cluster_Headache,Tension_Headache,Neuro,target_first,2,autonomic_features; headache; lacrimation; periorbital_pain; unilateral_pain; conjunctival_injection; duration_15min_3hrs; bilateral_pain; pressing_quality; mild_photophobia; muscle_tension,1000,1000,autonomic_features; headache; lacrimation; periorbital_pain; unilateral_pain; conjunctival_injection; duration_15min_3hrs,bilateral_pain; headache; pressing_quality; mild_photophobia; muscle_tension
13,Community_Pneumonia,COPD,Pulmo,confounder_first,1,chronic_cough; chronic_dyspnea; smoking_history; sputum_production; FEV1_reduced; barrel_chest,1000,1000,,
13,Community_Pneumonia,COPD,Pulmo,confounder_first,2,chronic_cough; chronic_dyspnea; smoking_history; sputum_production; FEV1_reduced; barrel_chest; crackles; fever; infiltrate_on_CXR; productive_cough; dyspnea; elevated_WBC,1000,1000,chronic_cough; chronic_dyspnea; smoking_history; sputum_production; FEV1_reduced; barrel_chest,crackles; fever; infiltrate_on_CXR; productive_cough; dyspnea; elevated_WBC
13,Community_Pneumonia,COPD,Pulmo,target_first,1,crackles; fever; infiltrate_on_CXR; productive_cough; dyspnea; elevated_WBC,1000,1000,,
13,Community_Pneumonia,COPD,Pulmo,target_first,2,crackles; fever; infiltrate_on_CXR; productive_cough; dyspnea; elevated_WBC; chronic_cough; chronic_dyspnea; smoking_history; sputum_production; FEV1_reduced; barrel_chest,1000,1000,crackles; fever; infiltrate_on_CXR; productive_cough; dyspnea; elevated_WBC,chronic_cough; chronic_dyspnea; smoking_history; sputum_production; FEV1_reduced; barrel_chest
14,Cushing_Syndrome,Metabolic_Syndrome,Metabolic,confounder_first,1,central_obesity; high_fasting_glucose; high_triglycerides; hypertension; low_HDL; acanthosis_nigricans; fatty_liver,1000,1000,,
14,Cushing_Syndrome,Metabolic_Syndrome,Metabolic,confounder_first,2,central_obesity; high_fasting_glucose; high_triglycerides; hypertension; low_HDL; acanthosis_nigricans; fatty_liver; elevated_cortisol; moon_face; purple_striae; easy_bruising; hyperglycemia,1000,1000,central_obesity; high_fasting_glucose; high_triglycerides; hypertension; low_HDL; acanthosis_nigricans; fatty_liver,central_obesity; elevated_cortisol; moon_face; purple_striae; easy_bruising; hyperglycemia
14,Cushing_Syndrome,Metabolic_Syndrome,Metabolic,target_first,1,central_obesity; elevated_cortisol; moon_face; purple_striae; easy_bruising; hyperglycemia,1000,1000,,
14,Cushing_Syndrome,Metabolic_Syndrome,Metabolic,target_first,2,central_obesity; elevated_cortisol; moon_face; purple_striae; easy_bruising; hyperglycemia; high_fasting_glucose; high_triglycerides; hypertension; low_HDL; acanthosis_nigricans; fatty_liver,1000,1000,central_obesity; elevated_cortisol; moon_face; purple_striae; easy_bruising; hyperglycemia,central_obesity; high_fasting_glucose; high_triglycerides; hypertension; low_HDL; acanthosis_nigricans; fatty_liver
15,Diabetes_Insipidus,Metabolic_Syndrome,Metabolic,confounder_first,1,central_obesity; high_fasting_glucose; high_triglycerides; hypertension; low_HDL; acanthosis_nigricans; fatty_liver,1000,1000,,
15,Diabetes_Insipidus,Metabolic_Syndrome,Metabolic,confounder_first,2,central_obesity; high_fasting_glucose; high_triglycerides; hypertension; low_HDL; acanthosis_nigricans; fatty_liver; dilute_urine; low_urine_osmolality; polydipsia; polyuria; dehydration; hypernatremia,1000,1000,central_obesity; high_fasting_glucose; high_triglycerides; hypertension; low_HDL; acanthosis_nigricans; fatty_liver,dilute_urine; low_urine_osmolality; polydipsia; polyuria; dehydration; hypernatremia
15,Diabetes_Insipidus,Metabolic_Syndrome,Metabolic,target_first,1,dilute_urine; low_urine_osmolality; polydipsia; polyuria; dehydration; hypernatremia,1000,1000,,
15,Diabetes_Insipidus,Metabolic_Syndrome,Metabolic,target_first,2,dilute_urine; low_urine_osmolality; polydipsia; polyuria; dehydration; hypernatremia; central_obesity; high_fasting_glucose; high_triglycerides; hypertension; low_HDL; acanthosis_nigricans; fatty_liver,1000,1000,dilute_urine; low_urine_osmolality; polydipsia; polyuria; dehydration; hypernatremia,central_obesity; high_fasting_glucose; high_triglycerides; hypertension; low_HDL; acanthosis_nigricans; fatty_liver
16,Epilepsy,Tension_Headache,Neuro,confounder_first,1,bilateral_pain; headache; pressing_quality; mild_photophobia; muscle_tension,1000,1000,,
16,Epilepsy,Tension_Headache,Neuro,confounder_first,2,bilateral_pain; headache; pressing_quality; mild_photophobia; muscle_tension; loss_of_consciousness; recurrent_episodes; seizures; EEG_abnormality; incontinence,1000,1000,bilateral_pain; headache; pressing_quality; mild_photophobia; muscle_tension,loss_of_consciousness; recurrent_episodes; seizures; EEG_abnormality; incontinence
16,Epilepsy,Tension_Headache,Neuro,target_first,1,loss_of_consciousness; recurrent_episodes; seizures; EEG_abnormality; incontinence,1000,1000,,
16,Epilepsy,Tension_Headache,Neuro,target_first,2,loss_of_consciousness; recurrent_episodes; seizures; EEG_abnormality; incontinence; bilateral_pain; headache; pressing_quality; mild_photophobia; muscle_tension,1000,1000,loss_of_consciousness; recurrent_episodes; seizures; EEG_abnormality; incontinence,bilateral_pain; headache; pressing_quality; mild_photophobia; muscle_tension
17,Gout,Allergic_Rhinitis,Immuno,confounder_first,1,itching; nasal_congestion; sneezing; watery_eyes; clear_rhinorrhea; pale_nasal_mucosa,1000,1000,,
17,Gout,Allergic_Rhinitis,Immuno,confounder_first,2,itching; nasal_congestion; sneezing; watery_eyes; clear_rhinorrhea; pale_nasal_mucosa; MSU_crystals; acute_joint_pain; asymmetric_joint; high_uric_acid; male; podagra,1000,1000,itching; nasal_congestion; sneezing; watery_eyes; clear_rhinorrhea; pale_nasal_mucosa,MSU_crystals; acute_joint_pain; asymmetric_joint; high_uric_acid; male; podagra
17,Gout,Allergic_Rhinitis,Immuno,target_first,1,MSU_crystals; acute_joint_pain; asymmetric_joint; high_uric_acid; male; podagra,1000,1000,,
17,Gout,Allergic_Rhinitis,Immuno,target_first,2,MSU_crystals; acute_joint_pain; asymmetric_joint; high_uric_acid; male; podagra; itching; nasal_congestion; sneezing; watery_eyes; clear_rhinorrhea; pale_nasal_mucosa,1000,1000,MSU_crystals; acute_joint_pain; asymmetric_joint; high_uric_acid; male; podagra,itching; nasal_congestion; sneezing; watery_eyes; clear_rhinorrhea; pale_nasal_mucosa
18,Guillain_Barre,Tension_Headache,Neuro,confounder_first,1,bilateral_pain; headache; pressing_quality; mild_photophobia; muscle_tension,1000,1000,,
18,Guillain_Barre,Tension_Headache,Neuro,confounder_first,2,bilateral_pain; headache; pressing_quality; mild_photophobia; muscle_tension; areflexia; ascending_weakness; progressive_course; symmetric_weakness; elevated_CSF_protein; preceding_infection,1000,1000,bilateral_pain; headache; pressing_quality; mild_photophobia; muscle_tension,areflexia; ascending_weakness; progressive_course; symmetric_weakness; elevated_CSF_protein; preceding_infection
18,Guillain_Barre,Tension_Headache,Neuro,target_first,1,areflexia; ascending_weakness; progressive_course; symmetric_weakness; elevated_CSF_protein; preceding_infection,1000,1000,,
18,Guillain_Barre,Tension_Headache,Neuro,target_first,2,areflexia; ascending_weakness; progressive_course; symmetric_weakness; elevated_CSF_protein; preceding_infection; bilateral_pain; headache; pressing_quality; mild_photophobia; muscle_tension,1000,1000,areflexia; ascending_weakness; progressive_course; symmetric_weakness; elevated_CSF_protein; preceding_infection,bilateral_pain; headache; pressing_quality; mild_photophobia; muscle_tension
19,HUS,Iron_Deficiency_Anemia,Hemato,confounder_first,1,fatigue; low_MCV; low_ferritin; pallor; brittle_nails; glossitis,1000,1000,,
19,HUS,Iron_Deficiency_Anemia,Hemato,confounder_first,2,fatigue; low_MCV; low_ferritin; pallor; brittle_nails; glossitis; diarrhea; microangiopathic_hemolytic_anemia; renal_failure; schistocytes; thrombocytopenia; E_coli_O157; bloody_diarrhea,1000,1000,fatigue; low_MCV; low_ferritin; pallor; brittle_nails; glossitis,diarrhea; microangiopathic_hemolytic_anemia; renal_failure; schistocytes; thrombocytopenia; E_coli_O157; bloody_diarrhea
19,HUS,Iron_Deficiency_Anemia,Hemato,target_first,1,diarrhea; microangiopathic_hemolytic_anemia; renal_failure; schistocytes; thrombocytopenia; E_coli_O157; bloody_diarrhea,1000,1000,,
19,HUS,Iron_Deficiency_Anemia,Hemato,target_first,2,diarrhea; microangiopathic_hemolytic_anemia; renal_failure; schistocytes; thrombocytopenia; E_coli_O157; bloody_diarrhea; fatigue; low_MCV; low_ferritin; pallor; brittle_nails; glossitis,1000,1000,diarrhea; microangiopathic_hemolytic_anemia; renal_failure; schistocytes; thrombocytopenia; E_coli_O157; bloody_diarrhea,fatigue; low_MCV; low_ferritin; pallor; brittle_nails; glossitis
20,Heart_Failure,Acute_MI,Cardio,confounder_first,1,ST_elevation; chest_pain; radiation_to_arm; troponin_elevated; diaphoresis; dyspnea,1000,1000,,
20,Heart_Failure,Acute_MI,Cardio,confounder_first,2,ST_elevation; chest_pain; radiation_to_arm; troponin_elevated; diaphoresis; dyspnea; elevated_BNP; fatigue; peripheral_edema; PND; S3_gallop,1000,1000,ST_elevation; chest_pain; radiation_to_arm; troponin_elevated; diaphoresis; dyspnea,dyspnea; elevated_BNP; fatigue; peripheral_edema; PND; S3_gallop
20,Heart_Failure,Acute_MI,Cardio,target_first,1,dyspnea; elevated_BNP; fatigue; peripheral_edema; PND; S3_gallop,1000,1000,,
20,Heart_Failure,Acute_MI,Cardio,target_first,2,dyspnea; elevated_BNP; fatigue; peripheral_edema; PND; S3_gallop; ST_elevation; chest_pain; radiation_to_arm; troponin_elevated; diaphoresis,1000,1000,dyspnea; elevated_BNP; fatigue; peripheral_edema; PND; S3_gallop,ST_elevation; chest_pain; radiation_to_arm; troponin_elevated; diaphoresis; dyspnea
21,Hemophilia_A,Iron_Deficiency_Anemia,Hemato,confounder_first,1,fatigue; low_MCV; low_ferritin; pallor; brittle_nails; glossitis,1000,1000,,
21,Hemophilia_A,Iron_Deficiency_Anemia,Hemato,confounder_first,2,fatigue; low_MCV; low_ferritin; pallor; brittle_nails; glossitis; hemarthrosis; low_factor_VIII; prolonged_aPTT; prolonged_bleeding; easy_bruising; family_history,1000,1000,fatigue; low_MCV; low_ferritin; pallor; brittle_nails; glossitis,hemarthrosis; low_factor_VIII; prolonged_aPTT; prolonged_bleeding; easy_bruising; family_history
21,Hemophilia_A,Iron_Deficiency_Anemia,Hemato,target_first,1,hemarthrosis; low_factor_VIII; prolonged_aPTT; prolonged_bleeding; easy_bruising; family_history,1000,1000,,
21,Hemophilia_A,Iron_Deficiency_Anemia,Hemato,target_first,2,hemarthrosis; low_factor_VIII; prolonged_aPTT; prolonged_bleeding; easy_bruising; family_history; fatigue; low_MCV; low_ferritin; pallor; brittle_nails; glossitis,1000,1000,hemarthrosis; low_factor_VIII; prolonged_aPTT; prolonged_bleeding; easy_bruising; family_history,fatigue; low_MCV; low_ferritin; pallor; brittle_nails; glossitis
22,Hodgkin_Lymphoma,Iron_Deficiency_Anemia,Hemato,confounder_first,1,fatigue; low_MCV; low_ferritin; pallor; brittle_nails; glossitis,1000,1000,,
22,Hodgkin_Lymphoma,Iron_Deficiency_Anemia,Hemato,confounder_first,2,fatigue; low_MCV; low_ferritin; pallor; brittle_nails; glossitis; B_symptoms; Reed_Sternberg_cells; painless_lymphadenopathy; mediastinal_mass; night_sweats,1000,1000,fatigue; low_MCV; low_ferritin; pallor; brittle_nails; glossitis,B_symptoms; Reed_Sternberg_cells; painless_lymphadenopathy; mediastinal_mass; night_sweats
22,Hodgkin_Lymphoma,Iron_Deficiency_Anemia,Hemato,target_first,1,B_symptoms; Reed_Sternberg_cells; painless_lymphadenopathy; mediastinal_mass; night_sweats,1000,1000,,
22,Hodgkin_Lymphoma,Iron_Deficiency_Anemia,Hemato,target_first,2,B_symptoms; Reed_Sternberg_cells; painless_lymphadenopathy; mediastinal_mass; night_sweats; fatigue; low_MCV; low_ferritin; pallor; brittle_nails; glossitis,1000,1000,B_symptoms; Reed_Sternberg_cells; painless_lymphadenopathy; mediastinal_mass; night_sweats,fatigue; low_MCV; low_ferritin; pallor; brittle_nails; glossitis
23,Hyperthyroidism,Metabolic_Syndrome,Metabolic,confounder_first,1,central_obesity; high_fasting_glucose; high_triglycerides; hypertension; low_HDL; acanthosis_nigricans; fatty_liver,1000,1000,,
23,Hyperthyroidism,Metabolic_Syndrome,Metabolic,confounder_first,2,central_obesity; high_fasting_glucose; high_triglycerides; hypertension; low_HDL; acanthosis_nigricans; fatty_liver; heat_intolerance; low_TSH; tachycardia; weight_loss_rapid; anxiety; diarrhea,1000,1000,central_obesity; high_fasting_glucose; high_triglycerides; hypertension; low_HDL; acanthosis_nigricans; fatty_liver,heat_intolerance; low_TSH; tachycardia; weight_loss_rapid; anxiety; diarrhea
23,Hyperthyroidism,Metabolic_Syndrome,Metabolic,target_first,1,heat_intolerance; low_TSH; tachycardia; weight_loss_rapid; anxiety; diarrhea,1000,1000,,
23,Hyperthyroidism,Metabolic_Syndrome,Metabolic,target_first,2,heat_intolerance; low_TSH; tachycardia; weight_loss_rapid; anxiety; diarrhea; central_obesity; high_fasting_glucose; high_triglycerides; hypertension; low_HDL; acanthosis_nigricans; fatty_liver,1000,1000,heat_intolerance; low_TSH; tachycardia; weight_loss_rapid; anxiety; diarrhea,central_obesity; high_fasting_glucose; high_triglycerides; hypertension; low_HDL; acanthosis_nigricans; fatty_liver
24,Hypothyroidism,Metabolic_Syndrome,Metabolic,confounder_first,1,central_obesity; high_fasting_glucose; high_triglycerides; hypertension; low_HDL; acanthosis_nigricans; fatty_liver,1000,1000,,
24,Hypothyroidism,Metabolic_Syndrome,Metabolic,confounder_first,2,central_obesity; high_fasting_glucose; high_triglycerides; hypertension; low_HDL; acanthosis_nigricans; fatty_liver; cold_intolerance; elevated_TSH; fatigue; weight_gain; bradycardia; constipation,1000,1000,central_obesity; high_fasting_glucose; high_triglycerides; hypertension; low_HDL; acanthosis_nigricans; fatty_liver,cold_intolerance; elevated_TSH; fatigue; weight_gain; bradycardia; constipation
24,Hypothyroidism,Metabolic_Syndrome,Metabolic,target_first,1,cold_intolerance; elevated_TSH; fatigue; weight_gain; bradycardia; constipation,1000,1000,,
24,Hypothyroidism,Metabolic_Syndrome,Metabolic,target_first,2,cold_intolerance; elevated_TSH; fatigue; weight_gain; bradycardia; constipation; central_obesity; high_fasting_glucose; high_triglycerides; hypertension; low_HDL; acanthosis_nigricans; fatty_liver,1000,1000,cold_intolerance; elevated_TSH; fatigue; weight_gain; bradycardia; constipation,central_obesity; high_fasting_glucose; high_triglycerides; hypertension; low_HDL; acanthosis_nigricans; fatty_liver
25,ITP,Iron_Deficiency_Anemia,Hemato,confounder_first,1,fatigue; low_MCV; low_ferritin; pallor; brittle_nails; glossitis,1000,1000,,
25,ITP,Iron_Deficiency_Anemia,Hemato,confounder_first,2,fatigue; low_MCV; low_ferritin; pallor; brittle_nails; glossitis; isolated_thrombocytopenia; no_splenomegaly; normal_coagulation_studies; petechiae; bruising; megakaryocyte_hyperplasia,1000,1000,fatigue; low_MCV; low_ferritin; pallor; brittle_nails; glossitis,isolated_thrombocytopenia; no_splenomegaly; normal_coagulation_studies; petechiae; bruising; megakaryocyte_hyperplasia
25,ITP,Iron_Deficiency_Anemia,Hemato,target_first,1,isolated_thrombocytopenia; no_splenomegaly; normal_coagulation_studies; petechiae; bruising; megakaryocyte_hyperplasia,1000,1000,,
25,ITP,Iron_Deficiency_Anemia,Hemato,target_first,2,isolated_thrombocytopenia; no_splenomegaly; normal_coagulation_studies; petechiae; bruising; megakaryocyte_hyperplasia; fatigue; low_MCV; low_ferritin; pallor; brittle_nails; glossitis,1000,1000,isolated_thrombocytopenia; no_splenomegaly; normal_coagulation_studies; petechiae; bruising; megakaryocyte_hyperplasia,fatigue; low_MCV; low_ferritin; pallor; brittle_nails; glossitis
26,Idiopathic_Intracranial_HTN,Tension_Headache,Neuro,confounder_first,1,bilateral_pain; headache; pressing_quality; mild_photophobia; muscle_tension,1000,1000,,
26,Idiopathic_Intracranial_HTN,Tension_Headache,Neuro,confounder_first,2,bilateral_pain; headache; pressing_quality; mild_photophobia; muscle_tension; elevated_opening_pressure; papilledema; vision_changes; female; obesity,1000,1000,bilateral_pain; headache; pressing_quality; mild_photophobia; muscle_tension,elevated_opening_pressure; headache; papilledema; vision_changes; female; obesity
26,Idiopathic_Intracranial_HTN,Tension_Headache,Neuro,target_first,1,elevated_opening_pressure; headache; papilledema; vision_changes; female; obesity,1000,1000,,
26,Idiopathic_Intracranial_HTN,Tension_Headache,Neuro,target_first,2,elevated_opening_pressure; headache; papilledema; vision_changes; female; obesity; bilateral_pain; pressing_quality; mild_photophobia; muscle_tension,1000,1000,elevated_opening_pressure; headache; papilledema; vision_changes; female; obesity,bilateral_pain; headache; pressing_quality; mild_photophobia; muscle_tension
27,Insulinoma,Metabolic_Syndrome,Metabolic,confounder_first,1,central_obesity; high_fasting_glucose; high_triglycerides; hypertension; low_HDL; acanthosis_nigricans; fatty_liver,1000,1000,,
27,Insulinoma,Metabolic_Syndrome,Metabolic,confounder_first,2,central_obesity; high_fasting_glucose; high_triglycerides; hypertension; low_HDL; acanthosis_nigricans; fatty_liver; confusion; diaphoresis; fasting_hypoglycemia; relief_with_glucose; whipple_triad; elevated_insulin_during_hypoglycemia; pancreatic_mass,1000,1000,central_obesity; high_fasting_glucose; high_triglycerides; hypertension; low_HDL; acanthosis_nigricans; fatty_liver,confusion; diaphoresis; fasting_hypoglycemia; relief_with_glucose; whipple_triad; elevated_insulin_during_hypoglycemia; pancreatic_mass
27,Insulinoma,Metabolic_Syndrome,Metabolic,target_first,1,confusion; diaphoresis; fasting_hypoglycemia; relief_with_glucose; whipple_triad; elevated_insulin_during_hypoglycemia; pancreatic_mass,1000,1000,,
27,Insulinoma,Metabolic_Syndrome,Metabolic,target_first,2,confusion; diaphoresis; fasting_hypoglycemia; relief_with_glucose; whipple_triad; elevated_insulin_during_hypoglycemia; pancreatic_mass; central_obesity; high_fasting_glucose; high_triglycerides; hypertension; low_HDL; acanthosis_nigricans; fatty_liver,1000,1000,confusion; diaphoresis; fasting_hypoglycemia; relief_with_glucose; whipple_triad; elevated_insulin_during_hypoglycemia; pancreatic_mass,central_obesity; high_fasting_glucose; high_triglycerides; hypertension; low_HDL; acanthosis_nigricans; fatty_liver
28,Iron_Deficiency_Anemia,B12_Deficiency,Hemato,confounder_first,1,fatigue; high_MCV; low_B12; peripheral_neuropathy; glossitis; hypersegmented_neutrophils,1000,1000,,
28,Iron_Deficiency_Anemia,B12_Deficiency,Hemato,confounder_first,2,fatigue; high_MCV; low_B12; peripheral_neuropathy; glossitis; hypersegmented_neutrophils; low_MCV; low_ferritin; pallor; brittle_nails,1000,1000,fatigue; high_MCV; low_B12; peripheral_neuropathy; glossitis; hypersegmented_neutrophils,fatigue; low_MCV; low_ferritin; pallor; brittle_nails; glossitis
28,Iron_Deficiency_Anemia,B12_Deficiency,Hemato,target_first,1,fatigue; low_MCV; low_ferritin; pallor; brittle_nails; glossitis,1000,1000,,
28,Iron_Deficiency_Anemia,B12_Deficiency,Hemato,target_first,2,fatigue; low_MCV; low_ferritin; pallor; brittle_nails; glossitis; high_MCV; low_B12; peripheral_neuropathy; hypersegmented_neutrophils,1000,1000,fatigue; low_MCV; low_ferritin; pallor; brittle_nails; glossitis,fatigue; high_MCV; low_B12; peripheral_neuropathy; glossitis; hypersegmented_neutrophils
29,Lung_Cancer,COPD,Pulmo,confounder_first,1,chronic_cough; chronic_dyspnea; smoking_history; sputum_production; FEV1_reduced; barrel_chest,1000,1000,,
29,Lung_Cancer,COPD,Pulmo,confounder_first,2,chronic_cough; chronic_dyspnea; smoking_history; sputum_production; FEV1_reduced; barrel_chest; hemoptysis; mass_on_imaging; persistent_cough; weight_loss_rapid; clubbing; hoarseness,1000,1000,chronic_cough; chronic_dyspnea; smoking_history; sputum_production; FEV1_reduced; barrel_chest,hemoptysis; mass_on_imaging; persistent_cough; weight_loss_rapid; clubbing; hoarseness
29,Lung_Cancer,COPD,Pulmo,target_first,1,hemoptysis; mass_on_imaging; persistent_cough; weight_loss_rapid; clubbing; hoarseness,1000,1000,,
29,Lung_Cancer,COPD,Pulmo,target_first,2,hemoptysis; mass_on_imaging; persistent_cough; weight_loss_rapid; clubbing; hoarseness; chronic_cough; chronic_dyspnea; smoking_history; sputum_production; FEV1_reduced; barrel_chest,1000,1000,hemoptysis; mass_on_imaging; persistent_cough; weight_loss_rapid; clubbing; hoarseness,chronic_cough; chronic_dyspnea; smoking_history; sputum_production; FEV1_reduced; barrel_chest
30,Metabolic_Syndrome,T2_Diabetes,Metabolic,confounder_first,1,HbA1c_elevated; high_fasting_glucose; polydipsia; polyuria; acanthosis_nigricans; blurred_vision,1000,1000,,
30,Metabolic_Syndrome,T2_Diabetes,Metabolic,confounder_first,2,HbA1c_elevated; high_fasting_glucose; polydipsia; polyuria; acanthosis_nigricans; blurred_vision; central_obesity; high_triglycerides; hypertension; low_HDL; fatty_liver,1000,1000,HbA1c_elevated; high_fasting_glucose; polydipsia; polyuria; acanthosis_nigricans; blurred_vision,central_obesity; high_fasting_glucose; high_triglycerides; hypertension; low_HDL; acanthosis_nigricans; fatty_liver
30,Metabolic_Syndrome,T2_Diabetes,Metabolic,target_first,1,central_obesity; high_fasting_glucose; high_triglycerides; hypertension; low_HDL; acanthosis_nigricans; fatty_liver,1000,1000,,
30,Metabolic_Syndrome,T2_Diabetes,Metabolic,target_first,2,central_obesity; high_fasting_glucose; high_triglycerides; hypertension; low_HDL; acanthosis_nigricans; fatty_liver; HbA1c_elevated; polydipsia; polyuria; blurred_vision,1000,1000,central_obesity; high_fasting_glucose; high_triglycerides; hypertension; low_HDL; acanthosis_nigricans; fatty_liver,HbA1c_elevated; high_fasting_glucose; polydipsia; polyuria; acanthosis_nigricans; blurred_vision
31,Migraine,Tension_Headache,Neuro,confounder_first,1,bilateral_pain; headache; pressing_quality; mild_photophobia; muscle_tension,1000,1000,,
31,Migraine,Tension_Headache,Neuro,confounder_first,2,bilateral_pain; headache; pressing_quality; mild_photophobia; muscle_tension; nausea; photophobia; aura; duration_4_72hrs,1000,1000,bilateral_pain; headache; pressing_quality; mild_photophobia; muscle_tension,headache; nausea; photophobia; aura; duration_4_72hrs
31,Migraine,Tension_Headache,Neuro,target_first,1,headache; nausea; photophobia; aura; duration_4_72hrs,1000,1000,,
31,Migraine,Tension_Headache,Neuro,target_first,2,headache; nausea; photophobia; aura; duration_4_72hrs; bilateral_pain; pressing_quality; mild_photophobia; muscle_tension,1000,1000,headache; nausea; photophobia; aura; duration_4_72hrs,bilateral_pain; headache; pressing_quality; mild_photophobia; muscle_tension
32,Multiple_Sclerosis,Tension_Headache,Neuro,confounder_first,1,bilateral_pain; headache; pressing_quality; mild_photophobia; muscle_tension,1000,1000,,
32,Multiple_Sclerosis,Tension_Headache,Neuro,confounder_first,2,bilateral_pain; headache; pressing_quality; mild_photophobia; muscle_tension; fatigue; numbness; relapsing_remitting_course; vision_changes; balance_problems; lhermitte_sign,1000,1000,bilateral_pain; headache; pressing_quality; mild_photophobia; muscle_tension,fatigue; numbness; relapsing_remitting_course; vision_changes; balance_problems; lhermitte_sign
32,Multiple_Sclerosis,Tension_Headache,Neuro,target_first,1,fatigue; numbness; relapsing_remitting_course; vision_changes; balance_problems; lhermitte_sign,1000,1000,,
32,Multiple_Sclerosis,Tension_Headache,Neuro,target_first,2,fatigue; numbness; relapsing_remitting_course; vision_changes; balance_problems; lhermitte_sign; bilateral_pain; headache; pressing_quality; mild_photophobia; muscle_tension,1000,1000,fatigue; numbness; relapsing_remitting_course; vision_changes; balance_problems; lhermitte_sign,bilateral_pain; headache; pressing_quality; mild_photophobia; muscle_tension
33,Myasthenia_Gravis,Tension_Headache,Neuro,confounder_first,1,bilateral_pain; headache; pressing_quality; mild_photophobia; muscle_tension,1000,1000,,
33,Myasthenia_Gravis,Tension_Headache,Neuro,confounder_first,2,bilateral_pain; headache; pressing_quality; mild_photophobia; muscle_tension; diplopia; fatigable_weakness; fluctuating_symptoms; ptosis; anti_AChR_antibodies; dysphagia,1000,1000,bilateral_pain; headache; pressing_quality; mild_photophobia; muscle_tension,diplopia; fatigable_weakness; fluctuating_symptoms; ptosis; anti_AChR_antibodies; dysphagia
33,Myasthenia_Gravis,Tension_Headache,Neuro,target_first,1,diplopia; fatigable_weakness; fluctuating_symptoms; ptosis; anti_AChR_antibodies; dysphagia,1000,1000,,
33,Myasthenia_Gravis,Tension_Headache,Neuro,target_first,2,diplopia; fatigable_weakness; fluctuating_symptoms; ptosis; anti_AChR_antibodies; dysphagia; bilateral_pain; headache; pressing_quality; mild_photophobia; muscle_tension,1000,1000,diplopia; fatigable_weakness; fluctuating_symptoms; ptosis; anti_AChR_antibodies; dysphagia,bilateral_pain; headache; pressing_quality; mild_photophobia; muscle_tension
34,Osteoarthritis,Allergic_Rhinitis,Immuno,confounder_first,1,itching; nasal_congestion; sneezing; watery_eyes; clear_rhinorrhea; pale_nasal_mucosa,1000,1000,,
34,Osteoarthritis,Allergic_Rhinitis,Immuno,confounder_first,2,itching; nasal_congestion; sneezing; watery_eyes; clear_rhinorrhea; pale_nasal_mucosa; DIP_involvement; age_over_50; crepitus; joint_pain; Heberden_nodes; bony_enlargement,1000,1000,itching; nasal_congestion; sneezing; watery_eyes; clear_rhinorrhea; pale_nasal_mucosa,DIP_involvement; age_over_50; crepitus; joint_pain; Heberden_nodes; bony_enlargement
34,Osteoarthritis,Allergic_Rhinitis,Immuno,target_first,1,DIP_involvement; age_over_50; crepitus; joint_pain; Heberden_nodes; bony_enlargement,1000,1000,,
34,Osteoarthritis,Allergic_Rhinitis,Immuno,target_first,2,DIP_involvement; age_over_50; crepitus; joint_pain; Heberden_nodes; bony_enlargement; itching; nasal_congestion; sneezing; watery_eyes; clear_rhinorrhea; pale_nasal_mucosa,1000,1000,DIP_involvement; age_over_50; crepitus; joint_pain; Heberden_nodes; bony_enlargement,itching; nasal_congestion; sneezing; watery_eyes; clear_rhinorrhea; pale_nasal_mucosa
35,Parkinsons_Disease,Tension_Headache,Neuro,confounder_first,1,bilateral_pain; headache; pressing_quality; mild_photophobia; muscle_tension,1000,1000,,
35,Parkinsons_Disease,Tension_Headache,Neuro,confounder_first,2,bilateral_pain; headache; pressing_quality; mild_photophobia; muscle_tension; asymmetric_onset; bradykinesia; resting_tremor; rigidity; masked_facies; micrographia,1000,1000,bilateral_pain; headache; pressing_quality; mild_photophobia; muscle_tension,asymmetric_onset; bradykinesia; resting_tremor; rigidity; masked_facies; micrographia
35,Parkinsons_Disease,Tension_Headache,Neuro,target_first,1,asymmetric_onset; bradykinesia; resting_tremor; rigidity; masked_facies; micrographia,1000,1000,,
35,Parkinsons_Disease,Tension_Headache,Neuro,target_first,2,asymmetric_onset; bradykinesia; resting_tremor; rigidity; masked_facies; micrographia; bilateral_pain; headache; pressing_quality; mild_photophobia; muscle_tension,1000,1000,asymmetric_onset; bradykinesia; resting_tremor; rigidity; masked_facies; micrographia,bilateral_pain; headache; pressing_quality; mild_photophobia; muscle_tension
36,Pericarditis,Heart_Failure,Cardio,confounder_first,1,dyspnea; elevated_BNP; fatigue; peripheral_edema; PND; S3_gallop,1000,1000,,
36,Pericarditis,Heart_Failure,Cardio,confounder_first,2,dyspnea; elevated_BNP; fatigue; peripheral_edema; PND; S3_gallop; diffuse_ST_elevation; pain_worse_supine; pericardial_friction_rub; pleuritic_chest_pain; fever; pericardial_effusion,1000,1000,dyspnea; elevated_BNP; fatigue; peripheral_edema; PND; S3_gallop,diffuse_ST_elevation; pain_worse_supine; pericardial_friction_rub; pleuritic_chest_pain; fever; pericardial_effusion
36,Pericarditis,Heart_Failure,Cardio,target_first,1,diffuse_ST_elevation; pain_worse_supine; pericardial_friction_rub; pleuritic_chest_pain; fever; pericardial_effusion,1000,1000,,
36,Pericarditis,Heart_Failure,Cardio,target_first,2,diffuse_ST_elevation; pain_worse_supine; pericardial_friction_rub; pleuritic_chest_pain; fever; pericardial_effusion; dyspnea; elevated_BNP; fatigue; peripheral_edema; PND; S3_gallop,1000,1000,diffuse_ST_elevation; pain_worse_supine; pericardial_friction_rub; pleuritic_chest_pain; fever; pericardial_effusion,dyspnea; elevated_BNP; fatigue; peripheral_edema; PND; S3_gallop
37,Pheochromocytoma,Metabolic_Syndrome,Metabolic,confounder_first,1,central_obesity; high_fasting_glucose; high_triglycerides; hypertension; low_HDL; acanthosis_nigricans; fatty_liver,1000,1000,,
37,Pheochromocytoma,Metabolic_Syndrome,Metabolic,confounder_first,2,central_obesity; high_fasting_glucose; high_triglycerides; hypertension; low_HDL; acanthosis_nigricans; fatty_liver; diaphoresis; elevated_catecholamines; episodic_hypertension; headache; tachycardia; adrenal_mass; anxiety,1000,1000,central_obesity; high_fasting_glucose; high_triglycerides; hypertension; low_HDL; acanthosis_nigricans; fatty_liver,diaphoresis; elevated_catecholamines; episodic_hypertension; headache; tachycardia; adrenal_mass; anxiety
37,Pheochromocytoma,Metabolic_Syndrome,Metabolic,target_first,1,diaphoresis; elevated_catecholamines; episodic_hypertension; headache; tachycardia; adrenal_mass; anxiety,1000,1000,,
37,Pheochromocytoma,Metabolic_Syndrome,Metabolic,target_first,2,diaphoresis; elevated_catecholamines; episodic_hypertension; headache; tachycardia; adrenal_mass; anxiety; central_obesity; high_fasting_glucose; high_triglycerides; hypertension; low_HDL; acanthosis_nigricans; fatty_liver,1000,1000,diaphoresis; elevated_catecholamines; episodic_hypertension; headache; tachycardia; adrenal_mass; anxiety,central_obesity; high_fasting_glucose; high_triglycerides; hypertension; low_HDL; acanthosis_nigricans; fatty_liver
38,Polycythemia_Vera,Iron_Deficiency_Anemia,Hemato,confounder_first,1,fatigue; low_MCV; low_ferritin; pallor; brittle_nails; glossitis,1000,1000,,
38,Polycythemia_Vera,Iron_Deficiency_Anemia,Hemato,confounder_first,2,fatigue; low_MCV; low_ferritin; pallor; brittle_nails; glossitis; JAK2_mutation; elevated_hematocrit; elevated_hemoglobin; splenomegaly; erythromelalgia; headache,1000,1000,fatigue; low_MCV; low_ferritin; pallor; brittle_nails; glossitis,JAK2_mutation; elevated_hematocrit; elevated_hemoglobin; splenomegaly; erythromelalgia; headache
38,Polycythemia_Vera,Iron_Deficiency_Anemia,Hemato,target_first,1,JAK2_mutation; elevated_hematocrit; elevated_hemoglobin; splenomegaly; erythromelalgia; headache,1000,1000,,
38,Polycythemia_Vera,Iron_Deficiency_Anemia,Hemato,target_first,2,JAK2_mutation; elevated_hematocrit; elevated_hemoglobin; splenomegaly; erythromelalgia; headache; fatigue; low_MCV; low_ferritin; pallor; brittle_nails; glossitis,1000,1000,JAK2_mutation; elevated_hematocrit; elevated_hemoglobin; splenomegaly; erythromelalgia; headache,fatigue; low_MCV; low_ferritin; pallor; brittle_nails; glossitis
39,Primary_Hyperaldosteronism,Metabolic_Syndrome,Metabolic,confounder_first,1,central_obesity; high_fasting_glucose; high_triglycerides; hypertension; low_HDL; acanthosis_nigricans; fatty_liver,1000,1000,,
39,Primary_Hyperaldosteronism,Metabolic_Syndrome,Metabolic,confounder_first,2,central_obesity; high_fasting_glucose; high_triglycerides; hypertension; low_HDL; acanthosis_nigricans; fatty_liver; elevated_aldosterone; hypokalemia; low_renin; adrenal_mass; metabolic_alkalosis,1000,1000,central_obesity; high_fasting_glucose; high_triglycerides; hypertension; low_HDL; acanthosis_nigricans; fatty_liver,elevated_aldosterone; hypertension; hypokalemia; low_renin; adrenal_mass; metabolic_alkalosis
39,Primary_Hyperaldosteronism,Metabolic_Syndrome,Metabolic,target_first,1,elevated_aldosterone; hypertension; hypokalemia; low_renin; adrenal_mass; metabolic_alkalosis,1000,1000,,
39,Primary_Hyperaldosteronism,Metabolic_Syndrome,Metabolic,target_first,2,elevated_aldosterone; hypertension; hypokalemia; low_renin; adrenal_mass; metabolic_alkalosis; central_obesity; high_fasting_glucose; high_triglycerides; low_HDL; acanthosis_nigricans; fatty_liver,1000,1000,elevated_aldosterone; hypertension; hypokalemia; low_renin; adrenal_mass; metabolic_alkalosis,central_obesity; high_fasting_glucose; high_triglycerides; hypertension; low_HDL; acanthosis_nigricans; fatty_liver
40,Psoriatic_Arthritis,Allergic_Rhinitis,Immuno,confounder_first,1,itching; nasal_congestion; sneezing; watery_eyes; clear_rhinorrhea; pale_nasal_mucosa,1000,1000,,
40,Psoriatic_Arthritis,Allergic_Rhinitis,Immuno,confounder_first,2,itching; nasal_congestion; sneezing; watery_eyes; clear_rhinorrhea; pale_nasal_mucosa; dactylitis; joint_pain; psoriasis; DIP_involvement; asymmetric_joint,1000,1000,itching; nasal_congestion; sneezing; watery_eyes; clear_rhinorrhea; pale_nasal_mucosa,dactylitis; joint_pain; psoriasis; DIP_involvement; asymmetric_joint
40,Psoriatic_Arthritis,Allergic_Rhinitis,Immuno,target_first,1,dactylitis; joint_pain; psoriasis; DIP_involvement; asymmetric_joint,1000,1000,,
40,Psoriatic_Arthritis,Allergic_Rhinitis,Immuno,target_first,2,dactylitis; joint_pain; psoriasis; DIP_involvement; asymmetric_joint; itching; nasal_congestion; sneezing; watery_eyes; clear_rhinorrhea; pale_nasal_mucosa,1000,1000,dactylitis; joint_pain; psoriasis; DIP_involvement; asymmetric_joint,itching; nasal_congestion; sneezing; watery_eyes; clear_rhinorrhea; pale_nasal_mucosa
41,Pulmonary_Embolism,Heart_Failure,Cardio,confounder_first,1,dyspnea; elevated_BNP; fatigue; peripheral_edema; PND; S3_gallop,1000,1000,,
41,Pulmonary_Embolism,Heart_Failure,Cardio,confounder_first,2,dyspnea; elevated_BNP; fatigue; peripheral_edema; PND; S3_gallop; elevated_D_dimer; pleuritic_chest_pain; sudden_dyspnea; tachycardia; Wells_score_high; hemoptysis,1000,1000,dyspnea; elevated_BNP; fatigue; peripheral_edema; PND; S3_gallop,elevated_D_dimer; pleuritic_chest_pain; sudden_dyspnea; tachycardia; Wells_score_high; hemoptysis
41,Pulmonary_Embolism,Heart_Failure,Cardio,target_first,1,elevated_D_dimer; pleuritic_chest_pain; sudden_dyspnea; tachycardia; Wells_score_high; hemoptysis,1000,1000,,
41,Pulmonary_Embolism,Heart_Failure,Cardio,target_first,2,elevated_D_dimer; pleuritic_chest_pain; sudden_dyspnea; tachycardia; Wells_score_high; hemoptysis; dyspnea; elevated_BNP; fatigue; peripheral_edema; PND; S3_gallop,1000,1000,elevated_D_dimer; pleuritic_chest_pain; sudden_dyspnea; tachycardia; Wells_score_high; hemoptysis,dyspnea; elevated_BNP; fatigue; peripheral_edema; PND; S3_gallop
42,Pulmonary_Fibrosis,COPD,Pulmo,confounder_first,1,chronic_cough; chronic_dyspnea; smoking_history; sputum_production; FEV1_reduced; barrel_chest,1000,1000,,
42,Pulmonary_Fibrosis,COPD,Pulmo,confounder_first,2,chronic_cough; chronic_dyspnea; smoking_history; sputum_production; FEV1_reduced; barrel_chest; dry_cough; honeycombing_on_CT; progressive_dyspnea; velcro_crackles; age_over_50; clubbing,1000,1000,chronic_cough; chronic_dyspnea; smoking_history; sputum_production; FEV1_reduced; barrel_chest,dry_cough; honeycombing_on_CT; progressive_dyspnea; velcro_crackles; age_over_50; clubbing
42,Pulmonary_Fibrosis,COPD,Pulmo,target_first,1,dry_cough; honeycombing_on_CT; progressive_dyspnea; velcro_crackles; age_over_50; clubbing,1000,1000,,
42,Pulmonary_Fibrosis,COPD,Pulmo,target_first,2,dry_cough; honeycombing_on_CT; progressive_dyspnea; velcro_crackles; age_over_50; clubbing; chronic_cough; chronic_dyspnea; smoking_history; sputum_production; FEV1_reduced; barrel_chest,1000,1000,dry_cough; honeycombing_on_CT; progressive_dyspnea; velcro_crackles; age_over_50; clubbing,chronic_cough; chronic_dyspnea; smoking_history; sputum_production; FEV1_reduced; barrel_chest
43,Reactive_Arthritis,Allergic_Rhinitis,Immuno,confounder_first,1,itching; nasal_congestion; sneezing; watery_eyes; clear_rhinorrhea; pale_nasal_mucosa,1000,1000,,
43,Reactive_Arthritis,Allergic_Rhinitis,Immuno,confounder_first,2,itching; nasal_congestion; sneezing; watery_eyes; clear_rhinorrhea; pale_nasal_mucosa; asymmetric_joint; conjunctivitis; preceding_infection; urethritis; HLA_B27; dactylitis,1000,1000,itching; nasal_congestion; sneezing; watery_eyes; clear_rhinorrhea; pale_nasal_mucosa,asymmetric_joint; conjunctivitis; preceding_infection; urethritis; HLA_B27; dactylitis
43,Reactive_Arthritis,Allergic_Rhinitis,Immuno,target_first,1,asymmetric_joint; conjunctivitis; preceding_infection; urethritis; HLA_B27; dactylitis,1000,1000,,
43,Reactive_Arthritis,Allergic_Rhinitis,Immuno,target_first,2,asymmetric_joint; conjunctivitis; preceding_infection; urethritis; HLA_B27; dactylitis; itching; nasal_congestion; sneezing; watery_eyes; clear_rhinorrhea; pale_nasal_mucosa,1000,1000,asymmetric_joint; conjunctivitis; preceding_infection; urethritis; HLA_B27; dactylitis,itching; nasal_congestion; sneezing; watery_eyes; clear_rhinorrhea; pale_nasal_mucosa
44,Rheumatoid_Arthritis,Allergic_Rhinitis,Immuno,confounder_first,1,itching; nasal_congestion; sneezing; watery_eyes; clear_rhinorrhea; pale_nasal_mucosa,1000,1000,,
44,Rheumatoid_Arthritis,Allergic_Rhinitis,Immuno,confounder_first,2,itching; nasal_congestion; sneezing; watery_eyes; clear_rhinorrhea; pale_nasal_mucosa; joint_pain; morning_stiffness_over_1hr; positive_RF; symmetric_swelling; MCP_PIP_involvement; elevated_ESR,1000,1000,itching; nasal_congestion; sneezing; watery_eyes; clear_rhinorrhea; pale_nasal_mucosa,joint_pain; morning_stiffness_over_1hr; positive_RF; symmetric_swelling; MCP_PIP_involvement; elevated_ESR
44,Rheumatoid_Arthritis,Allergic_Rhinitis,Immuno,target_first,1,joint_pain; morning_stiffness_over_1hr; positive_RF; symmetric_swelling; MCP_PIP_involvement; elevated_ESR,1000,1000,,
44,Rheumatoid_Arthritis,Allergic_Rhinitis,Immuno,target_first,2,joint_pain; morning_stiffness_over_1hr; positive_RF; symmetric_swelling; MCP_PIP_involvement; elevated_ESR; itching; nasal_congestion; sneezing; watery_eyes; clear_rhinorrhea; pale_nasal_mucosa,1000,1000,joint_pain; morning_stiffness_over_1hr; positive_RF; symmetric_swelling; MCP_PIP_involvement; elevated_ESR,itching; nasal_congestion; sneezing; watery_eyes; clear_rhinorrhea; pale_nasal_mucosa
45,Sarcoidosis,Allergic_Rhinitis,Immuno,confounder_first,1,itching; nasal_congestion; sneezing; watery_eyes; clear_rhinorrhea; pale_nasal_mucosa,1000,1000,,
45,Sarcoidosis,Allergic_Rhinitis,Immuno,confounder_first,2,itching; nasal_congestion; sneezing; watery_eyes; clear_rhinorrhea; pale_nasal_mucosa; bilateral_hilar_lymphadenopathy; fatigue; noncaseating_granulomas; cough; elevated_ACE,1000,1000,itching; nasal_congestion; sneezing; watery_eyes; clear_rhinorrhea; pale_nasal_mucosa,bilateral_hilar_lymphadenopathy; fatigue; noncaseating_granulomas; cough; elevated_ACE
45,Sarcoidosis,Allergic_Rhinitis,Immuno,target_first,1,bilateral_hilar_lymphadenopathy; fatigue; noncaseating_granulomas; cough; elevated_ACE,1000,1000,,
45,Sarcoidosis,Allergic_Rhinitis,Immuno,target_first,2,bilateral_hilar_lymphadenopathy; fatigue; noncaseating_granulomas; cough; elevated_ACE; itching; nasal_congestion; sneezing; watery_eyes; clear_rhinorrhea; pale_nasal_mucosa,1000,1000,bilateral_hilar_lymphadenopathy; fatigue; noncaseating_granulomas; cough; elevated_ACE,itching; nasal_congestion; sneezing; watery_eyes; clear_rhinorrhea; pale_nasal_mucosa
46,Sarcoidosis_Pulmo,COPD,Pulmo,confounder_first,1,chronic_cough; chronic_dyspnea; smoking_history; sputum_production; FEV1_reduced; barrel_chest,1000,1000,,
46,Sarcoidosis_Pulmo,COPD,Pulmo,confounder_first,2,chronic_cough; chronic_dyspnea; smoking_history; sputum_production; FEV1_reduced; barrel_chest; bilateral_hilar_lymphadenopathy; noncaseating_granulomas; elevated_ACE; erythema_nodosum,1000,1000,chronic_cough; chronic_dyspnea; smoking_history; sputum_production; FEV1_reduced; barrel_chest,bilateral_hilar_lymphadenopathy; chronic_cough; noncaseating_granulomas; elevated_ACE; erythema_nodosum
46,Sarcoidosis_Pulmo,COPD,Pulmo,target_first,1,bilateral_hilar_lymphadenopathy; chronic_cough; noncaseating_granulomas; elevated_ACE; erythema_nodosum,1000,1000,,
46,Sarcoidosis_Pulmo,COPD,Pulmo,target_first,2,bilateral_hilar_lymphadenopathy; chronic_cough; noncaseating_granulomas; elevated_ACE; erythema_nodosum; chronic_dyspnea; smoking_history; sputum_production; FEV1_reduced; barrel_chest,1000,1000,bilateral_hilar_lymphadenopathy; chronic_cough; noncaseating_granulomas; elevated_ACE; erythema_nodosum,chronic_cough; chronic_dyspnea; smoking_history; sputum_production; FEV1_reduced; barrel_chest
47,Sickle_Cell_Disease,Iron_Deficiency_Anemia,Hemato,confounder_first,1,fatigue; low_MCV; low_ferritin; pallor; brittle_nails; glossitis,1000,1000,,
47,Sickle_Cell_Disease,Iron_Deficiency_Anemia,Hemato,confounder_first,2,fatigue; low_MCV; low_ferritin; pallor; brittle_nails; glossitis; HbS_on_electrophoresis; chronic_hemolytic_anemia; pain_crisis; sickle_cells; African_descent; dactylitis,1000,1000,fatigue; low_MCV; low_ferritin; pallor; brittle_nails; glossitis,HbS_on_electrophoresis; chronic_hemolytic_anemia; pain_crisis; sickle_cells; African_descent; dactylitis
47,Sickle_Cell_Disease,Iron_Deficiency_Anemia,Hemato,target_first,1,HbS_on_electrophoresis; chronic_hemolytic_anemia; pain_crisis; sickle_cells; African_descent; dactylitis,1000,1000,,
47,Sickle_Cell_Disease,Iron_Deficiency_Anemia,Hemato,target_first,2,HbS_on_electrophoresis; chronic_hemolytic_anemia; pain_crisis; sickle_cells; African_descent; dactylitis; fatigue; low_MCV; low_ferritin; pallor; brittle_nails; glossitis,1000,1000,HbS_on_electrophoresis; chronic_hemolytic_anemia; pain_crisis; sickle_cells; African_descent; dactylitis,fatigue; low_MCV; low_ferritin; pallor; brittle_nails; glossitis
48,Sjogren_Syndrome,Allergic_Rhinitis,Immuno,confounder_first,1,itching; nasal_congestion; sneezing; watery_eyes; clear_rhinorrhea; pale_nasal_mucosa,1000,1000,,
48,Sjogren_Syndrome,Allergic_Rhinitis,Immuno,confounder_first,2,itching; nasal_congestion; sneezing; watery_eyes; clear_rhinorrhea; pale_nasal_mucosa; dry_eyes; dry_mouth; positive_anti_SSA; positive_anti_SSB; dental_caries; fatigue,1000,1000,itching; nasal_congestion; sneezing; watery_eyes; clear_rhinorrhea; pale_nasal_mucosa,dry_eyes; dry_mouth; positive_anti_SSA; positive_anti_SSB; dental_caries; fatigue
48,Sjogren_Syndrome,Allergic_Rhinitis,Immuno,target_first,1,dry_eyes; dry_mouth; positive_anti_SSA; positive_anti_SSB; dental_caries; fatigue,1000,1000,,
48,Sjogren_Syndrome,Allergic_Rhinitis,Immuno,target_first,2,dry_eyes; dry_mouth; positive_anti_SSA; positive_anti_SSB; dental_caries; fatigue; itching; nasal_congestion; sneezing; watery_eyes; clear_rhinorrhea; pale_nasal_mucosa,1000,1000,dry_eyes; dry_mouth; positive_anti_SSA; positive_anti_SSB; dental_caries; fatigue,itching; nasal_congestion; sneezing; watery_eyes; clear_rhinorrhea; pale_nasal_mucosa
49,Stroke_Ischemic,Tension_Headache,Neuro,confounder_first,1,bilateral_pain; headache; pressing_quality; mild_photophobia; muscle_tension,1000,1000,,
49,Stroke_Ischemic,Tension_Headache,Neuro,confounder_first,2,bilateral_pain; headache; pressing_quality; mild_photophobia; muscle_tension; focal_neuro_deficit; speech_difficulty; sudden_onset; arm_weakness; atrial_fibrillation,1000,1000,bilateral_pain; headache; pressing_quality; mild_photophobia; muscle_tension,focal_neuro_deficit; speech_difficulty; sudden_onset; arm_weakness; atrial_fibrillation
49,Stroke_Ischemic,Tension_Headache,Neuro,target_first,1,focal_neuro_deficit; speech_difficulty; sudden_onset; arm_weakness; atrial_fibrillation,1000,1000,,
49,Stroke_Ischemic,Tension_Headache,Neuro,target_first,2,focal_neuro_deficit; speech_difficulty; sudden_onset; arm_weakness; atrial_fibrillation; bilateral_pain; headache; pressing_quality; mild_photophobia; muscle_tension,1000,1000,focal_neuro_deficit; speech_difficulty; sudden_onset; arm_weakness; atrial_fibrillation,bilateral_pain; headache; pressing_quality; mild_photophobia; muscle_tension
50,Subarachnoid_Hemorrhage,Tension_Headache,Neuro,confounder_first,1,bilateral_pain; headache; pressing_quality; mild_photophobia; muscle_tension,1000,1000,,
50,Subarachnoid_Hemorrhage,Tension_Headache,Neuro,confounder_first,2,bilateral_pain; headache; pressing_quality; mild_photophobia; muscle_tension; neck_stiffness; sudden_onset; thunderclap_headache; worst_headache_of_life; loss_of_consciousness; nausea,1000,1000,bilateral_pain; headache; pressing_quality; mild_photophobia; muscle_tension,neck_stiffness; sudden_onset; thunderclap_headache; worst_headache_of_life; loss_of_consciousness; nausea
50,Subarachnoid_Hemorrhage,Tension_Headache,Neuro,target_first,1,neck_stiffness; sudden_onset; thunderclap_headache; worst_headache_of_life; loss_of_consciousness; nausea,1000,1000,,
50,Subarachnoid_Hemorrhage,Tension_Headache,Neuro,target_first,2,neck_stiffness; sudden_onset; thunderclap_headache; worst_headache_of_life; loss_of_consciousness; nausea; bilateral_pain; headache; pressing_quality; mild_photophobia; muscle_tension,1000,1000,neck_stiffness; sudden_onset; thunderclap_headache; worst_headache_of_life; loss_of_consciousness; nausea,bilateral_pain; headache; pressing_quality; mild_photophobia; muscle_tension
51,Systemic_Lupus,Allergic_Rhinitis,Immuno,confounder_first,1,itching; nasal_congestion; sneezing; watery_eyes; clear_rhinorrhea; pale_nasal_mucosa,1000,1000,,
51,Systemic_Lupus,Allergic_Rhinitis,Immuno,confounder_first,2,itching; nasal_congestion; sneezing; watery_eyes; clear_rhinorrhea; pale_nasal_mucosa; joint_pain; malar_rash; photosensitivity; positive_ANA; cytopenias; fatigue,1000,1000,itching; nasal_congestion; sneezing; watery_eyes; clear_rhinorrhea; pale_nasal_mucosa,joint_pain; malar_rash; photosensitivity; positive_ANA; cytopenias; fatigue
51,Systemic_Lupus,Allergic_Rhinitis,Immuno,target_first,1,joint_pain; malar_rash; photosensitivity; positive_ANA; cytopenias; fatigue,1000,1000,,
51,Systemic_Lupus,Allergic_Rhinitis,Immuno,target_first,2,joint_pain; malar_rash; photosensitivity; positive_ANA; cytopenias; fatigue; itching; nasal_congestion; sneezing; watery_eyes; clear_rhinorrhea; pale_nasal_mucosa,1000,1000,joint_pain; malar_rash; photosensitivity; positive_ANA; cytopenias; fatigue,itching; nasal_congestion; sneezing; watery_eyes; clear_rhinorrhea; pale_nasal_mucosa
52,T1_Diabetes,Metabolic_Syndrome,Metabolic,confounder_first,1,central_obesity; high_fasting_glucose; high_triglycerides; hypertension; low_HDL; acanthosis_nigricans; fatty_liver,1000,1000,,
52,T1_Diabetes,Metabolic_Syndrome,Metabolic,confounder_first,2,central_obesity; high_fasting_glucose; high_triglycerides; hypertension; low_HDL; acanthosis_nigricans; fatty_liver; ketoacidosis; polydipsia; polyuria; young_age; autoantibodies_positive; thin_body_habitus,1000,1000,central_obesity; high_fasting_glucose; high_triglycerides; hypertension; low_HDL; acanthosis_nigricans; fatty_liver,high_fasting_glucose; ketoacidosis; polydipsia; polyuria; young_age; autoantibodies_positive; thin_body_habitus
52,T1_Diabetes,Metabolic_Syndrome,Metabolic,target_first,1,high_fasting_glucose; ketoacidosis; polydipsia; polyuria; young_age; autoantibodies_positive; thin_body_habitus,1000,1000,,
52,T1_Diabetes,Metabolic_Syndrome,Metabolic,target_first,2,high_fasting_glucose; ketoacidosis; polydipsia; polyuria; young_age; autoantibodies_positive; thin_body_habitus; central_obesity; high_triglycerides; hypertension; low_HDL; acanthosis_nigricans; fatty_liver,1000,1000,high_fasting_glucose; ketoacidosis; polydipsia; polyuria; young_age; autoantibodies_positive; thin_body_habitus,central_obesity; high_fasting_glucose; high_triglycerides; hypertension; low_HDL; acanthosis_nigricans; fatty_liver
53,T2_Diabetes,Metabolic_Syndrome,Metabolic,confounder_first,1,central_obesity; high_fasting_glucose; high_triglycerides; hypertension; low_HDL; acanthosis_nigricans; fatty_liver,1000,1000,,
53,T2_Diabetes,Metabolic_Syndrome,Metabolic,confounder_first,2,central_obesity; high_fasting_glucose; high_triglycerides; hypertension; low_HDL; acanthosis_nigricans; fatty_liver; HbA1c_elevated; polydipsia; polyuria; blurred_vision,1000,1000,central_obesity; high_fasting_glucose; high_triglycerides; hypertension; low_HDL; acanthosis_nigricans; fatty_liver,HbA1c_elevated; high_fasting_glucose; polydipsia; polyuria; acanthosis_nigricans; blurred_vision
53,T2_Diabetes,Metabolic_Syndrome,Metabolic,target_first,1,HbA1c_elevated; high_fasting_glucose; polydipsia; polyuria; acanthosis_nigricans; blurred_vision,1000,1000,,
53,T2_Diabetes,Metabolic_Syndrome,Metabolic,target_first,2,HbA1c_elevated; high_fasting_glucose; polydipsia; polyuria; acanthosis_nigricans; blurred_vision; central_obesity; high_triglycerides; hypertension; low_HDL; fatty_liver,1000,1000,HbA1c_elevated; high_fasting_glucose; polydipsia; polyuria; acanthosis_nigricans; blurred_vision,central_obesity; high_fasting_glucose; high_triglycerides; hypertension; low_HDL; acanthosis_nigricans; fatty_liver
54,TTP,Iron_Deficiency_Anemia,Hemato,confounder_first,1,fatigue; low_MCV; low_ferritin; pallor; brittle_nails; glossitis,1000,1000,,
54,TTP,Iron_Deficiency_Anemia,Hemato,confounder_first,2,fatigue; low_MCV; low_ferritin; pallor; brittle_nails; glossitis; fever; microangiopathic_hemolytic_anemia; neurologic_symptoms; schistocytes; thrombocytopenia; elevated_LDH; low_ADAMTS13,1000,1000,fatigue; low_MCV; low_ferritin; pallor; brittle_nails; glossitis,fever; microangiopathic_hemolytic_anemia; neurologic_symptoms; schistocytes; thrombocytopenia; elevated_LDH; low_ADAMTS13
54,TTP,Iron_Deficiency_Anemia,Hemato,target_first,1,fever; microangiopathic_hemolytic_anemia; neurologic_symptoms; schistocytes; thrombocytopenia; elevated_LDH; low_ADAMTS13,1000,1000,,
54,TTP,Iron_Deficiency_Anemia,Hemato,target_first,2,fever; microangiopathic_hemolytic_anemia; neurologic_symptoms; schistocytes; thrombocytopenia; elevated_LDH; low_ADAMTS13; fatigue; low_MCV; low_ferritin; pallor; brittle_nails; glossitis,1000,1000,fever; microangiopathic_hemolytic_anemia; neurologic_symptoms; schistocytes; thrombocytopenia; elevated_LDH; low_ADAMTS13,fatigue; low_MCV; low_ferritin; pallor; brittle_nails; glossitis
55,Tension_Headache,Migraine,Neuro,confounder_first,1,headache; nausea; photophobia; aura; duration_4_72hrs,1000,1000,,
55,Tension_Headache,Migraine,Neuro,confounder_first,2,headache; nausea; photophobia; aura; duration_4_72hrs; bilateral_pain; pressing_quality; mild_photophobia; muscle_tension,1000,1000,headache; nausea; photophobia; aura; duration_4_72hrs,bilateral_pain; headache; pressing_quality; mild_photophobia; muscle_tension
55,Tension_Headache,Migraine,Neuro,target_first,1,bilateral_pain; headache; pressing_quality; mild_photophobia; muscle_tension,1000,1000,,
55,Tension_Headache,Migraine,Neuro,target_first,2,bilateral_pain; headache; pressing_quality; mild_photophobia; muscle_tension; nausea; photophobia; aura; duration_4_72hrs,1000,1000,bilateral_pain; headache; pressing_quality; mild_photophobia; muscle_tension,headache; nausea; photophobia; aura; duration_4_72hrs
56,Thalassemia_Trait,Iron_Deficiency_Anemia,Hemato,confounder_first,1,fatigue; low_MCV; low_ferritin; pallor; brittle_nails; glossitis,1000,1000,,
56,Thalassemia_Trait,Iron_Deficiency_Anemia,Hemato,confounder_first,2,fatigue; low_MCV; low_ferritin; pallor; brittle_nails; glossitis; mild_anemia; normal_RDW; normal_ferritin; target_cells; Mediterranean_descent; family_history,1000,1000,fatigue; low_MCV; low_ferritin; pallor; brittle_nails; glossitis,low_MCV; mild_anemia; normal_RDW; normal_ferritin; target_cells; Mediterranean_descent; family_history
56,Thalassemia_Trait,Iron_Deficiency_Anemia,Hemato,target_first,1,low_MCV; mild_anemia; normal_RDW; normal_ferritin; target_cells; Mediterranean_descent; family_history,1000,1000,,
56,Thalassemia_Trait,Iron_Deficiency_Anemia,Hemato,target_first,2,low_MCV; mild_anemia; normal_RDW; normal_ferritin; target_cells; Mediterranean_descent; family_history; fatigue; low_ferritin; pallor; brittle_nails; glossitis,1000,1000,low_MCV; mild_anemia; normal_RDW; normal_ferritin; target_cells; Mediterranean_descent; family_history,fatigue; low_MCV; low_ferritin; pallor; brittle_nails; glossitis
57,Tuberculosis,COPD,Pulmo,confounder_first,1,chronic_cough; chronic_dyspnea; smoking_history; sputum_production; FEV1_reduced; barrel_chest,1000,1000,,
57,Tuberculosis,COPD,Pulmo,confounder_first,2,chronic_cough; chronic_dyspnea; smoking_history; sputum_production; FEV1_reduced; barrel_chest; night_sweats; positive_AFB; weight_loss_rapid; fever; hemoptysis,1000,1000,chronic_cough; chronic_dyspnea; smoking_history; sputum_production; FEV1_reduced; barrel_chest,chronic_cough; night_sweats; positive_AFB; weight_loss_rapid; fever; hemoptysis
57,Tuberculosis,COPD,Pulmo,target_first,1,chronic_cough; night_sweats; positive_AFB; weight_loss_rapid; fever; hemoptysis,1000,1000,,
57,Tuberculosis,COPD,Pulmo,target_first,2,chronic_cough; night_sweats; positive_AFB; weight_loss_rapid; fever; hemoptysis; chronic_dyspnea; smoking_history; sputum_production; FEV1_reduced; barrel_chest,1000,1000,chronic_cough; night_sweats; positive_AFB; weight_loss_rapid; fever; hemoptysis,chronic_cough; chronic_dyspnea; smoking_history; sputum_production; FEV1_reduced; barrel_chest
58,Infective_Endocarditis,Heart_Failure,Cardio,confounder_first,1,dyspnea; elevated_BNP; fatigue; peripheral_edema; PND; S3_gallop,1000,1000,,
58,Infective_Endocarditis,Heart_Failure,Cardio,confounder_first,2,dyspnea; elevated_BNP; fatigue; peripheral_edema; PND; S3_gallop; fever_persistent; new_heart_murmur; positive_blood_cultures; Janeway_lesions; Osler_nodes,1000,1000,dyspnea; elevated_BNP; fatigue; peripheral_edema; PND; S3_gallop,fever_persistent; new_heart_murmur; positive_blood_cultures; Janeway_lesions; Osler_nodes
58,Infective_Endocarditis,Heart_Failure,Cardio,target_first,1,fever_persistent; new_heart_murmur; positive_blood_cultures; Janeway_lesions; Osler_nodes,1000,1000,,
58,Infective_Endocarditis,Heart_Failure,Cardio,target_first,2,fever_persistent; new_heart_murmur; positive_blood_cultures; Janeway_lesions; Osler_nodes; dyspnea; elevated_BNP; fatigue; peripheral_edema; PND; S3_gallop,1000,1000,fever_persistent; new_heart_murmur; positive_blood_cultures; Janeway_lesions; Osler_nodes,dyspnea; elevated_BNP; fatigue; peripheral_edema; PND; S3_gallop
59,Pneumothorax,COPD,Pulmo,confounder_first,1,chronic_cough; chronic_dyspnea; smoking_history; sputum_production; FEV1_reduced; barrel_chest,1000,1000,,
59,Pneumothorax,COPD,Pulmo,confounder_first,2,chronic_cough; chronic_dyspnea; smoking_history; sputum_production; FEV1_reduced; barrel_chest; decreased_breath_sounds_unilateral; dyspnea_sudden_onset; sudden_pleuritic_chest_pain; hyperresonance_to_percussion; tall_thin_body_habitus,1000,1000,chronic_cough; chronic_dyspnea; smoking_history; sputum_production; FEV1_reduced; barrel_chest,decreased_breath_sounds_unilateral; dyspnea_sudden_onset; sudden_pleuritic_chest_pain; hyperresonance_to_percussion; tall_thin_body_habitus
59,Pneumothorax,COPD,Pulmo,target_first,1,decreased_breath_sounds_unilateral; dyspnea_sudden_onset; sudden_pleuritic_chest_pain; hyperresonance_to_percussion; tall_thin_body_habitus,1000,1000,,
59,Pneumothorax,COPD,Pulmo,target_first,2,decreased_breath_sounds_unilateral; dyspnea_sudden_onset; sudden_pleuritic_chest_pain; hyperresonance_to_percussion; tall_thin_body_habitus; chronic_cough; chronic_dyspnea; smoking_history; sputum_production; FEV1_reduced; barrel_chest,1000,1000,decreased_breath_sounds_unilateral; dyspnea_sudden_onset; sudden_pleuritic_chest_pain; hyperresonance_to_percussion; tall_thin_body_habitus,chronic_cough; chronic_dyspnea; smoking_history; sputum_production; FEV1_reduced; barrel_chest
60,Trigeminal_Neuralgia,Tension_Headache,Neuro,confounder_first,1,bilateral_pain; headache; pressing_quality; mild_photophobia; muscle_tension,1000,1000,,
60,Trigeminal_Neuralgia,Tension_Headache,Neuro,confounder_first,2,bilateral_pain; headache; pressing_quality; mild_photophobia; muscle_tension; paroxysmal_facial_pain; trigger_zone_present; unilateral_facial_distribution; brief_episodes_seconds; normal_neuro_exam_between_episodes,1000,1000,bilateral_pain; headache; pressing_quality; mild_photophobia; muscle_tension,paroxysmal_facial_pain; trigger_zone_present; unilateral_facial_distribution; brief_episodes_seconds; normal_neuro_exam_between_episodes
60,Trigeminal_Neuralgia,Tension_Headache,Neuro,target_first,1,paroxysmal_facial_pain; trigger_zone_present; unilateral_facial_distribution; brief_episodes_seconds; normal_neuro_exam_between_episodes,1000,1000,,
60,Trigeminal_Neuralgia,Tension_Headache,Neuro,target_first,2,paroxysmal_facial_pain; trigger_zone_present; unilateral_facial_distribution; brief_episodes_seconds; normal_neuro_exam_between_episodes; bilateral_pain; headache; pressing_quality; mild_photophobia; muscle_tension,1000,1000,paroxysmal_facial_pain; trigger_zone_present; unilateral_facial_distribution; brief_episodes_seconds; normal_neuro_exam_between_episodes,bilateral_pain; headache; pressing_quality; mild_photophobia; muscle_tension
61,Diabetic_Ketoacidosis,Metabolic_Syndrome,Metabolic,confounder_first,1,central_obesity; high_fasting_glucose; high_triglycerides; hypertension; low_HDL; acanthosis_nigricans; fatty_liver,1000,1000,,
61,Diabetic_Ketoacidosis,Metabolic_Syndrome,Metabolic,confounder_first,2,central_obesity; high_fasting_glucose; high_triglycerides; hypertension; low_HDL; acanthosis_nigricans; fatty_liver; hyperglycemia_severe; ketonemia; metabolic_acidosis; fruity_breath_odor; kussmaul_breathing,1000,1000,central_obesity; high_fasting_glucose; high_triglycerides; hypertension; low_HDL; acanthosis_nigricans; fatty_liver,hyperglycemia_severe; ketonemia; metabolic_acidosis; fruity_breath_odor; kussmaul_breathing
61,Diabetic_Ketoacidosis,Metabolic_Syndrome,Metabolic,target_first,1,hyperglycemia_severe; ketonemia; metabolic_acidosis; fruity_breath_odor; kussmaul_breathing,1000,1000,,
61,Diabetic_Ketoacidosis,Metabolic_Syndrome,Metabolic,target_first,2,hyperglycemia_severe; ketonemia; metabolic_acidosis; fruity_breath_odor; kussmaul_breathing; central_obesity; high_fasting_glucose; high_triglycerides; hypertension; low_HDL; acanthosis_nigricans; fatty_liver,1000,1000,hyperglycemia_severe; ketonemia; metabolic_acidosis; fruity_breath_odor; kussmaul_breathing,central_obesity; high_fasting_glucose; high_triglycerides; hypertension; low_HDL; acanthosis_nigricans; fatty_liver
62,Anaphylaxis,Allergic_Rhinitis,Immuno,confounder_first,1,itching; nasal_congestion; sneezing; watery_eyes; clear_rhinorrhea; pale_nasal_mucosa,1000,1000,,
62,Anaphylaxis,Allergic_Rhinitis,Immuno,confounder_first,2,itching; nasal_congestion; sneezing; watery_eyes; clear_rhinorrhea; pale_nasal_mucosa; acute_onset_after_exposure; airway_compromise_or_hypotension; urticaria_acute; angioedema; recent_allergen_exposure,1000,1000,itching; nasal_congestion; sneezing; watery_eyes; clear_rhinorrhea; pale_nasal_mucosa,acute_onset_after_exposure; airway_compromise_or_hypotension; urticaria_acute; angioedema; recent_allergen_exposure
62,Anaphylaxis,Allergic_Rhinitis,Immuno,target_first,1,acute_onset_after_exposure; airway_compromise_or_hypotension; urticaria_acute; angioedema; recent_allergen_exposure,1000,1000,,
62,Anaphylaxis,Allergic_Rhinitis,Immuno,target_first,2,acute_onset_after_exposure; airway_compromise_or_hypotension; urticaria_acute; angioedema; recent_allergen_exposure; itching; nasal_congestion; sneezing; watery_eyes; clear_rhinorrhea; pale_nasal_mucosa,1000,1000,acute_onset_after_exposure; airway_compromise_or_hypotension; urticaria_acute; angioedema; recent_allergen_exposure,itching; nasal_congestion; sneezing; watery_eyes; clear_rhinorrhea; pale_nasal_mucosa
63,Disseminated_Intravascular_Coagulation,Iron_Deficiency_Anemia,Hemato,confounder_first,1,fatigue; low_MCV; low_ferritin; pallor; brittle_nails; glossitis,1000,1000,,
63,Disseminated_Intravascular_Coagulation,Iron_Deficiency_Anemia,Hemato,confounder_first,2,fatigue; low_MCV; low_ferritin; pallor; brittle_nails; glossitis; concurrent_bleeding_and_clotting; elevated_D_dimer; low_fibrinogen; schistocytes_on_smear; thrombocytopenia_acute,1000,1000,fatigue; low_MCV; low_ferritin; pallor; brittle_nails; glossitis,concurrent_bleeding_and_clotting; elevated_D_dimer; low_fibrinogen; schistocytes_on_smear; thrombocytopenia_acute
63,Disseminated_Intravascular_Coagulation,Iron_Deficiency_Anemia,Hemato,target_first,1,concurrent_bleeding_and_clotting; elevated_D_dimer; low_fibrinogen; schistocytes_on_smear; thrombocytopenia_acute,1000,1000,,
63,Disseminated_Intravascular_Coagulation,Iron_Deficiency_Anemia,Hemato,target_first,2,concurrent_bleeding_and_clotting; elevated_D_dimer; low_fibrinogen; schistocytes_on_smear; thrombocytopenia_acute; fatigue; low_MCV; low_ferritin; pallor; brittle_nails; glossitis,1000,1000,concurrent_bleeding_and_clotting; elevated_D_dimer; low_fibrinogen; schistocytes_on_smear; thrombocytopenia_acute,fatigue; low_MCV; low_ferritin; pallor; brittle_nails; glossitis
64,Acute_Kidney_Injury,Nephrolithiasis,Renal,confounder_first,1,colicky_flank_pain; microscopic_or_gross_hematuria; pain_radiating_to_groin; dysuria; nausea_with_pain,1000,1000,,
64,Acute_Kidney_Injury,Nephrolithiasis,Renal,confounder_first,2,colicky_flank_pain; microscopic_or_gross_hematuria; pain_radiating_to_groin; dysuria; nausea_with_pain; fluid_overload; oliguria; rising_creatinine; hyperkalemia; metabolic_acidosis_renal,1000,1000,colicky_flank_pain; microscopic_or_gross_hematuria; pain_radiating_to_groin; dysuria; nausea_with_pain,fluid_overload; oliguria; rising_creatinine; hyperkalemia; metabolic_acidosis_renal
64,Acute_Kidney_Injury,Nephrolithiasis,Renal,target_first,1,fluid_overload; oliguria; rising_creatinine; hyperkalemia; metabolic_acidosis_renal,1000,1000,,
64,Acute_Kidney_Injury,Nephrolithiasis,Renal,target_first,2,fluid_overload; oliguria; rising_creatinine; hyperkalemia; metabolic_acidosis_renal; colicky_flank_pain; microscopic_or_gross_hematuria; pain_radiating_to_groin; dysuria; nausea_with_pain,1000,1000,fluid_overload; oliguria; rising_creatinine; hyperkalemia; metabolic_acidosis_renal,colicky_flank_pain; microscopic_or_gross_hematuria; pain_radiating_to_groin; dysuria; nausea_with_pain
65,Nephrotic_Syndrome,Nephrolithiasis,Renal,confounder_first,1,colicky_flank_pain; microscopic_or_gross_hematuria; pain_radiating_to_groin; dysuria; nausea_with_pain,1000,1000,,
65,Nephrotic_Syndrome,Nephrolithiasis,Renal,confounder_first,2,colicky_flank_pain; microscopic_or_gross_hematuria; pain_radiating_to_groin; dysuria; nausea_with_pain; hypoalbuminemia; peripheral_edema_generalized; proteinuria_heavy; frothy_urine; hyperlipidemia,1000,1000,colicky_flank_pain; microscopic_or_gross_hematuria; pain_radiating_to_groin; dysuria; nausea_with_pain,hypoalbuminemia; peripheral_edema_generalized; proteinuria_heavy; frothy_urine; hyperlipidemia
65,Nephrotic_Syndrome,Nephrolithiasis,Renal,target_first,1,hypoalbuminemia; peripheral_edema_generalized; proteinuria_heavy; frothy_urine; hyperlipidemia,1000,1000,,
65,Nephrotic_Syndrome,Nephrolithiasis,Renal,target_first,2,hypoalbuminemia; peripheral_edema_generalized; proteinuria_heavy; frothy_urine; hyperlipidemia; colicky_flank_pain; microscopic_or_gross_hematuria; pain_radiating_to_groin; dysuria; nausea_with_pain,1000,1000,hypoalbuminemia; peripheral_edema_generalized; proteinuria_heavy; frothy_urine; hyperlipidemia,colicky_flank_pain; microscopic_or_gross_hematuria; pain_radiating_to_groin; dysuria; nausea_with_pain
66,Polycystic_Kidney_Disease,Nephrolithiasis,Renal,confounder_first,1,colicky_flank_pain; microscopic_or_gross_hematuria; pain_radiating_to_groin; dysuria; nausea_with_pain,1000,1000,,
66,Polycystic_Kidney_Disease,Nephrolithiasis,Renal,confounder_first,2,colicky_flank_pain; microscopic_or_gross_hematuria; pain_radiating_to_groin; dysuria; nausea_with_pain; bilateral_flank_pain; family_history_renal_disease; palpable_bilateral_kidneys; hypertension_early_onset; microscopic_hematuria,1000,1000,colicky_flank_pain; microscopic_or_gross_hematuria; pain_radiating_to_groin; dysuria; nausea_with_pain,bilateral_flank_pain; family_history_renal_disease; palpable_bilateral_kidneys; hypertension_early_onset; microscopic_hematuria
66,Polycystic_Kidney_Disease,Nephrolithiasis,Renal,target_first,1,bilateral_flank_pain; family_history_renal_disease; palpable_bilateral_kidneys; hypertension_early_onset; microscopic_hematuria,1000,1000,,
66,Polycystic_Kidney_Disease,Nephrolithiasis,Renal,target_first,2,bilateral_flank_pain; family_history_renal_disease; palpable_bilateral_kidneys; hypertension_early_onset; microscopic_hematuria; colicky_flank_pain; microscopic_or_gross_hematuria; pain_radiating_to_groin; dysuria; nausea_with_pain,1000,1000,bilateral_flank_pain; family_history_renal_disease; palpable_bilateral_kidneys; hypertension_early_onset; microscopic_hematuria,colicky_flank_pain; microscopic_or_gross_hematuria; pain_radiating_to_groin; dysuria; nausea_with_pain
67,Renal_Cell_Carcinoma,Nephrolithiasis,Renal,confounder_first,1,colicky_flank_pain; microscopic_or_gross_hematuria; pain_radiating_to_groin; dysuria; nausea_with_pain,1000,1000,,
67,Renal_Cell_Carcinoma,Nephrolithiasis,Renal,confounder_first,2,colicky_flank_pain; microscopic_or_gross_hematuria; pain_radiating_to_groin; dysuria; nausea_with_pain; flank_mass_palpable; gross_hematuria; unintentional_weight_loss; flank_pain_dull; low_grade_fever,1000,1000,colicky_flank_pain; microscopic_or_gross_hematuria; pain_radiating_to_groin; dysuria; nausea_with_pain,flank_mass_palpable; gross_hematuria; unintentional_weight_loss; flank_pain_dull; low_grade_fever
67,Renal_Cell_Carcinoma,Nephrolithiasis,Renal,target_first,1,flank_mass_palpable; gross_hematuria; unintentional_weight_loss; flank_pain_dull; low_grade_fever,1000,1000,,
67,Renal_Cell_Carcinoma,Nephrolithiasis,Renal,target_first,2,flank_mass_palpable; gross_hematuria; unintentional_weight_loss; flank_pain_dull; low_grade_fever; colicky_flank_pain; microscopic_or_gross_hematuria; pain_radiating_to_groin; dysuria; nausea_with_pain,1000,1000,flank_mass_palpable; gross_hematuria; unintentional_weight_loss; flank_pain_dull; low_grade_fever,colicky_flank_pain; microscopic_or_gross_hematuria; pain_radiating_to_groin; dysuria; nausea_with_pain
68,Glomerulonephritis,Nephrolithiasis,Renal,confounder_first,1,colicky_flank_pain; microscopic_or_gross_hematuria; pain_radiating_to_groin; dysuria; nausea_with_pain,1000,1000,,
68,Glomerulonephritis,Nephrolithiasis,Renal,confounder_first,2,colicky_flank_pain; microscopic_or_gross_hematuria; pain_radiating_to_groin; dysuria; nausea_with_pain; hematuria_with_red_cell_casts; hypertension_new_onset; periorbital_edema; low_serum_complement; proteinuria_mild,1000,1000,colicky_flank_pain; microscopic_or_gross_hematuria; pain_radiating_to_groin; dysuria; nausea_with_pain,hematuria_with_red_cell_casts; hypertension_new_onset; periorbital_edema; low_serum_complement; proteinuria_mild
68,Glomerulonephritis,Nephrolithiasis,Renal,target_first,1,hematuria_with_red_cell_casts; hypertension_new_onset; periorbital_edema; low_serum_complement; proteinuria_mild,1000,1000,,
68,Glomerulonephritis,Nephrolithiasis,Renal,target_first,2,hematuria_with_red_cell_casts; hypertension_new_onset; periorbital_edema; low_serum_complement; proteinuria_mild; colicky_flank_pain; microscopic_or_gross_hematuria; pain_radiating_to_groin; dysuria; nausea_with_pain,1000,1000,hematuria_with_red_cell_casts; hypertension_new_onset; periorbital_edema; low_serum_complement; proteinuria_mild,colicky_flank_pain; microscopic_or_gross_hematuria; pain_radiating_to_groin; dysuria; nausea_with_pain
69,Nephrolithiasis,Acute_Kidney_Injury,Renal,confounder_first,1,fluid_overload; oliguria; rising_creatinine; hyperkalemia; metabolic_acidosis_renal,1000,1000,,
69,Nephrolithiasis,Acute_Kidney_Injury,Renal,confounder_first,2,fluid_overload; oliguria; rising_creatinine; hyperkalemia; metabolic_acidosis_renal; colicky_flank_pain; microscopic_or_gross_hematuria; pain_radiating_to_groin; dysuria; nausea_with_pain,1000,1000,fluid_overload; oliguria; rising_creatinine; hyperkalemia; metabolic_acidosis_renal,colicky_flank_pain; microscopic_or_gross_hematuria; pain_radiating_to_groin; dysuria; nausea_with_pain
69,Nephrolithiasis,Acute_Kidney_Injury,Renal,target_first,1,colicky_flank_pain; microscopic_or_gross_hematuria; pain_radiating_to_groin; dysuria; nausea_with_pain,1000,1000,,
69,Nephrolithiasis,Acute_Kidney_Injury,Renal,target_first,2,colicky_flank_pain; microscopic_or_gross_hematuria; pain_radiating_to_groin; dysuria; nausea_with_pain; fluid_overload; oliguria; rising_creatinine; hyperkalemia; metabolic_acidosis_renal,1000,1000,colicky_flank_pain; microscopic_or_gross_hematuria; pain_radiating_to_groin; dysuria; nausea_with_pain,fluid_overload; oliguria; rising_creatinine; hyperkalemia; metabolic_acidosis_renal
70,Acute_Appendicitis,Peptic_Ulcer_Disease,GI,confounder_first,1,NSAID_use_or_H_pylori_infection; epigastric_pain; nocturnal_epigastric_pain; bloating; early_satiety,1000,1000,,
70,Acute_Appendicitis,Peptic_Ulcer_Disease,GI,confounder_first,2,NSAID_use_or_H_pylori_infection; epigastric_pain; nocturnal_epigastric_pain; bloating; early_satiety; RLQ_abdominal_pain; low_grade_fever; rebound_tenderness; anorexia; migratory_periumbilical_to_RLQ_pain,1000,1000,NSAID_use_or_H_pylori_infection; epigastric_pain; nocturnal_epigastric_pain; bloating; early_satiety,RLQ_abdominal_pain; low_grade_fever; rebound_tenderness; anorexia; migratory_periumbilical_to_RLQ_pain
70,Acute_Appendicitis,Peptic_Ulcer_Disease,GI,target_first,1,RLQ_abdominal_pain; low_grade_fever; rebound_tenderness; anorexia; migratory_periumbilical_to_RLQ_pain,1000,1000,,
70,Acute_Appendicitis,Peptic_Ulcer_Disease,GI,target_first,2,RLQ_abdominal_pain; low_grade_fever; rebound_tenderness; anorexia; migratory_periumbilical_to_RLQ_pain; NSAID_use_or_H_pylori_infection; epigastric_pain; nocturnal_epigastric_pain; bloating; early_satiety,1000,1000,RLQ_abdominal_pain; low_grade_fever; rebound_tenderness; anorexia; migratory_periumbilical_to_RLQ_pain,NSAID_use_or_H_pylori_infection; epigastric_pain; nocturnal_epigastric_pain; bloating; early_satiety
71,Peptic_Ulcer_Disease,Acute_Appendicitis,GI,confounder_first,1,RLQ_abdominal_pain; low_grade_fever; rebound_tenderness; anorexia; migratory_periumbilical_to_RLQ_pain,1000,1000,,
71,Peptic_Ulcer_Disease,Acute_Appendicitis,GI,confounder_first,2,RLQ_abdominal_pain; low_grade_fever; rebound_tenderness; anorexia; migratory_periumbilical_to_RLQ_pain; NSAID_use_or_H_pylori_infection; epigastric_pain; nocturnal_epigastric_pain; bloating; early_satiety,1000,1000,RLQ_abdominal_pain; low_grade_fever; rebound_tenderness; anorexia; migratory_periumbilical_to_RLQ_pain,NSAID_use_or_H_pylori_infection; epigastric_pain; nocturnal_epigastric_pain; bloating; early_satiety
71,Peptic_Ulcer_Disease,Acute_Appendicitis,GI,target_first,1,NSAID_use_or_H_pylori_infection; epigastric_pain; nocturnal_epigastric_pain; bloating; early_satiety,1000,1000,,
71,Peptic_Ulcer_Disease,Acute_Appendicitis,GI,target_first,2,NSAID_use_or_H_pylori_infection; epigastric_pain; nocturnal_epigastric_pain; bloating; early_satiety; RLQ_abdominal_pain; low_grade_fever; rebound_tenderness; anorexia; migratory_periumbilical_to_RLQ_pain,1000,1000,NSAID_use_or_H_pylori_infection; epigastric_pain; nocturnal_epigastric_pain; bloating; early_satiety,RLQ_abdominal_pain; low_grade_fever; rebound_tenderness; anorexia; migratory_periumbilical_to_RLQ_pain
72,Ulcerative_Colitis,Peptic_Ulcer_Disease,GI,confounder_first,1,NSAID_use_or_H_pylori_infection; epigastric_pain; nocturnal_epigastric_pain; bloating; early_satiety,1000,1000,,
72,Ulcerative_Colitis,Peptic_Ulcer_Disease,GI,confounder_first,2,NSAID_use_or_H_pylori_infection; epigastric_pain; nocturnal_epigastric_pain; bloating; early_satiety; bloody_diarrhea_chronic; continuous_colonic_involvement; tenesmus; abdominal_cramping; extraintestinal_arthritis,1000,1000,NSAID_use_or_H_pylori_infection; epigastric_pain; nocturnal_epigastric_pain; bloating; early_satiety,bloody_diarrhea_chronic; continuous_colonic_involvement; tenesmus; abdominal_cramping; extraintestinal_arthritis
72,Ulcerative_Colitis,Peptic_Ulcer_Disease,GI,target_first,1,bloody_diarrhea_chronic; continuous_colonic_involvement; tenesmus; abdominal_cramping; extraintestinal_arthritis,1000,1000,,
72,Ulcerative_Colitis,Peptic_Ulcer_Disease,GI,target_first,2,bloody_diarrhea_chronic; continuous_colonic_involvement; tenesmus; abdominal_cramping; extraintestinal_arthritis; NSAID_use_or_H_pylori_infection; epigastric_pain; nocturnal_epigastric_pain; bloating; early_satiety,1000,1000,bloody_diarrhea_chronic; continuous_colonic_involvement; tenesmus; abdominal_cramping; extraintestinal_arthritis,NSAID_use_or_H_pylori_infection; epigastric_pain; nocturnal_epigastric_pain; bloating; early_satiety
73,Crohn_Disease,Peptic_Ulcer_Disease,GI,confounder_first,1,NSAID_use_or_H_pylori_infection; epigastric_pain; nocturnal_epigastric_pain; bloating; early_satiety,1000,1000,,
73,Crohn_Disease,Peptic_Ulcer_Disease,GI,confounder_first,2,NSAID_use_or_H_pylori_infection; epigastric_pain; nocturnal_epigastric_pain; bloating; early_satiety; perianal_fistula; skip_lesions_on_colonoscopy; transmural_inflammation; abdominal_pain_chronic; gradual_weight_loss,1000,1000,NSAID_use_or_H_pylori_infection; epigastric_pain; nocturnal_epigastric_pain; bloating; early_satiety,perianal_fistula; skip_lesions_on_colonoscopy; transmural_inflammation; abdominal_pain_chronic; gradual_weight_loss
73,Crohn_Disease,Peptic_Ulcer_Disease,GI,target_first,1,perianal_fistula; skip_lesions_on_colonoscopy; transmural_inflammation; abdominal_pain_chronic; gradual_weight_loss,1000,1000,,
73,Crohn_Disease,Peptic_Ulcer_Disease,GI,target_first,2,perianal_fistula; skip_lesions_on_colonoscopy; transmural_inflammation; abdominal_pain_chronic; gradual_weight_loss; NSAID_use_or_H_pylori_infection; epigastric_pain; nocturnal_epigastric_pain; bloating; early_satiety,1000,1000,perianal_fistula; skip_lesions_on_colonoscopy; transmural_inflammation; abdominal_pain_chronic; gradual_weight_loss,NSAID_use_or_H_pylori_infection; epigastric_pain; nocturnal_epigastric_pain; bloating; early_satiety
74,Acute_Pancreatitis,Peptic_Ulcer_Disease,GI,confounder_first,1,NSAID_use_or_H_pylori_infection; epigastric_pain; nocturnal_epigastric_pain; bloating; early_satiety,1000,1000,,
74,Acute_Pancreatitis,Peptic_Ulcer_Disease,GI,confounder_first,2,NSAID_use_or_H_pylori_infection; epigastric_pain; nocturnal_epigastric_pain; bloating; early_satiety; alcohol_or_gallstone_history; elevated_lipase; epigastric_pain_radiating_to_back; Grey_Turner_sign; nausea_with_pain,1000,1000,NSAID_use_or_H_pylori_infection; epigastric_pain; nocturnal_epigastric_pain; bloating; early_satiety,alcohol_or_gallstone_history; elevated_lipase; epigastric_pain_radiating_to_back; Grey_Turner_sign; nausea_with_pain
74,Acute_Pancreatitis,Peptic_Ulcer_Disease,GI,target_first,1,alcohol_or_gallstone_history; elevated_lipase; epigastric_pain_radiating_to_back; Grey_Turner_sign; nausea_with_pain,1000,1000,,
74,Acute_Pancreatitis,Peptic_Ulcer_Disease,GI,target_first,2,alcohol_or_gallstone_history; elevated_lipase; epigastric_pain_radiating_to_back; Grey_Turner_sign; nausea_with_pain; NSAID_use_or_H_pylori_infection; epigastric_pain; nocturnal_epigastric_pain; bloating; early_satiety,1000,1000,alcohol_or_gallstone_history; elevated_lipase; epigastric_pain_radiating_to_back; Grey_Turner_sign; nausea_with_pain,NSAID_use_or_H_pylori_infection; epigastric_pain; nocturnal_epigastric_pain; bloating; early_satiety
75,Acute_Cholecystitis,Peptic_Ulcer_Disease,GI,confounder_first,1,NSAID_use_or_H_pylori_infection; epigastric_pain; nocturnal_epigastric_pain; bloating; early_satiety,1000,1000,,
75,Acute_Cholecystitis,Peptic_Ulcer_Disease,GI,confounder_first,2,NSAID_use_or_H_pylori_infection; epigastric_pain; nocturnal_epigastric_pain; bloating; early_satiety; RUQ_abdominal_pain; low_grade_fever; positive_Murphy_sign; fatty_food_intolerance; gallstones_on_imaging,1000,1000,NSAID_use_or_H_pylori_infection; epigastric_pain; nocturnal_epigastric_pain; bloating; early_satiety,RUQ_abdominal_pain; low_grade_fever; positive_Murphy_sign; fatty_food_intolerance; gallstones_on_imaging
75,Acute_Cholecystitis,Peptic_Ulcer_Disease,GI,target_first,1,RUQ_abdominal_pain; low_grade_fever; positive_Murphy_sign; fatty_food_intolerance; gallstones_on_imaging,1000,1000,,
75,Acute_Cholecystitis,Peptic_Ulcer_Disease,GI,target_first,2,RUQ_abdominal_pain; low_grade_fever; positive_Murphy_sign; fatty_food_intolerance; gallstones_on_imaging; NSAID_use_or_H_pylori_infection; epigastric_pain; nocturnal_epigastric_pain; bloating; early_satiety,1000,1000,RUQ_abdominal_pain; low_grade_fever; positive_Murphy_sign; fatty_food_intolerance; gallstones_on_imaging,NSAID_use_or_H_pylori_infection; epigastric_pain; nocturnal_epigastric_pain; bloating; early_satiety
76,Psoriasis,Cellulitis,Dermato,confounder_first,1,low_grade_fever; unilateral_erythema; warmth_and_swelling; leukocytosis; localized_tenderness,1000,1000,,
76,Psoriasis,Cellulitis,Dermato,confounder_first,2,low_grade_fever; unilateral_erythema; warmth_and_swelling; leukocytosis; localized_tenderness; extensor_surface_distribution; nail_pitting; silvery_scaling_plaques; family_history_skin_disease; koebner_phenomenon,1000,1000,low_grade_fever; unilateral_erythema; warmth_and_swelling; leukocytosis; localized_tenderness,extensor_surface_distribution; nail_pitting; silvery_scaling_plaques; family_history_skin_disease; koebner_phenomenon
76,Psoriasis,Cellulitis,Dermato,target_first,1,extensor_surface_distribution; nail_pitting; silvery_scaling_plaques; family_history_skin_disease; koebner_phenomenon,1000,1000,,
76,Psoriasis,Cellulitis,Dermato,target_first,2,extensor_surface_distribution; nail_pitting; silvery_scaling_plaques; family_history_skin_disease; koebner_phenomenon; low_grade_fever; unilateral_erythema; warmth_and_swelling; leukocytosis; localized_tenderness,1000,1000,extensor_surface_distribution; nail_pitting; silvery_scaling_plaques; family_history_skin_disease; koebner_phenomenon,low_grade_fever; unilateral_erythema; warmth_and_swelling; leukocytosis; localized_tenderness
77,Cellulitis,Psoriasis,Dermato,confounder_first,1,extensor_surface_distribution; nail_pitting; silvery_scaling_plaques; family_history_skin_disease; koebner_phenomenon,1000,1000,,
77,Cellulitis,Psoriasis,Dermato,confounder_first,2,extensor_surface_distribution; nail_pitting; silvery_scaling_plaques; family_history_skin_disease; koebner_phenomenon; low_grade_fever; unilateral_erythema; warmth_and_swelling; leukocytosis; localized_tenderness,1000,1000,extensor_surface_distribution; nail_pitting; silvery_scaling_plaques; family_history_skin_disease; koebner_phenomenon,low_grade_fever; unilateral_erythema; warmth_and_swelling; leukocytosis; localized_tenderness
77,Cellulitis,Psoriasis,Dermato,target_first,1,low_grade_fever; unilateral_erythema; warmth_and_swelling; leukocytosis; localized_tenderness,1000,1000,,
77,Cellulitis,Psoriasis,Dermato,target_first,2,low_grade_fever; unilateral_erythema; warmth_and_swelling; leukocytosis; localized_tenderness; extensor_surface_distribution; nail_pitting; silvery_scaling_plaques; family_history_skin_disease; koebner_phenomenon,1000,1000,low_grade_fever; unilateral_erythema; warmth_and_swelling; leukocytosis; localized_tenderness,extensor_surface_distribution; nail_pitting; silvery_scaling_plaques; family_history_skin_disease; koebner_phenomenon
78,Allergic_Contact_Dermatitis,Psoriasis,Dermato,confounder_first,1,extensor_surface_distribution; nail_pitting; silvery_scaling_plaques; family_history_skin_disease; koebner_phenomenon,1000,1000,,
78,Allergic_Contact_Dermatitis,Psoriasis,Dermato,confounder_first,2,extensor_surface_distribution; nail_pitting; silvery_scaling_plaques; family_history_skin_disease; koebner_phenomenon; pruritic_rash; recent_allergen_exposure; well_demarcated_rash_borders; linear_rash_pattern; resolves_after_allergen_removal,1000,1000,extensor_surface_distribution; nail_pitting; silvery_scaling_plaques; family_history_skin_disease; koebner_phenomenon,pruritic_rash; recent_allergen_exposure; well_demarcated_rash_borders; linear_rash_pattern; resolves_after_allergen_removal
78,Allergic_Contact_Dermatitis,Psoriasis,Dermato,target_first,1,pruritic_rash; recent_allergen_exposure; well_demarcated_rash_borders; linear_rash_pattern; resolves_after_allergen_removal,1000,1000,,
78,Allergic_Contact_Dermatitis,Psoriasis,Dermato,target_first,2,pruritic_rash; recent_allergen_exposure; well_demarcated_rash_borders; linear_rash_pattern; resolves_after_allergen_removal; extensor_surface_distribution; nail_pitting; silvery_scaling_plaques; family_history_skin_disease; koebner_phenomenon,1000,1000,pruritic_rash; recent_allergen_exposure; well_demarcated_rash_borders; linear_rash_pattern; resolves_after_allergen_removal,extensor_surface_distribution; nail_pitting; silvery_scaling_plaques; family_history_skin_disease; koebner_phenomenon
79,Herpes_Zoster,Psoriasis,Dermato,confounder_first,1,extensor_surface_distribution; nail_pitting; silvery_scaling_plaques; family_history_skin_disease; koebner_phenomenon,1000,1000,,
79,Herpes_Zoster,Psoriasis,Dermato,confounder_first,2,extensor_surface_distribution; nail_pitting; silvery_scaling_plaques; family_history_skin_disease; koebner_phenomenon; dermatomal_vesicular_rash; pain_preceding_rash; unilateral_distribution; grouped_vesicles; prior_varicella_history,1000,1000,extensor_surface_distribution; nail_pitting; silvery_scaling_plaques; family_history_skin_disease; koebner_phenomenon,dermatomal_vesicular_rash; pain_preceding_rash; unilateral_distribution; grouped_vesicles; prior_varicella_history
79,Herpes_Zoster,Psoriasis,Dermato,target_first,1,dermatomal_vesicular_rash; pain_preceding_rash; unilateral_distribution; grouped_vesicles; prior_varicella_history,1000,1000,,
79,Herpes_Zoster,Psoriasis,Dermato,target_first,2,dermatomal_vesicular_rash; pain_preceding_rash; unilateral_distribution; grouped_vesicles; prior_varicella_history; extensor_surface_distribution; nail_pitting; silvery_scaling_plaques; family_history_skin_disease; koebner_phenomenon,1000,1000,dermatomal_vesicular_rash; pain_preceding_rash; unilateral_distribution; grouped_vesicles; prior_varicella_history,extensor_surface_distribution; nail_pitting; silvery_scaling_plaques; family_history_skin_disease; koebner_phenomenon
80,Stevens_Johnson_Syndrome,Psoriasis,Dermato,confounder_first,1,extensor_surface_distribution; nail_pitting; silvery_scaling_plaques; family_history_skin_disease; koebner_phenomenon,1000,1000,,
80,Stevens_Johnson_Syndrome,Psoriasis,Dermato,confounder_first,2,extensor_surface_distribution; nail_pitting; silvery_scaling_plaques; family_history_skin_disease; koebner_phenomenon; mucosal_involvement; recent_new_medication_exposure; skin_detachment; high_fever; positive_Nikolsky_sign,1000,1000,extensor_surface_distribution; nail_pitting; silvery_scaling_plaques; family_history_skin_disease; koebner_phenomenon,mucosal_involvement; recent_new_medication_exposure; skin_detachment; high_fever; positive_Nikolsky_sign
80,Stevens_Johnson_Syndrome,Psoriasis,Dermato,target_first,1,mucosal_involvement; recent_new_medication_exposure; skin_detachment; high_fever; positive_Nikolsky_sign,1000,1000,,
80,Stevens_Johnson_Syndrome,Psoriasis,Dermato,target_first,2,mucosal_involvement; recent_new_medication_exposure; skin_detachment; high_fever; positive_Nikolsky_sign; extensor_surface_distribution; nail_pitting; silvery_scaling_plaques; family_history_skin_disease; koebner_phenomenon,1000,1000,mucosal_involvement; recent_new_medication_exposure; skin_detachment; high_fever; positive_Nikolsky_sign,extensor_surface_distribution; nail_pitting; silvery_scaling_plaques; family_history_skin_disease; koebner_phenomenon
81,Erythema_Multiforme,Psoriasis,Dermato,confounder_first,1,extensor_surface_distribution; nail_pitting; silvery_scaling_plaques; family_history_skin_disease; koebner_phenomenon,1000,1000,,
81,Erythema_Multiforme,Psoriasis,Dermato,confounder_first,2,extensor_surface_distribution; nail_pitting; silvery_scaling_plaques; family_history_skin_disease; koebner_phenomenon; acral_distribution; recent_HSV_infection; target_lesions_typical; mild_mucosal_involvement; self_limited_course,1000,1000,extensor_surface_distribution; nail_pitting; silvery_scaling_plaques; family_history_skin_disease; koebner_phenomenon,acral_distribution; recent_HSV_infection; target_lesions_typical; mild_mucosal_involvement; self_limited_course
81,Erythema_Multiforme,Psoriasis,Dermato,target_first,1,acral_distribution; recent_HSV_infection; target_lesions_typical; mild_mucosal_involvement; self_limited_course,1000,1000,,
81,Erythema_Multiforme,Psoriasis,Dermato,target_first,2,acral_distribution; recent_HSV_infection; target_lesions_typical; mild_mucosal_involvement; self_limited_course; extensor_surface_distribution; nail_pitting; silvery_scaling_plaques; family_history_skin_disease; koebner_phenomenon,1000,1000,acral_distribution; recent_HSV_infection; target_lesions_typical; mild_mucosal_involvement; self_limited_course,extensor_surface_distribution; nail_pitting; silvery_scaling_plaques; family_history_skin_disease; koebner_phenomenon
