vignette_id,target_disease,organ_system,is_rare,prevalence,difficulty,positive_findings,negative_findings,n_positive,n_negative,n_required_given,n_required_total,split,used_confounder_distractor,injected_irrelevant_detail
189,Hypothyroidism,Metabolic,False,0.05,hard,JAK2_mutation;cold_intolerance;duration_15min_3hrs;elevated_TSH;hair_loss;patient_blood_type_O_positive,heat_intolerance;polydipsia;weight_loss_rapid,5,3,2,4,original,False,patient_blood_type_O_positive
81,Stroke_Ischemic,Neuro,False,0.03,hard,arm_weakness;central_obesity;focal_neuro_deficit;hypertension;speech_difficulty;tongue_biting;patient_owns_a_pet_cat,altered_mental_status;bilateral_pain;vision_changes,6,3,2,3,original,False,patient_owns_a_pet_cat
75,Stroke_Ischemic,Neuro,False,0.03,easy,arm_weakness;focal_neuro_deficit;hypertension;speech_difficulty;sudden_onset;patient_commutes_by_bicycle,bilateral_pain;bilateral_symptoms;elevated_opening_pressure;headache;relapsing_remitting_course,5,5,3,3,original,False,patient_commutes_by_bicycle
188,Hypothyroidism,Metabolic,False,0.05,medium,bradycardia;cold_intolerance;dry_skin;elevated_TSH;fatigue;weight_gain;patient_is_married,central_obesity;elevated_cortisol;hypotension;polydipsia,6,4,4,4,original,False,patient_is_married
219,Addison_Disease,Metabolic,True,0.0001,easy,fatigue;hyperpigmentation;hyponatremia;hypotension;low_cortisol;nausea;weight_loss_rapid;patient_works_as_accountant,elevated_cortisol;high_fasting_glucose;purple_striae,7,3,5,5,original,False,patient_works_as_accountant
310,Gout,Immuno,False,0.04,hard,MSU_crystals;asymmetric_joint;peripheral_neuropathy;podagra;rapid_onset_hours;redness;warmth;patient_shoe_size_9,DIP_involvement;morning_stiffness_over_1hr;positive_ANA;positive_RF,7,4,2,4,original,False,patient_shoe_size_9
73,Stroke_Ischemic,Neuro,False,0.03,easy,atrial_fibrillation;focal_neuro_deficit;hypertension;speech_difficulty;sudden_onset;patient_lives_in_a_two_story_house,headache;lacrimation;neck_stiffness;vision_changes,5,4,3,3,original,False,patient_lives_in_a_two_story_house
288,Rheumatoid_Arthritis,Immuno,False,0.01,hard,fatigue;mass_on_imaging;morning_stiffness_over_1hr;oral_ulcers;positive_RF;rheumatoid_nodules;symmetric_swelling;patient_is_right_handed,asymmetric_joint;positive_anti_SSB;sacroiliac_tenderness,7,3,3,4,original,False,patient_is_right_handed
57,Idiopathic_Intracranial_HTN,Neuro,True,0.001,hard,elevated_opening_pressure;female;vision_changes;widened_mediastinum;patient_has_private_PPO_insurance,fever;sudden_onset,4,2,2,4,original,False,patient_has_private_PPO_insurance
53,Idiopathic_Intracranial_HTN,Neuro,True,0.001,medium,elevated_opening_pressure;family_history;obesity;papilledema;transient_visual_obscurations;vision_changes;patient_blood_type_O_positive,fever;neck_stiffness,6,2,3,4,original,False,patient_blood_type_O_positive
637,Community_Pneumonia,Pulmo,False,0.01,easy,crackles;fever;infiltrate_on_CXR;pleuritic_chest_pain;productive_cough;rigors;patient_shoe_size_9,chronic_cough;chronic_dyspnea;dry_cough;hemoptysis;noncaseating_granulomas;weight_loss_rapid,6,6,4,4,original,False,patient_shoe_size_9
172,Diabetes_Insipidus,Metabolic,True,0.0003,easy,dilute_urine;hypernatremia;low_urine_osmolality;nocturia;polydipsia;polyuria;patient_blood_type_O_positive,fatigue;glycosuria;ketoacidosis;young_age,6,4,4,4,original,False,patient_blood_type_O_positive
560,Heart_Failure,Cardio,False,0.02,medium,PND;crackles;dyspnea;elevated_BNP;fatigue;orthopnea;peripheral_edema;patient_shoe_size_9,fever;pleuritic_chest_pain;sudden_onset;tearing_chest_pain,7,4,4,4,original,False,patient_shoe_size_9
163,T1_Diabetes,Metabolic,False,0.005,medium,autoantibodies_positive;high_fasting_glucose;polydipsia;polyuria;thin_body_habitus;weight_loss_rapid;young_age;patient_has_brown_hair,central_obesity;heat_intolerance;hypotension;obesity,7,4,4,5,original,False,patient_has_brown_hair
663,Tuberculosis,Pulmo,False,0.003,easy,chronic_cough;hemoptysis;night_sweats;positive_AFB;positive_PPD;upper_lobe_cavitation;weight_loss_rapid;patient_has_brown_hair,barrel_chest;productive_cough;progressive_dyspnea;reversible_airflow_obstruction;sputum_production,7,5,4,4,original,False,patient_has_brown_hair
66,Multiple_Sclerosis,Neuro,True,0.003,medium,balance_problems;fatigue;numbness;relapsing_remitting_course;troponin_elevated;vision_changes;patient_has_private_PPO_insurance,fever;headache;papilledema;speech_difficulty;sudden_onset,6,5,4,4,original,False,patient_has_private_PPO_insurance
420,Iron_Deficiency_Anemia,Hemato,False,0.08,hard,brittle_nails;electrical_alternans;fatigue;koilonychia;low_ferritin;pallor;pica;patient_blood_type_O_positive,microangiopathic_hemolytic_anemia;normal_ferritin;thrombocytopenia,7,3,3,4,original,False,patient_blood_type_O_positive
580,Pulmonary_Embolism,Cardio,False,0.002,easy,elevated_D_dimer;hemoptysis;pleuritic_chest_pain;sudden_dyspnea;tachycardia;unilateral_leg_swelling;patient_owns_a_pet_cat,diffuse_ST_elevation;elevated_BNP;radiation_to_arm,6,3,4,4,original,False,patient_owns_a_pet_cat
42,Cluster_Headache,Neuro,True,0.001,medium,autonomic_features;conjunctival_injection;headache;lacrimation;morning_stiffness_over_1hr;periorbital_pain;ptosis;rhinorrhea;unilateral_pain;patient_has_private_PPO_insurance,bilateral_pain;fever;nausea;neck_stiffness;sudden_onset,9,5,5,5,original,False,patient_has_private_PPO_insurance
501,Hodgkin_Lymphoma,Hemato,False,0.003,hard,Reed_Sternberg_cells;painless_lymphadenopathy;splenomegaly_childhood;patient_has_private_PPO_insurance,high_MCV;normal_RDW;normal_ferritin;thrombocytopenia,3,4,2,3,original,False,patient_has_private_PPO_insurance
389,Asthma,Immuno,False,0.08,medium,bloody_diarrhea;cough;dyspnea;episodic_symptoms;nocturnal_symptoms;reversible_airflow_obstruction;trigger_exposure;wheezing;patient_shoe_size_9,asymmetric_joint;fever;joint_pain;morning_stiffness_over_1hr,8,4,4,4,original,False,patient_shoe_size_9
268,Primary_Hyperaldosteronism,Metabolic,True,0.001,easy,adrenal_mass;elevated_aldosterone;hypertension;hypokalemia;low_renin;patient_has_brown_hair,cold_intolerance;elevated_cortisol;hyperpigmentation;hypotension;low_TSH;polyuria,5,6,4,4,original,False,patient_has_brown_hair
113,Myasthenia_Gravis,Neuro,True,0.0002,medium,diplopia;dysphagia;fatigable_weakness;ptosis;thymoma;patient_has_private_PPO_insurance,fatigue;fever;headache;papilledema,5,4,3,4,original,False,patient_has_private_PPO_insurance
183,Hypothyroidism,Metabolic,False,0.05,easy,cold_intolerance;constipation;dry_skin;elevated_TSH;fatigue;weight_gain;patient_is_married,HbA1c_elevated;dilute_urine;heat_intolerance;polyuria;tachycardia;weight_loss_rapid;young_age,6,7,4,4,original,False,patient_is_married
269,Primary_Hyperaldosteronism,Metabolic,True,0.001,medium,adrenal_mass;elevated_aldosterone;hypertension;hypokalemia;low_renin;metabolic_alkalosis;muscle_weakness;patient_shoe_size_9,elevated_cortisol;heat_intolerance;high_fasting_glucose;polydipsia;polyuria;purple_striae,7,6,4,4,original,False,patient_shoe_size_9
608,Pericarditis,Cardio,False,0.003,medium,elevated_hemoglobin;pain_worse_supine;pericardial_effusion;pericardial_friction_rub;pleuritic_chest_pain;viral_prodrome;patient_is_right_handed,ST_elevation_focal;chest_pain;elevated_BNP;muffled_heart_sounds;peripheral_edema;troponin_elevated,6,6,3,4,original,False,patient_is_right_handed
308,Gout,Immuno,False,0.04,medium,MSU_crystals;acute_joint_pain;asymmetric_joint;high_uric_acid;podagra;reversible_airflow_obstruction;patient_blood_type_O_positive,age_over_50;dry_eyes;malar_rash;morning_stiffness_over_1hr;positive_RF,6,5,4,4,original,False,patient_blood_type_O_positive
202,Hyperthyroidism,Metabolic,False,0.02,hard,anxiety;exophthalmos;fluctuating_symptoms;hypercalcemia;hyperreflexia;low_TSH;weight_loss_rapid;patient_has_brown_hair,cold_intolerance;dilute_urine;fatigue;low_cortisol;polydipsia,7,5,2,4,original,False,patient_has_brown_hair
645,Community_Pneumonia,Pulmo,False,0.01,hard,bloody_diarrhea;dyspnea;elevated_WBC;fever;infiltrate_on_CXR;pleuritic_chest_pain;productive_cough;patient_arrived_by_personal_vehicle,bilateral_hilar_lymphadenopathy;persistent_cough;smoking_history,7,3,3,4,original,False,patient_arrived_by_personal_vehicle
218,Addison_Disease,Metabolic,True,0.0001,easy,fatigue;hyperpigmentation;hyponatremia;hypotension;low_cortisol;nausea;salt_craving;patient_blood_type_O_positive,HbA1c_elevated;central_obesity;elevated_cortisol;moon_face;purple_striae;young_age,7,6,5,5,original,False,patient_blood_type_O_positive
291,Osteoarthritis,Immuno,False,0.15,easy,DIP_involvement;age_over_50;crepitus;joint_pain;reduced_ROM;patient_commutes_by_bicycle,asymmetric_joint;morning_stiffness_over_1hr;positive_RF;sacroiliac_tenderness;symmetric_swelling,5,5,4,4,original,False,patient_commutes_by_bicycle
399,Sarcoidosis,Immuno,True,0.001,easy,bilateral_hilar_lymphadenopathy;elevated_ACE;erythema_nodosum;fatigue;noncaseating_granulomas;uveitis;patient_lives_in_a_two_story_house,MSU_crystals;morning_stiffness_over_1hr,6,2,3,3,original,False,patient_lives_in_a_two_story_house
572,Acute_MI,Cardio,False,0.005,medium,ST_elevation;chest_pain;dyspnea;radiation_to_arm;troponin_elevated;patient_blood_type_O_positive,pericardial_friction_rub;peripheral_edema,5,2,4,4,original,False,patient_blood_type_O_positive
169,Diabetes_Insipidus,Metabolic,True,0.0003,easy,dilute_urine;low_urine_osmolality;nocturia;polydipsia;polyuria;patient_lives_in_a_two_story_house,HbA1c_elevated;elevated_cortisol;fatigue;high_fasting_glucose;ketoacidosis;moon_face,5,6,4,4,original,False,patient_lives_in_a_two_story_house
265,Primary_Hyperaldosteronism,Metabolic,True,0.001,easy,elevated_aldosterone;hypertension;hypokalemia;low_renin;patient_lives_in_a_two_story_house,elevated_cortisol;hypotension;low_urine_osmolality,4,3,4,4,original,False,patient_lives_in_a_two_story_house
360,Sjogren_Syndrome,Immuno,True,0.004,hard,dental_caries;dry_eyes;fatigue;joint_pain;pain_worse_supine;positive_anti_SSA;positive_anti_SSB;prolonged_aPTT;patient_shoe_size_9,DIP_involvement;morning_stiffness_over_1hr;sacroiliac_tenderness,8,3,3,4,original,False,patient_shoe_size_9
79,Stroke_Ischemic,Neuro,False,0.03,medium,arm_weakness;autonomic_features;facial_droop;focal_neuro_deficit;speech_difficulty;patient_arrived_by_personal_vehicle,bilateral_symptoms;fever;headache;nausea;papilledema;photophobia,5,6,2,3,original,False,patient_arrived_by_personal_vehicle
587,Pulmonary_Embolism,Cardio,False,0.002,hard,elevated_D_dimer;isolated_thrombocytopenia;sudden_dyspnea;tachycardia;unilateral_leg_swelling;patient_blood_type_O_positive,fatigue;jugular_venous_distension;peripheral_edema;troponin_elevated,5,4,3,4,original,False,patient_blood_type_O_positive
261,Metabolic_Syndrome,Metabolic,False,0.12,hard,acanthosis_nigricans;balance_problems;central_obesity;high_fasting_glucose;high_triglycerides;hypertension;patient_has_private_PPO_insurance,elevated_cortisol;heat_intolerance;hypotension;ketoacidosis,6,4,4,5,original,False,patient_has_private_PPO_insurance
254,Metabolic_Syndrome,Metabolic,False,0.12,easy,acanthosis_nigricans;central_obesity;fatty_liver;high_fasting_glucose;high_triglycerides;hypertension;hyperuricemia;low_HDL;patient_lives_in_a_two_story_house,dilute_urine;hypotension;polydipsia;thin_body_habitus;weight_gain,8,5,5,5,original,False,patient_lives_in_a_two_story_house
344,Ankylosing_Spondylitis,Immuno,True,0.002,medium,HLA_B27;delayed_reflexes;inflammatory_back_pain;morning_stiffness_over_1hr;sacroiliac_tenderness;uveitis;young_male;patient_lives_in_a_two_story_house,DIP_involvement;acute_joint_pain;high_uric_acid;malar_rash,7,4,4,4,original,False,patient_lives_in_a_two_story_house
374,Allergic_Rhinitis,Immuno,False,0.2,easy,itching;nasal_congestion;sneezing;watery_eyes;patient_blood_type_O_positive,age_over_50;fever;photosensitivity;positive_ANA;positive_RF;symmetric_swelling,4,6,4,4,original,False,patient_blood_type_O_positive
640,Community_Pneumonia,Pulmo,False,0.01,easy,crackles;elevated_WBC;fever;infiltrate_on_CXR;productive_cough;patient_lives_in_a_two_story_house,chronic_cough;chronic_dyspnea;night_sweats;reversible_airflow_obstruction;smoking_history;weight_loss_rapid,5,6,4,4,original,False,patient_lives_in_a_two_story_house
475,TTP,Hemato,True,3e-05,medium,elevated_LDH;fever;microangiopathic_hemolytic_anemia;neurologic_symptoms;schistocytes;thrombocytopenia;patient_shoe_size_9,HbS_on_electrophoresis;isolated_thrombocytopenia;no_splenomegaly;normal_coagulation_studies,6,4,5,5,original,False,patient_shoe_size_9
417,Iron_Deficiency_Anemia,Hemato,False,0.08,hard,ascending_weakness;brittle_nails;fatigue;koilonychia;low_MCV;low_ferritin;patient_arrived_by_personal_vehicle,HbS_on_electrophoresis;microangiopathic_hemolytic_anemia;pain_crisis;schistocytes;splenomegaly,6,5,3,4,original,False,patient_arrived_by_personal_vehicle
182,Hypothyroidism,Metabolic,False,0.05,easy,cold_intolerance;constipation;dry_skin;elevated_TSH;fatigue;hair_loss;weight_gain;patient_is_right_handed,heat_intolerance;high_fasting_glucose;hyperpigmentation;low_cortisol;polydipsia,7,5,4,4,original,False,patient_is_right_handed
531,Chronic_Lymphocytic_Leukemia,Hemato,False,0.005,easy,age_over_50;lymphocytosis;mature_small_lymphocytes;painless_lymphadenopathy;smudge_cells;splenomegaly;patient_commutes_by_bicycle,fever;high_MCV;isolated_thrombocytopenia;microangiopathic_hemolytic_anemia;no_splenomegaly;target_cells,6,6,4,4,original,False,patient_commutes_by_bicycle
334,Psoriatic_Arthritis,Immuno,True,0.002,hard,asymmetric_joint;dactylitis;dehydration;hypokalemia;joint_pain;patient_shoe_size_9,MSU_crystals;malar_rash;positive_RF,5,3,2,3,original,False,patient_shoe_size_9
634,COPD,Pulmo,False,0.06,hard,FEV1_reduced;aortic_regurgitation_murmur;chronic_cough;chronic_dyspnea;smoking_history;patient_blood_type_O_positive,no_smoking_history;noncaseating_granulomas;young_age,5,3,3,4,original,False,patient_blood_type_O_positive
293,Osteoarthritis,Immuno,False,0.15,medium,Heberden_nodes;age_over_50;crepitus;joint_pain;low_B12;stiffness_under_30min;patient_commutes_by_bicycle,MSU_crystals;high_uric_acid;malar_rash;morning_stiffness_over_1hr;symmetric_swelling,6,5,3,4,original,False,patient_commutes_by_bicycle
280,Rheumatoid_Arthritis,Immuno,False,0.01,easy,MCP_PIP_involvement;elevated_ESR;fatigue;joint_pain;morning_stiffness_over_1hr;positive_RF;rheumatoid_nodules;symmetric_swelling;patient_commutes_by_bicycle,asymmetric_joint;back_pain;high_uric_acid,8,3,4,4,original,False,patient_commutes_by_bicycle
37,Cluster_Headache,Neuro,True,0.001,easy,autonomic_features;conjunctival_injection;duration_15min_3hrs;headache;lacrimation;periorbital_pain;rhinorrhea;unilateral_pain;patient_blood_type_O_positive,duration_4_72hrs;fever;nausea;numbness;vision_changes,8,5,5,5,original,False,patient_blood_type_O_positive
646,Community_Pneumonia,Pulmo,False,0.01,hard,crackles;dyspnea;fever;hypotension;pleuritic_chest_pain;rigors;patient_prefers_tea_over_coffee,chronic_cough;persistent_cough;reversible_airflow_obstruction;smoking_history,6,4,2,4,original,False,patient_prefers_tea_over_coffee
449,Sickle_Cell_Disease,Hemato,False,0.003,medium,African_descent;HbS_on_electrophoresis;chronic_hemolytic_anemia;jaundice;pain_crisis;sacroiliac_tenderness;splenomegaly_childhood;patient_owns_a_pet_cat,high_MCV;low_ferritin;microangiopathic_hemolytic_anemia;pallor;schistocytes;target_cells,7,6,3,4,original,False,patient_owns_a_pet_cat
90,Parkinsons_Disease,Neuro,False,0.01,medium,asymmetric_onset;masked_facies;micrographia;resting_tremor;rigidity;patient_shoe_size_9,altered_mental_status;bilateral_pain;elevated_opening_pressure;photophobia,5,4,3,4,original,False,patient_shoe_size_9
40,Cluster_Headache,Neuro,True,0.001,easy,autonomic_features;conjunctival_injection;headache;lacrimation;periorbital_pain;ptosis;unilateral_pain;patient_lives_in_a_two_story_house,duration_4_72hrs;fatigue;nausea;photophobia;relapsing_remitting_course,7,5,5,5,original,False,patient_lives_in_a_two_story_house
321,Systemic_Lupus,Immuno,True,0.005,hard,cytopenias;duration_15min_3hrs;photosensitivity;positive_ANA;renal_involvement;xanthochromia_CSF;patient_shoe_size_9,acute_joint_pain;age_over_50;crepitus;positive_RF;positive_anti_SSB,6,5,2,4,original,False,patient_shoe_size_9
220,Addison_Disease,Metabolic,True,0.0001,easy,fatigue;hyperpigmentation;hyponatremia;hypotension;low_cortisol;salt_craving;patient_prefers_tea_over_coffee,elevated_cortisol;high_fasting_glucose;moon_face;polydipsia;weight_gain,6,5,5,5,original,False,patient_prefers_tea_over_coffee
470,TTP,Hemato,True,3e-05,easy,elevated_LDH;fever;low_ADAMTS13;microangiopathic_hemolytic_anemia;neurologic_symptoms;schistocytes;thrombocytopenia;patient_arrived_by_personal_vehicle,high_MCV;low_B12;normal_RDW;normal_ferritin;petechiae;sickle_cells,7,6,5,5,original,False,patient_arrived_by_personal_vehicle
686,Lung_Cancer,Pulmo,False,0.005,easy,clubbing;hemoptysis;hoarseness;mass_on_imaging;persistent_cough;superior_vena_cava_syndrome;weight_loss_rapid;patient_has_brown_hair,chronic_cough;honeycombing_on_CT;infiltrate_on_CXR;noncaseating_granulomas;reversible_airflow_obstruction;smoking_history,7,6,4,4,original,False,patient_has_brown_hair
684,Sarcoidosis_Pulmo,Pulmo,True,0.001,hard,aura;chronic_cough;erythema_nodosum;noncaseating_granulomas;photosensitivity;uveitis;patient_lives_in_a_two_story_house,chronic_dyspnea;honeycombing_on_CT;persistent_cough,6,3,2,3,original,False,patient_lives_in_a_two_story_house
325,Psoriatic_Arthritis,Immuno,True,0.002,easy,DIP_involvement;dactylitis;enthesitis;joint_pain;psoriasis;patient_shoe_size_9,dry_eyes;inflammatory_back_pain,5,2,3,3,original,False,patient_shoe_size_9
508,Polycythemia_Vera,Hemato,True,0.0005,easy,JAK2_mutation;elevated_hematocrit;elevated_hemoglobin;erythromelalgia;headache;pruritus_after_bathing;splenomegaly;patient_owns_a_pet_cat,mild_anemia;neurologic_symptoms;normal_coagulation_studies;normal_ferritin;pallor,7,5,4,4,original,False,patient_owns_a_pet_cat
535,Chronic_Lymphocytic_Leukemia,Hemato,False,0.005,medium,HLA_B27;age_over_50;fatigue;immunodeficiency;lymphocytosis;mature_small_lymphocytes;painless_lymphadenopathy;patient_has_private_PPO_insurance,chronic_hemolytic_anemia;low_MCV;neurologic_symptoms;thrombocytopenia;young_age,7,5,4,4,original,False,patient_has_private_PPO_insurance
14,Tension_Headache,Neuro,False,0.2,easy,bilateral_pain;headache;pressing_quality;patient_is_married,aura;elevated_opening_pressure;nausea;vision_changes;vomiting,3,5,3,3,original,False,patient_is_married
447,Sickle_Cell_Disease,Hemato,False,0.003,easy,HbS_on_electrophoresis;chronic_hemolytic_anemia;dactylitis;pain_crisis;sickle_cells;splenomegaly_childhood;patient_has_private_PPO_insurance,high_MCV;normal_RDW;normal_ferritin;target_cells;thrombocytopenia,6,5,4,4,original,False,patient_has_private_PPO_insurance
672,Tuberculosis,Pulmo,False,0.003,hard,chronic_cough;malar_rash;night_sweats;optic_neuritis;positive_AFB;positive_PPD;patient_lives_in_a_two_story_house,barrel_chest;bilateral_hilar_lymphadenopathy;honeycombing_on_CT;productive_cough;smoking_history,6,5,3,4,original,False,patient_lives_in_a_two_story_house
323,Systemic_Lupus,Immuno,True,0.005,hard,electrical_alternans;fatigue;malar_rash;oral_ulcers;positive_ANA;sickle_cells;patient_is_married,DIP_involvement;MSU_crystals;asymmetric_joint,6,3,2,4,original,False,patient_is_married
153,T2_Diabetes,Metabolic,False,0.1,hard,HbA1c_elevated;fatigue;obesity;polydipsia;polyuria;throbbing_quality;patient_owns_a_pet_cat,high_fasting_glucose;hyponatremia;low_cortisol;young_age,6,4,3,4,original,False,patient_owns_a_pet_cat
229,Pheochromocytoma,Metabolic,True,0.0002,easy,diaphoresis;elevated_catecholamines;episodic_hypertension;headache;pallor;palpitations;tachycardia;patient_has_private_PPO_insurance,HbA1c_elevated;low_urine_osmolality;polyuria;purple_striae;weight_gain,7,5,5,5,original,False,patient_has_private_PPO_insurance
654,Pulmonary_Fibrosis,Pulmo,True,0.002,medium,clubbing;dry_cough;progressive_dyspnea;reduced_DLCO;velcro_crackles;patient_has_private_PPO_insurance,chronic_cough;crackles;hemoptysis;reversible_airflow_obstruction;smoking_history,5,5,3,4,original,False,patient_has_private_PPO_insurance
100,Guillain_Barre,Neuro,True,0.0001,easy,areflexia;ascending_weakness;progressive_course;respiratory_difficulty;symmetric_weakness;patient_lives_in_a_two_story_house,fever;lacrimation;upper_motor_neuron_signs;vision_changes,5,4,4,4,original,False,patient_lives_in_a_two_story_house
178,Diabetes_Insipidus,Metabolic,True,0.0003,hard,chronic_cough;dehydration;dilute_urine;dry_cough;polydipsia;patient_has_brown_hair,glycosuria;high_fasting_glucose;polyuria;young_age,5,4,2,4,original,False,patient_has_brown_hair
217,Addison_Disease,Metabolic,True,0.0001,easy,fatigue;hyperkalemia;hyperpigmentation;hyponatremia;hypotension;low_cortisol;salt_craving;patient_is_married,central_obesity;high_fasting_glucose;polydipsia;polyuria;weight_gain;weight_loss_rapid,7,6,5,5,original,False,patient_is_married
363,Reactive_Arthritis,Immuno,True,0.003,easy,asymmetric_joint;conjunctivitis;preceding_infection;urethritis;young_male;patient_shoe_size_9,high_uric_acid;positive_RF;sacroiliac_tenderness,5,3,4,4,original,False,patient_shoe_size_9
10,Migraine,Neuro,False,0.12,hard,aura;dental_caries;duration_4_72hrs;headache;photophobia;throbbing_quality;unilateral_pain;patient_is_married,altered_mental_status;elevated_opening_pressure;papilledema;pressing_quality,7,4,2,3,original,False,patient_is_married
63,Multiple_Sclerosis,Neuro,True,0.003,easy,balance_problems;fatigue;lhermitte_sign;numbness;relapsing_remitting_course;vision_changes;white_matter_lesions;patient_blood_type_O_positive,fever;headache;lacrimation;papilledema;periorbital_pain,7,5,4,4,original,False,patient_blood_type_O_positive
539,Chronic_Lymphocytic_Leukemia,Hemato,False,0.005,hard,age_over_50;immunodeficiency;painless_lymphadenopathy;smudge_cells;sneezing;splenomegaly;patient_is_right_handed,petechiae;sickle_cells;young_age,6,3,2,4,original,False,patient_is_right_handed
639,Community_Pneumonia,Pulmo,False,0.01,easy,crackles;elevated_WBC;fever;infiltrate_on_CXR;pleuritic_chest_pain;productive_cough;rigors;patient_owns_a_pet_cat,barrel_chest;persistent_cough,7,2,4,4,original,False,patient_owns_a_pet_cat
324,Systemic_Lupus,Immuno,True,0.005,hard,fatigue;itching;joint_pain;malar_rash;oral_ulcers;serositis;patient_works_as_accountant,crepitus;dry_mouth;positive_RF;sacroiliac_tenderness,6,4,2,4,original,False,patient_works_as_accountant
556,Heart_Failure,Cardio,False,0.02,easy,PND;crackles;dyspnea;elevated_BNP;fatigue;jugular_venous_distension;peripheral_edema;patient_blood_type_O_positive,elevated_D_dimer;pleuritic_chest_pain;radiation_to_arm;sudden_onset;tachycardia,7,5,4,4,original,False,patient_blood_type_O_positive
678,Sarcoidosis_Pulmo,Pulmo,True,0.001,medium,bilateral_hilar_lymphadenopathy;chronic_cough;erythema_nodosum;fatigue;noncaseating_granulomas;uveitis;patient_has_private_PPO_insurance,positive_AFB;progressive_dyspnea;weight_loss_rapid,6,3,3,3,original,False,patient_has_private_PPO_insurance
287,Rheumatoid_Arthritis,Immuno,False,0.01,hard,MCP_PIP_involvement;ST_elevation_focal;morning_stiffness_over_1hr;petechial_rash;positive_RF;rheumatoid_nodules;symmetric_swelling;patient_blood_type_O_positive,asymmetric_joint;joint_pain;tophi,7,3,3,4,original,False,patient_blood_type_O_positive
683,Sarcoidosis_Pulmo,Pulmo,True,0.001,hard,bilateral_hilar_lymphadenopathy;brittle_nails;chronic_cough;erythema_nodosum;fatigue;patient_works_as_accountant,chronic_dyspnea;fever;infiltrate_on_CXR;positive_AFB;sputum_production,5,5,2,3,original,False,patient_works_as_accountant
162,T1_Diabetes,Metabolic,False,0.005,medium,high_fasting_glucose;polydipsia;polyuria;thin_body_habitus;young_age;patient_has_brown_hair,age_over_50;central_obesity;fatigue;gradual_onset;heat_intolerance;hypotension,5,6,4,5,original,False,patient_has_brown_hair
674,Sarcoidosis_Pulmo,Pulmo,True,0.001,easy,bilateral_hilar_lymphadenopathy;chronic_cough;noncaseating_granulomas;uveitis;patient_works_as_accountant,night_sweats;persistent_cough;positive_AFB;progressive_dyspnea;upper_lobe_cavitation,4,5,3,3,original,False,patient_works_as_accountant
313,Systemic_Lupus,Immuno,True,0.005,easy,fatigue;joint_pain;malar_rash;oral_ulcers;photosensitivity;positive_ANA;renal_involvement;serositis;patient_blood_type_O_positive,age_over_50;crepitus;dry_eyes;positive_anti_SSA;sacroiliac_tenderness;tophi,8,6,4,4,original,False,patient_blood_type_O_positive
361,Reactive_Arthritis,Immuno,True,0.003,easy,asymmetric_joint;conjunctivitis;dactylitis;enthesitis;preceding_infection;urethritis;patient_has_brown_hair,DIP_involvement;crepitus;malar_rash;psoriasis,6,4,4,4,original,False,patient_has_brown_hair
510,Polycythemia_Vera,Hemato,True,0.0005,medium,JAK2_mutation;elevated_hematocrit;elevated_hemoglobin;splenomegaly;patient_has_brown_hair,HbS_on_electrophoresis;chronic_hemolytic_anemia;pain_crisis;pallor,4,4,4,4,original,False,patient_has_brown_hair
633,COPD,Pulmo,False,0.06,hard,FEV1_reduced;ST_elevation_focal;barrel_chest;chronic_cough;chronic_dyspnea;positive_kernig;prolonged_expiration;smoking_history;patient_commutes_by_bicycle,,8,0,3,4,original,False,patient_commutes_by_bicycle
616,Cardiac_Tamponade,Cardio,True,0.0005,easy,electrical_alternans;hypotension;jugular_venous_distension;muffled_heart_sounds;pericardial_effusion;pulsus_paradoxus;tachycardia;patient_is_right_handed,chest_pain;crackles;dyspnea;elevated_D_dimer;peripheral_edema;pleuritic_chest_pain;tearing_chest_pain,7,7,4,4,original,False,patient_is_right_handed
658,Pulmonary_Fibrosis,Pulmo,True,0.002,hard,clubbing;honeycombing_on_CT;low_TSH;normal_B12;velcro_crackles;patient_commutes_by_bicycle,chronic_cough;productive_cough;smoking_history;sputum_production,5,4,2,4,original,False,patient_commutes_by_bicycle
236,Pheochromocytoma,Metabolic,True,0.0002,medium,diaphoresis;elevated_catecholamines;episodic_hypertension;immunodeficiency;pallor;tachycardia;patient_lives_in_a_two_story_house,bradycardia;elevated_TSH;fatigue;low_urine_osmolality,6,4,4,5,original,False,patient_lives_in_a_two_story_house
540,Chronic_Lymphocytic_Leukemia,Hemato,False,0.005,hard,ST_elevation_focal;immunodeficiency;lymphocytosis;painless_lymphadenopathy;patient_arrived_by_personal_vehicle,Reed_Sternberg_cells;neurologic_symptoms;petechiae;sickle_cells;young_age,4,5,2,4,original,False,patient_arrived_by_personal_vehicle
285,Rheumatoid_Arthritis,Immuno,False,0.01,hard,MCP_PIP_involvement;dyspnea;elevated_ESR;fatigue;joint_pain;morning_stiffness_over_1hr;palpitations;positive_RF;rheumatoid_nodules;patient_has_private_PPO_insurance,positive_anti_SSA;psoriasis;sacroiliac_tenderness,9,3,3,4,original,False,patient_has_private_PPO_insurance
322,Systemic_Lupus,Immuno,True,0.005,hard,acute_joint_pain;blurred_vision;joint_pain;oral_ulcers;positive_ANA;patient_is_married,asymmetric_joint;inflammatory_back_pain;morning_stiffness_over_1hr,5,3,2,4,original,False,patient_is_married
31,Bacterial_Meningitis,Neuro,False,0.002,medium,altered_mental_status;elevated_cortisol;headache;neck_stiffness;petechial_rash;photophobia;patient_has_private_PPO_insurance,autonomic_features;focal_neuro_deficit;gradual_onset;periorbital_pain;relapsing_remitting_course;speech_difficulty,6,6,3,4,original,False,patient_has_private_PPO_insurance
19,Tension_Headache,Neuro,False,0.2,medium,bilateral_pain;headache;muscle_tension;stress;patient_is_married,nausea;papilledema;sudden_onset;throbbing_quality,4,4,2,3,original,False,patient_is_married
620,Cardiac_Tamponade,Cardio,True,0.0005,medium,electrical_alternans;hypotension;muffled_heart_sounds;pulsus_paradoxus;tachycardia;patient_has_brown_hair,crackles;elevated_BNP;peripheral_edema;pleuritic_chest_pain;troponin_elevated;widened_mediastinum,5,6,3,4,original,False,patient_has_brown_hair
468,ITP,Hemato,True,0.0001,hard,bruising;megakaryocyte_hyperplasia;no_splenomegaly;normal_coagulation_studies;petechiae;pleuritic_chest_pain;thunderclap_headache;patient_is_married,HbS_on_electrophoresis;fever;renal_failure;splenomegaly,7,4,3,4,original,False,patient_is_married
438,Thalassemia_Trait,Hemato,False,0.01,medium,family_history;mild_anemia;normal_RDW;normal_ferritin;splenomegaly;target_cells;patient_blood_type_O_positive,diarrhea;high_MCV;low_ferritin;pain_crisis;peripheral_neuropathy;thrombocytopenia,6,6,4,5,original,False,patient_blood_type_O_positive
161,T1_Diabetes,Metabolic,False,0.005,medium,high_fasting_glucose;ketoacidosis;mild_anemia;polydipsia;polyuria;young_age;patient_is_right_handed,age_over_50;gradual_onset;hyperpigmentation;low_TSH;low_cortisol,6,5,5,5,original,False,patient_is_right_handed
168,T1_Diabetes,Metabolic,False,0.005,hard,autoantibodies_positive;high_fasting_glucose;ketoacidosis;low_ferritin;polydipsia;polyuria;thin_body_habitus;patient_prefers_tea_over_coffee,fatigue;hyperpigmentation;purple_striae,7,3,4,5,original,False,patient_prefers_tea_over_coffee
131,Epilepsy,Neuro,False,0.01,hard,EEG_abnormality;peripheral_neuropathy;postictal_confusion;recurrent_episodes;seizures;patient_has_brown_hair,ascending_weakness;neck_stiffness;vision_changes,5,3,2,3,original,False,patient_has_brown_hair
318,Systemic_Lupus,Immuno,True,0.005,medium,fatigue;isolated_thrombocytopenia;joint_pain;malar_rash;photosensitivity;renal_involvement;serositis;patient_has_private_PPO_insurance,MSU_crystals;age_over_50;asymmetric_joint;positive_anti_SSA,7,4,3,4,original,False,patient_has_private_PPO_insurance
607,Pericarditis,Cardio,False,0.003,medium,diffuse_ST_elevation;pain_worse_supine;pericardial_effusion;pleuritic_chest_pain;viral_prodrome;patient_shoe_size_9,elevated_D_dimer;fatigue;radiation_to_arm;troponin_markedly_elevated,5,4,3,4,original,False,patient_shoe_size_9
147,T2_Diabetes,Metabolic,False,0.1,easy,HbA1c_elevated;acanthosis_nigricans;high_fasting_glucose;polydipsia;polyuria;patient_commutes_by_bicycle,central_obesity;cold_intolerance;elevated_cortisol;tachycardia,5,4,4,4,original,False,patient_commutes_by_bicycle
346,Ankylosing_Spondylitis,Immuno,True,0.002,hard,inflammatory_back_pain;morning_stiffness_over_1hr;relief_with_glucose;uveitis;young_male;patient_is_married,acute_joint_pain;dry_eyes;joint_pain;positive_ANA,5,4,2,4,original,False,patient_is_married
454,Sickle_Cell_Disease,Hemato,False,0.003,hard,HbS_on_electrophoresis;chronic_hemolytic_anemia;dactylitis;relief_with_glucose;sickle_cells;patient_shoe_size_9,high_MCV;low_B12;low_MCV;target_cells,5,4,3,4,original,False,patient_shoe_size_9
129,Epilepsy,Neuro,False,0.01,hard,EEG_abnormality;hyperuricemia;hypocellular_bone_marrow;incontinence;recurrent_episodes;seizures;patient_prefers_tea_over_coffee,ascending_weakness;elevated_opening_pressure;neck_stiffness;relapsing_remitting_course;unilateral_pain,6,5,2,3,original,False,patient_prefers_tea_over_coffee
379,Allergic_Rhinitis,Immuno,False,0.2,medium,itching;pale_nasal_mucosa;sneezing;watery_eyes;patient_is_married,fatigue;fever;inflammatory_back_pain;morning_stiffness_over_1hr,4,4,3,4,original,False,patient_is_married
385,Asthma,Immuno,False,0.08,easy,chest_tightness;dyspnea;episodic_symptoms;reversible_airflow_obstruction;wheezing;patient_is_right_handed,crackles;fever;rash;sacroiliac_tenderness,5,4,4,4,original,False,patient_is_right_handed
62,Multiple_Sclerosis,Neuro,True,0.003,easy,fatigue;numbness;relapsing_remitting_course;vision_changes;white_matter_lesions;patient_has_brown_hair,autonomic_features;fever;headache;papilledema;speech_difficulty,5,5,4,4,original,False,patient_has_brown_hair
428,B12_Deficiency,Hemato,False,0.03,medium,high_MCV;hypersegmented_neutrophils;low_B12;peripheral_neuropathy;subacute_combined_degeneration;patient_is_married,HbS_on_electrophoresis;diarrhea;low_MCV;low_ferritin;pallor,5,5,3,4,original,False,patient_is_married
676,Sarcoidosis_Pulmo,Pulmo,True,0.001,easy,bilateral_hilar_lymphadenopathy;chronic_cough;fatigue;hypercalcemia;noncaseating_granulomas;uveitis;patient_is_married,crackles;fever;honeycombing_on_CT;infiltrate_on_CXR;positive_AFB;progressive_dyspnea;sputum_production,6,7,3,3,original,False,patient_is_married
150,T2_Diabetes,Metabolic,False,0.1,medium,HbA1c_elevated;fatigue;high_fasting_glucose;obesity;polyuria;ptosis;patient_is_married,cold_intolerance;heat_intolerance;tachycardia;young_age,6,4,3,4,original,False,patient_is_married
362,Reactive_Arthritis,Immuno,True,0.003,easy,asymmetric_joint;conjunctivitis;dactylitis;preceding_infection;urethritis;young_male;patient_is_right_handed,DIP_involvement;morning_stiffness_over_1hr;positive_ANA;positive_RF;symmetric_swelling,6,5,4,4,original,False,patient_is_right_handed
373,Allergic_Rhinitis,Immuno,False,0.2,easy,clear_rhinorrhea;itching;nasal_congestion;pale_nasal_mucosa;seasonal_pattern;sneezing;watery_eyes;patient_is_married,HLA_B27;fatigue;fever;inflammatory_back_pain;morning_stiffness_over_1hr;positive_RF;psoriasis,7,7,4,4,original,False,patient_is_married
7,Migraine,Neuro,False,0.12,medium,HLA_B27;aura;duration_4_72hrs;headache;nausea;photophobia;patient_commutes_by_bicycle,focal_neuro_deficit;neck_stiffness;papilledema;relapsing_remitting_course,6,4,3,3,original,False,patient_commutes_by_bicycle
252,Insulinoma,Metabolic,True,4e-05,hard,confusion;elevated_insulin_during_hypoglycemia;normal_B12;relief_with_glucose;sudden_onset;whipple_triad;patient_is_married,HbA1c_elevated;high_fasting_glucose;polydipsia;polyuria;weight_gain,6,5,3,5,original,False,patient_is_married
211,Cushing_Syndrome,Metabolic,True,0.001,medium,central_obesity;easy_bruising;elevated_cortisol;hyperglycemia;hypertension;moon_face;restrictive_pattern;patient_works_as_accountant,hyperpigmentation;low_cortisol;polydipsia;polyuria,7,4,3,4,original,False,patient_works_as_accountant
239,Pheochromocytoma,Metabolic,True,0.0002,hard,elevated_catecholamines;episodic_hypertension;headache;optic_neuritis;pallor;postictal_confusion;patient_lives_in_a_two_story_house,elevated_cortisol;polydipsia;young_age,6,3,3,5,original,False,patient_lives_in_a_two_story_house
33,Bacterial_Meningitis,Neuro,False,0.002,hard,fever;neck_stiffness;photophobia;positive_AFB;positive_brudzinski;positive_kernig;patient_owns_a_pet_cat,aura;bilateral_pain;periorbital_pain,6,3,2,4,original,False,patient_owns_a_pet_cat
58,Idiopathic_Intracranial_HTN,Neuro,True,0.001,hard,elevated_opening_pressure;fatigable_weakness;female;heat_intolerance;papilledema;tinnitus;transient_visual_obscurations;vision_changes;patient_works_as_accountant,fever;headache;neck_stiffness;unilateral_pain,8,4,3,4,original,False,patient_works_as_accountant
258,Metabolic_Syndrome,Metabolic,False,0.12,medium,central_obesity;high_fasting_glucose;high_triglycerides;hypertension;hyperuricemia;low_HDL;patient_is_married,heat_intolerance;low_cortisol;polydipsia;polyuria;thin_body_habitus;weight_loss_rapid,6,6,5,5,original,False,patient_is_married
631,COPD,Pulmo,False,0.06,medium,chronic_cough;chronic_dyspnea;sputum_production;unilateral_leg_swelling;patient_is_right_handed,eosinophilia;infiltrate_on_CXR;noncaseating_granulomas;reversible_airflow_obstruction;young_age,4,5,3,4,original,False,patient_is_right_handed
88,Parkinsons_Disease,Neuro,False,0.01,easy,asymmetric_onset;bradykinesia;masked_facies;resting_tremor;rigidity;shuffling_gait;patient_is_right_handed,bilateral_pain;fever;nausea;pressing_quality;relapsing_remitting_course;young_age,6,6,4,4,original,False,patient_is_right_handed
137,Subarachnoid_Hemorrhage,Neuro,True,0.001,medium,loss_of_consciousness;neck_stiffness;sacroiliac_tenderness;sudden_onset;thunderclap_headache;vomiting;worst_headache_of_life;patient_is_married,aura;autonomic_features;elevated_opening_pressure;fever;photophobia;vision_changes,7,6,4,4,original,False,patient_is_married
682,Sarcoidosis_Pulmo,Pulmo,True,0.001,hard,chronic_cough;erythema_nodosum;fatigue;hypercalcemia;noncaseating_granulomas;rhinorrhea;patient_owns_a_pet_cat,infiltrate_on_CXR;positive_AFB;sputum_production,6,3,2,3,original,False,patient_owns_a_pet_cat
92,Parkinsons_Disease,Neuro,False,0.01,medium,asymmetric_onset;masked_facies;micrographia;resting_tremor;rigidity;patient_commutes_by_bicycle,altered_mental_status;bilateral_pain;headache;numbness;vision_changes,5,5,3,4,original,False,patient_commutes_by_bicycle
597,Aortic_Dissection,Cardio,True,0.0003,hard,Marfan_history;blood_pressure_differential;pruritus_after_bathing;sudden_onset;tearing_chest_pain;patient_shoe_size_9,ST_elevation;diffuse_ST_elevation;elevated_BNP,5,3,3,4,original,False,patient_shoe_size_9
500,Hodgkin_Lymphoma,Hemato,False,0.003,medium,B_symptoms;Reed_Sternberg_cells;night_sweats;weight_loss_rapid;patient_is_married,low_MCV;low_ferritin;petechiae;schistocytes,4,4,2,3,original,False,patient_is_married
82,Stroke_Ischemic,Neuro,False,0.03,hard,arm_weakness;dry_mouth;focal_neuro_deficit;hypertension;sudden_onset;patient_arrived_by_personal_vehicle,fever;gradual_onset;neck_stiffness;numbness;vision_changes,5,5,2,3,original,False,patient_arrived_by_personal_vehicle
485,HUS,Hemato,True,2e-05,medium,E_coli_O157;diarrhea;hypoxemia;microangiopathic_hemolytic_anemia;renal_failure;schistocytes;patient_shoe_size_9,HbS_on_electrophoresis;fatigue;neurologic_symptoms;no_diarrhea,6,4,4,5,original,False,patient_shoe_size_9
207,Cushing_Syndrome,Metabolic,True,0.001,easy,central_obesity;elevated_cortisol;hypertension;moon_face;proximal_muscle_weakness;purple_striae;patient_shoe_size_9,heat_intolerance;hyperpigmentation;ketoacidosis;weight_loss_rapid,6,4,4,4,original,False,patient_shoe_size_9
213,Cushing_Syndrome,Metabolic,True,0.001,hard,central_obesity;cold_intolerance;easy_bruising;hyperglycemia;moon_face;proximal_muscle_weakness;purple_striae;patient_has_brown_hair,fatigue;hypotension;weight_loss_rapid,7,3,3,4,original,False,patient_has_brown_hair
315,Systemic_Lupus,Immuno,True,0.005,easy,fatigue;joint_pain;malar_rash;photosensitivity;positive_ANA;renal_involvement;serositis;patient_commutes_by_bicycle,DIP_involvement;age_over_50;crepitus;morning_stiffness_over_1hr,7,4,4,4,original,False,patient_commutes_by_bicycle
610,Pericarditis,Cardio,False,0.003,hard,diffuse_ST_elevation;facial_droop;fever;pericardial_effusion;pericardial_friction_rub;pleuritic_chest_pain;patient_blood_type_O_positive,dyspnea;radiation_to_arm;tachycardia;tearing_chest_pain,6,4,3,4,original,False,patient_blood_type_O_positive
300,Osteoarthritis,Immuno,False,0.15,hard,DIP_involvement;Heberden_nodes;dry_skin;joint_pain;reduced_ROM;stiffness_under_30min;vomiting;patient_is_right_handed,MSU_crystals;dactylitis;malar_rash;morning_stiffness_over_1hr,7,4,2,4,original,False,patient_is_right_handed
191,Hypothyroidism,Metabolic,False,0.05,hard,delayed_reflexes;elevated_TSH;fatigue;limited_spinal_mobility;patient_arrived_by_personal_vehicle,low_urine_osmolality;moon_face;polydipsia;tachycardia,4,4,2,4,original,False,patient_arrived_by_personal_vehicle
365,Reactive_Arthritis,Immuno,True,0.003,medium,asymmetric_joint;conjunctivitis;enthesitis;hypotension;urethritis;patient_blood_type_O_positive,DIP_involvement;MSU_crystals;crepitus;dactylitis;positive_RF;symmetric_swelling,5,6,3,4,original,False,patient_blood_type_O_positive
198,Hyperthyroidism,Metabolic,False,0.02,medium,exophthalmos;heat_intolerance;hyperreflexia;low_TSH;tremor;weight_loss_rapid;patient_is_right_handed,HbA1c_elevated;constipation;elevated_TSH;fatigue,6,4,3,4,original,False,patient_is_right_handed
685,Lung_Cancer,Pulmo,False,0.005,easy,hemoptysis;mass_on_imaging;persistent_cough;smoking_history;weight_loss_rapid;patient_works_as_accountant,night_sweats;noncaseating_granulomas;positive_AFB;reversible_airflow_obstruction;sputum_production,5,5,4,4,original,False,patient_works_as_accountant
629,COPD,Pulmo,False,0.06,medium,S3_gallop;chronic_cough;chronic_dyspnea;prolonged_expiration;smoking_history;sputum_production;patient_is_married,eosinophilia;no_smoking_history;noncaseating_granulomas;productive_cough;progressive_dyspnea,6,5,4,4,original,False,patient_is_married
352,Sjogren_Syndrome,Immuno,True,0.004,easy,dry_eyes;dry_mouth;positive_anti_SSA;positive_anti_SSB;patient_is_married,dactylitis,4,1,4,4,original,False,patient_is_married
356,Sjogren_Syndrome,Immuno,True,0.004,medium,dehydration;dry_eyes;dry_mouth;fatigue;joint_pain;positive_anti_SSA;positive_anti_SSB;patient_owns_a_pet_cat,dactylitis;malar_rash;positive_RF;sacroiliac_tenderness;tophi,7,5,4,4,original,False,patient_owns_a_pet_cat
282,Rheumatoid_Arthritis,Immuno,False,0.01,medium,elevated_ESR;joint_pain;low_MCV;morning_stiffness_over_1hr;positive_RF;patient_is_right_handed,DIP_involvement;asymmetric_joint;dactylitis;psoriasis,5,4,3,4,original,False,patient_is_right_handed
439,Thalassemia_Trait,Hemato,False,0.01,medium,JAK2_mutation;mild_anemia;normal_RDW;normal_ferritin;target_cells;patient_works_as_accountant,high_MCV;low_B12;microangiopathic_hemolytic_anemia;pallor;peripheral_neuropathy;thrombocytopenia,5,6,4,5,original,False,patient_works_as_accountant
275,Primary_Hyperaldosteronism,Metabolic,True,0.001,hard,elevated_aldosterone;hypertension;hypokalemia;metabolic_alkalosis;petechial_rash;postictal_confusion;patient_prefers_tea_over_coffee,HbA1c_elevated;heat_intolerance;hyperkalemia;hyperpigmentation;hypotension,6,5,3,4,original,False,patient_prefers_tea_over_coffee
687,Lung_Cancer,Pulmo,False,0.005,easy,hemoptysis;mass_on_imaging;persistent_cough;weight_loss_rapid;patient_prefers_tea_over_coffee,bilateral_hilar_lymphadenopathy;positive_AFB;velcro_crackles,4,3,4,4,original,False,patient_prefers_tea_over_coffee
267,Primary_Hyperaldosteronism,Metabolic,True,0.001,easy,adrenal_mass;elevated_aldosterone;hypertension;hypokalemia;low_renin;muscle_weakness;patient_arrived_by_personal_vehicle,elevated_cortisol;low_TSH;polyuria;purple_striae;young_age,6,5,4,4,original,False,patient_arrived_by_personal_vehicle
22,Tension_Headache,Neuro,False,0.2,hard,acute_joint_pain;bilateral_pain;erythema_nodosum;headache;mild_photophobia;muscle_tension;patient_arrived_by_personal_vehicle,elevated_opening_pressure;nausea;vision_changes,6,3,2,3,original,False,patient_arrived_by_personal_vehicle
455,Sickle_Cell_Disease,Hemato,False,0.003,hard,HbS_on_electrophoresis;areflexia;chronic_hemolytic_anemia;dactylitis;pain_crisis;splenomegaly_childhood;patient_prefers_tea_over_coffee,fatigue;low_MCV;low_ferritin;schistocytes;target_cells,6,5,3,4,original,False,patient_prefers_tea_over_coffee
340,Ankylosing_Spondylitis,Immuno,True,0.002,easy,HLA_B27;enthesitis;inflammatory_back_pain;morning_stiffness_over_1hr;sacroiliac_tenderness;patient_arrived_by_personal_vehicle,crepitus;dry_mouth;photosensitivity;positive_RF;positive_anti_SSA,5,5,4,4,original,False,patient_arrived_by_personal_vehicle
651,Pulmonary_Fibrosis,Pulmo,True,0.002,easy,age_over_50;clubbing;dry_cough;honeycombing_on_CT;progressive_dyspnea;velcro_crackles;patient_prefers_tea_over_coffee,fever;infiltrate_on_CXR;reversible_airflow_obstruction;smoking_history,6,4,4,4,original,False,patient_prefers_tea_over_coffee
264,Metabolic_Syndrome,Metabolic,False,0.12,hard,central_obesity;fatty_liver;high_triglycerides;hypertension;hyperuricemia;low_HDL;muscle_weakness;pruritus;patient_arrived_by_personal_vehicle,elevated_cortisol;ketoacidosis;low_TSH;young_age,8,4,4,5,original,False,patient_arrived_by_personal_vehicle
39,Cluster_Headache,Neuro,True,0.001,easy,autonomic_features;conjunctival_injection;duration_15min_3hrs;headache;lacrimation;periorbital_pain;ptosis;rhinorrhea;unilateral_pain;patient_lives_in_a_two_story_house,elevated_opening_pressure;fever;nausea,9,3,5,5,original,False,patient_lives_in_a_two_story_house
165,T1_Diabetes,Metabolic,False,0.005,hard,high_fasting_glucose;polydipsia;tophi;young_age;patient_shoe_size_9,acanthosis_nigricans;fatigue;purple_striae,4,3,3,5,original,False,patient_shoe_size_9
627,COPD,Pulmo,False,0.06,easy,barrel_chest;chronic_cough;chronic_dyspnea;decreased_breath_sounds;smoking_history;sputum_production;patient_owns_a_pet_cat,eosinophilia;noncaseating_granulomas;productive_cough;progressive_dyspnea,6,4,4,4,original,False,patient_owns_a_pet_cat
181,Hypothyroidism,Metabolic,False,0.05,easy,bradycardia;cold_intolerance;constipation;delayed_reflexes;elevated_TSH;fatigue;hair_loss;weight_gain;patient_is_married,heat_intolerance;high_fasting_glucose;hyperpigmentation;low_TSH;low_urine_osmolality;purple_striae;young_age,8,7,4,4,original,False,patient_is_married
279,Rheumatoid_Arthritis,Immuno,False,0.01,easy,joint_pain;morning_stiffness_over_1hr;positive_RF;symmetric_swelling;patient_lives_in_a_two_story_house,DIP_involvement;MSU_crystals;asymmetric_joint;back_pain;malar_rash;sacroiliac_tenderness;tophi,4,7,4,4,original,False,patient_lives_in_a_two_story_house
203,Hyperthyroidism,Metabolic,False,0.02,hard,diarrhea;heat_intolerance;hyperreflexia;low_TSH;positive_anti_SSB;patient_is_right_handed,bradycardia;constipation;elevated_TSH;polyuria,5,4,2,4,original,False,patient_is_right_handed
668,Tuberculosis,Pulmo,False,0.003,medium,fever;hemoptysis;night_sweats;positive_AFB;weight_loss_rapid;patient_blood_type_O_positive,honeycombing_on_CT;velcro_crackles,5,2,3,4,original,False,patient_blood_type_O_positive
230,Pheochromocytoma,Metabolic,True,0.0002,easy,diaphoresis;elevated_catecholamines;episodic_hypertension;headache;tachycardia;patient_lives_in_a_two_story_house,bradycardia;cold_intolerance;dilute_urine;ketoacidosis;low_cortisol;polyuria,5,6,5,5,original,False,patient_lives_in_a_two_story_house
541,Aplastic_Anemia,Hemato,True,2e-05,easy,bleeding;fatigue;hypocellular_bone_marrow;pancytopenia;petechiae;recurrent_infections;patient_is_married,elevated_hemoglobin;fever;normal_RDW;normal_ferritin;pallor,6,5,5,5,original,False,patient_is_married
83,Stroke_Ischemic,Neuro,False,0.03,hard,arm_weakness;chronic_cough;focal_neuro_deficit;hypertension;sudden_onset;patient_is_right_handed,fatigue;gradual_onset;headache;papilledema,5,4,2,3,original,False,patient_is_right_handed
543,Aplastic_Anemia,Hemato,True,2e-05,easy,bleeding;fatigue;hypocellular_bone_marrow;pallor;pancytopenia;petechiae;recurrent_infections;reticulocytopenia;patient_has_private_PPO_insurance,HbS_on_electrophoresis;JAK2_mutation;fever;lymphocytosis;no_splenomegaly,8,5,5,5,original,False,patient_has_private_PPO_insurance
208,Cushing_Syndrome,Metabolic,True,0.001,easy,central_obesity;easy_bruising;elevated_cortisol;hyperglycemia;moon_face;purple_striae;patient_owns_a_pet_cat,fatigue;low_cortisol;polydipsia;polyuria;tachycardia;weight_loss_rapid,6,6,4,4,original,False,patient_owns_a_pet_cat
418,Iron_Deficiency_Anemia,Hemato,False,0.08,hard,delayed_reflexes;dental_caries;koilonychia;low_MCV;low_ferritin;pallor;patient_has_private_PPO_insurance,jaundice;low_B12;mild_anemia;target_cells,6,4,3,4,original,False,patient_has_private_PPO_insurance
443,Thalassemia_Trait,Hemato,False,0.01,hard,low_MCV;muffled_heart_sounds;normal_ferritin;splenomegaly;target_cells;unilateral_pain;patient_has_private_PPO_insurance,fatigue;neurologic_symptoms;thrombocytopenia,6,3,3,5,original,False,patient_has_private_PPO_insurance
273,Primary_Hyperaldosteronism,Metabolic,True,0.001,hard,HbA1c_elevated;adrenal_mass;hypokalemia;low_renin;metabolic_alkalosis;muscle_weakness;velcro_crackles;patient_commutes_by_bicycle,high_fasting_glucose;weight_gain;weight_loss_rapid,7,3,2,4,original,False,patient_commutes_by_bicycle
480,TTP,Hemato,True,3e-05,hard,fever;microangiopathic_hemolytic_anemia;neurologic_symptoms;renal_failure;target_cells;thrombocytopenia;patient_shoe_size_9,fatigue;isolated_thrombocytopenia;low_B12;normal_coagulation_studies,6,4,4,5,original,False,patient_shoe_size_9
448,Sickle_Cell_Disease,Hemato,False,0.003,easy,African_descent;HbS_on_electrophoresis;chronic_hemolytic_anemia;dactylitis;pain_crisis;sickle_cells;patient_prefers_tea_over_coffee,fatigue;high_MCV;low_ferritin;no_splenomegaly;target_cells;thrombocytopenia,6,6,4,4,original,False,patient_prefers_tea_over_coffee
623,Cardiac_Tamponade,Cardio,True,0.0005,hard,African_descent;electrical_alternans;hypotension;jugular_venous_distension;pulsus_paradoxus;tachycardia;patient_commutes_by_bicycle,diffuse_ST_elevation;peripheral_edema;troponin_elevated,6,3,3,4,original,False,patient_commutes_by_bicycle
50,Idiopathic_Intracranial_HTN,Neuro,True,0.001,easy,elevated_opening_pressure;headache;obesity;papilledema;transient_visual_obscurations;vision_changes;patient_prefers_tea_over_coffee,focal_neuro_deficit;lacrimation;relapsing_remitting_course;unilateral_pain,6,4,4,4,original,False,patient_prefers_tea_over_coffee
416,Iron_Deficiency_Anemia,Hemato,False,0.08,medium,African_descent;fatigue;glossitis;koilonychia;low_MCV;pallor;pica;patient_has_private_PPO_insurance,mild_anemia;pain_crisis;splenomegaly;thrombocytopenia,7,4,3,4,original,False,patient_has_private_PPO_insurance
695,Lung_Cancer,Pulmo,False,0.005,hard,clubbing;constipation;hemoptysis;mass_on_imaging;orthopnea;smoking_history;superior_vena_cava_syndrome;weight_loss_rapid;patient_works_as_accountant,chronic_cough;dry_cough;productive_cough,8,3,3,4,original,False,patient_works_as_accountant
110,Myasthenia_Gravis,Neuro,True,0.0002,easy,anti_AChR_antibodies;diplopia;dysphagia;fatigable_weakness;fluctuating_symptoms;ptosis;patient_blood_type_O_positive,areflexia;ascending_weakness;photophobia;sensory_loss,6,4,4,4,original,False,patient_blood_type_O_positive
30,Bacterial_Meningitis,Neuro,False,0.002,medium,altered_mental_status;fever;headache;neck_stiffness;positive_kernig;patient_blood_type_O_positive,autonomic_features;gradual_onset;pressing_quality;sudden_onset;vision_changes,5,5,4,4,original,False,patient_blood_type_O_positive
398,Sarcoidosis,Immuno,True,0.001,easy,bilateral_hilar_lymphadenopathy;erythema_nodosum;fatigue;hypercalcemia;noncaseating_granulomas;uveitis;patient_lives_in_a_two_story_house,HLA_B27;dactylitis;high_uric_acid;photosensitivity;positive_RF,6,5,3,3,original,False,patient_lives_in_a_two_story_house
512,Polycythemia_Vera,Hemato,True,0.0005,medium,JAK2_mutation;elevated_hematocrit;elevated_hemoglobin;headache;plethora;pruritus_after_bathing;patient_prefers_tea_over_coffee,anemia;low_MCV;mild_anemia;neurologic_symptoms,6,4,3,4,original,False,patient_prefers_tea_over_coffee
101,Guillain_Barre,Neuro,True,0.0001,medium,areflexia;ascending_weakness;elevated_CSF_protein;preceding_infection;progressive_course;patient_commutes_by_bicycle,asymmetric_onset;bilateral_pain;headache;lacrimation,5,4,3,4,original,False,patient_commutes_by_bicycle
187,Hypothyroidism,Metabolic,False,0.05,medium,bradycardia;cold_intolerance;constipation;delayed_reflexes;dry_skin;elevated_TSH;fatigue;hair_loss;isolated_thrombocytopenia;weight_gain;patient_lives_in_a_two_story_house,HbA1c_elevated;heat_intolerance;purple_striae;tachycardia;young_age,10,5,4,4,original,False,patient_lives_in_a_two_story_house
464,ITP,Hemato,True,0.0001,medium,bruising;isolated_thrombocytopenia;normal_coagulation_studies;petechiae;patient_shoe_size_9,HbS_on_electrophoresis;abnormal_coagulation;chronic_hemolytic_anemia;pallor;target_cells,4,5,3,4,original,False,patient_shoe_size_9
478,TTP,Hemato,True,3e-05,hard,elevated_LDH;facial_droop;fever;neurologic_symptoms;schistocytes;thin_body_habitus;thrombocytopenia;patient_is_right_handed,high_MCV;isolated_thrombocytopenia;microangiopathic_hemolytic_anemia;normal_coagulation_studies,7,4,4,5,original,False,patient_is_right_handed
650,Pulmonary_Fibrosis,Pulmo,True,0.002,easy,age_over_50;dry_cough;honeycombing_on_CT;progressive_dyspnea;velcro_crackles;patient_blood_type_O_positive,chronic_dyspnea;fever;persistent_cough;positive_AFB;reversible_airflow_obstruction,5,5,4,4,original,False,patient_blood_type_O_positive
571,Acute_MI,Cardio,False,0.005,medium,ST_elevation;chest_pain;diaphoresis;elevated_cortisol;radiation_to_arm;risk_factors;troponin_elevated;patient_works_as_accountant,elevated_BNP;orthopnea;peripheral_edema;pleuritic_chest_pain;sudden_onset,7,5,4,4,original,False,patient_works_as_accountant
45,Cluster_Headache,Neuro,True,0.001,hard,autonomic_features;conjunctival_injection;headache;periorbital_pain;rhinorrhea;troponin_markedly_elevated;patient_has_private_PPO_insurance,altered_mental_status;bilateral_pain;duration_4_72hrs;focal_neuro_deficit,6,4,3,5,original,False,patient_has_private_PPO_insurance
382,Allergic_Rhinitis,Immuno,False,0.2,hard,clear_rhinorrhea;immunodeficiency;itching;nasal_congestion;pale_nasal_mucosa;tingling;watery_eyes;patient_is_married,HLA_B27;joint_pain;malar_rash;morning_stiffness_over_1hr;positive_RF,7,5,3,4,original,False,patient_is_married
93,Parkinsons_Disease,Neuro,False,0.01,hard,asymmetric_onset;dyspnea;elevated_catecholamines;postural_instability;rigidity;shuffling_gait;patient_lives_in_a_two_story_house,altered_mental_status;fever;symmetric_onset,6,3,2,4,original,False,patient_lives_in_a_two_story_house
621,Cardiac_Tamponade,Cardio,True,0.0005,hard,Mediterranean_descent;muffled_heart_sounds;pericardial_effusion;pulsus_paradoxus;tachycardia;upper_lobe_cavitation;patient_has_private_PPO_insurance,ST_elevation;crackles;elevated_BNP;pericardial_friction_rub;pleuritic_chest_pain,6,5,2,4,original,False,patient_has_private_PPO_insurance
80,Stroke_Ischemic,Neuro,False,0.03,medium,arm_weakness;focal_neuro_deficit;pain_crisis;sudden_onset;patient_is_married,bilateral_symptoms;fever;gradual_onset;numbness,4,4,2,3,original,False,patient_is_married
200,Hyperthyroidism,Metabolic,False,0.02,medium,anxiety;heat_intolerance;hyperreflexia;low_TSH;velcro_crackles;weight_loss_rapid;patient_has_private_PPO_insurance,dilute_urine;high_fasting_glucose;low_cortisol;polydipsia,6,4,3,4,original,False,patient_has_private_PPO_insurance
65,Multiple_Sclerosis,Neuro,True,0.003,medium,balance_problems;fatigue;hypernatremia;lhermitte_sign;numbness;optic_neuritis;relapsing_remitting_course;vision_changes;patient_has_brown_hair,fever;focal_neuro_deficit;headache;papilledema,8,4,4,4,original,False,patient_has_brown_hair
222,Addison_Disease,Metabolic,True,0.0001,medium,delayed_reflexes;hyperkalemia;hyperpigmentation;hyponatremia;hypotension;low_cortisol;nausea;patient_has_private_PPO_insurance,elevated_cortisol;low_urine_osmolality;polyuria;purple_striae,7,4,4,5,original,False,patient_has_private_PPO_insurance
378,Allergic_Rhinitis,Immuno,False,0.2,medium,itching;lacrimation;nasal_congestion;sneezing;patient_blood_type_O_positive,acute_joint_pain;fatigue;rash;symmetric_swelling,4,4,3,4,original,False,patient_blood_type_O_positive
52,Idiopathic_Intracranial_HTN,Neuro,True,0.001,easy,elevated_opening_pressure;headache;papilledema;vision_changes;patient_owns_a_pet_cat,fever;focal_neuro_deficit;lacrimation;neck_stiffness;relapsing_remitting_course;sudden_onset,4,6,4,4,original,False,patient_owns_a_pet_cat
128,Epilepsy,Neuro,False,0.01,medium,loss_of_consciousness;lymphocytosis;recurrent_episodes;seizures;tongue_biting;patient_shoe_size_9,altered_mental_status;elevated_opening_pressure;headache;lacrimation;neck_stiffness,5,5,3,3,original,False,patient_shoe_size_9
403,Sarcoidosis,Immuno,True,0.001,medium,bilateral_hilar_lymphadenopathy;cough;elevated_ACE;fatigue;hypercalcemia;noncaseating_granulomas;patient_has_private_PPO_insurance,DIP_involvement;dactylitis;morning_stiffness_over_1hr;positive_RF,6,4,3,3,original,False,patient_has_private_PPO_insurance
641,Community_Pneumonia,Pulmo,False,0.01,medium,dyspnea;fever;infiltrate_on_CXR;productive_cough;patient_is_right_handed,barrel_chest;reversible_airflow_obstruction;smoking_history;weight_loss_rapid,4,4,3,4,original,False,patient_is_right_handed
241,Insulinoma,Metabolic,True,4e-05,easy,confusion;diaphoresis;elevated_insulin_during_hypoglycemia;fasting_hypoglycemia;pancreatic_mass;relief_with_glucose;whipple_triad;patient_has_private_PPO_insurance,HbA1c_elevated;cold_intolerance;ketoacidosis;polydipsia;polyuria;weight_loss_rapid,7,6,5,5,original,False,patient_has_private_PPO_insurance
446,Sickle_Cell_Disease,Hemato,False,0.003,easy,African_descent;HbS_on_electrophoresis;chronic_hemolytic_anemia;pain_crisis;sickle_cells;patient_lives_in_a_two_story_house,diarrhea;fever;high_MCV;microangiopathic_hemolytic_anemia;target_cells,5,5,4,4,original,False,patient_lives_in_a_two_story_house
135,Subarachnoid_Hemorrhage,Neuro,True,0.001,easy,neck_stiffness;sudden_onset;thunderclap_headache;worst_headache_of_life;xanthochromia_CSF;patient_blood_type_O_positive,aura;gradual_onset;headache;pressing_quality,5,4,4,4,original,False,patient_blood_type_O_positive
692,Lung_Cancer,Pulmo,False,0.005,medium,hemoptysis;mass_on_imaging;persistent_cough;postictal_confusion;weight_loss_rapid;patient_lives_in_a_two_story_house,bilateral_hilar_lymphadenopathy;fever;honeycombing_on_CT;noncaseating_granulomas;reversible_airflow_obstruction;velcro_crackles,5,6,4,4,original,False,patient_lives_in_a_two_story_house
613,Cardiac_Tamponade,Cardio,True,0.0005,easy,hypotension;jugular_venous_distension;muffled_heart_sounds;pulsus_paradoxus;tachycardia;patient_has_private_PPO_insurance,blood_pressure_differential;fatigue;pleuritic_chest_pain;sudden_dyspnea,5,4,4,4,original,False,patient_has_private_PPO_insurance
139,Subarachnoid_Hemorrhage,Neuro,True,0.001,medium,neck_stiffness;sudden_onset;thunderclap_headache;xanthochromia_CSF;patient_arrived_by_personal_vehicle,fever;headache;numbness;papilledema,4,4,3,4,original,False,patient_arrived_by_personal_vehicle
353,Sjogren_Syndrome,Immuno,True,0.004,medium,dry_eyes;dry_mouth;positive_anti_SSA;positive_anti_SSB;patient_commutes_by_bicycle,age_over_50;asymmetric_joint;crepitus;dactylitis;joint_pain;positive_ANA,4,6,4,4,original,False,patient_commutes_by_bicycle
170,Diabetes_Insipidus,Metabolic,True,0.0003,easy,dehydration;dilute_urine;hypernatremia;low_urine_osmolality;nocturia;polydipsia;polyuria;patient_lives_in_a_two_story_house,central_obesity;elevated_TSH;fatigue;purple_striae;tachycardia,7,5,4,4,original,False,patient_lives_in_a_two_story_house
270,Primary_Hyperaldosteronism,Metabolic,True,0.001,medium,elevated_aldosterone;hypertension;hypokalemia;low_renin;muscle_weakness;patient_owns_a_pet_cat,HbA1c_elevated;elevated_cortisol;ketoacidosis;weight_gain,5,4,4,4,original,False,patient_owns_a_pet_cat
528,Hemophilia_A,Hemato,True,0.0001,hard,easy_bruising;exophthalmos;hemarthrosis;male;mature_small_lymphocytes;muscle_hematomas;prolonged_aPTT;prolonged_bleeding;patient_is_married,neurologic_symptoms;normal_RDW;pain_crisis,8,3,3,4,original,False,patient_is_married
680,Sarcoidosis_Pulmo,Pulmo,True,0.001,medium,bilateral_hilar_lymphadenopathy;chronic_cough;elevated_ACE;fatigue;noncaseating_granulomas;positive_anti_SSB;uveitis;patient_shoe_size_9,chronic_dyspnea;persistent_cough;positive_AFB;sputum_production;upper_lobe_cavitation;weight_loss_rapid,7,6,3,3,original,False,patient_shoe_size_9
415,Iron_Deficiency_Anemia,Hemato,False,0.08,medium,brittle_nails;fatigue;low_MCV;low_ferritin;pallor;pica;patient_lives_in_a_two_story_house,chronic_hemolytic_anemia;diarrhea;high_MCV;microangiopathic_hemolytic_anemia;peripheral_neuropathy,6,5,4,4,original,False,patient_lives_in_a_two_story_house
107,Guillain_Barre,Neuro,True,0.0001,hard,ascending_weakness;high_triglycerides;progressive_course;patient_is_married,headache;lacrimation;vision_changes,3,3,2,4,original,False,patient_is_married
545,Aplastic_Anemia,Hemato,True,2e-05,medium,bleeding;hypocellular_bone_marrow;pancytopenia;recurrent_infections;reticulocytopenia;patient_works_as_accountant,lymphocytosis;microangiopathic_hemolytic_anemia;normal_ferritin;petechiae,5,4,4,5,original,False,patient_works_as_accountant
304,Gout,Immuno,False,0.04,easy,MSU_crystals;acute_joint_pain;asymmetric_joint;high_uric_acid;podagra;rapid_onset_hours;warmth;patient_arrived_by_personal_vehicle,age_over_50;dactylitis;joint_pain;morning_stiffness_over_1hr;psoriasis,7,5,4,4,original,False,patient_arrived_by_personal_vehicle
314,Systemic_Lupus,Immuno,True,0.005,easy,cytopenias;joint_pain;malar_rash;photosensitivity;positive_ANA;patient_owns_a_pet_cat,asymmetric_joint;crepitus;dry_mouth;high_uric_acid;sacroiliac_tenderness,5,5,4,4,original,False,patient_owns_a_pet_cat
482,HUS,Hemato,True,2e-05,easy,E_coli_O157;bloody_diarrhea;diarrhea;microangiopathic_hemolytic_anemia;renal_failure;schistocytes;thrombocytopenia;patient_owns_a_pet_cat,fatigue;high_MCV;low_B12;neurologic_symptoms;normal_coagulation_studies;pallor;sickle_cells,7,7,5,5,original,False,patient_owns_a_pet_cat
358,Sjogren_Syndrome,Immuno,True,0.004,hard,dry_eyes;elevated_cortisol;parotid_enlargement;positive_anti_SSA;worst_headache_of_life;patient_blood_type_O_positive,MSU_crystals;asymmetric_joint;crepitus,5,3,2,4,original,False,patient_blood_type_O_positive
24,Tension_Headache,Neuro,False,0.2,hard,EEG_abnormality;bilateral_pain;headache;mild_photophobia;patient_works_as_accountant,altered_mental_status;papilledema;relapsing_remitting_course,4,3,2,3,original,False,patient_works_as_accountant
9,Migraine,Neuro,False,0.12,hard,S3_gallop;headache;photophobia;throbbing_quality;unilateral_pain;patient_prefers_tea_over_coffee,focal_neuro_deficit;neck_stiffness;papilledema;vision_changes,5,4,2,3,original,False,patient_prefers_tea_over_coffee
532,Chronic_Lymphocytic_Leukemia,Hemato,False,0.005,easy,age_over_50;fatigue;immunodeficiency;lymphocytosis;mature_small_lymphocytes;painless_lymphadenopathy;smudge_cells;splenomegaly;patient_prefers_tea_over_coffee,HbS_on_electrophoresis;low_B12;low_MCV;low_ferritin;microangiopathic_hemolytic_anemia;mild_anemia;schistocytes,8,7,4,4,original,False,patient_prefers_tea_over_coffee
20,Tension_Headache,Neuro,False,0.2,medium,bilateral_pain;mild_photophobia;muscle_tension;pressing_quality;proximal_muscle_weakness;patient_owns_a_pet_cat,aura;headache;nausea;neck_stiffness;papilledema;photophobia,5,6,2,3,original,False,patient_owns_a_pet_cat
551,Aplastic_Anemia,Hemato,True,2e-05,hard,bleeding;fatigue;hypokalemia;pancytopenia;petechiae;positive_AFB;recurrent_infections;reticulocytopenia;patient_prefers_tea_over_coffee,Reed_Sternberg_cells;fever;lymphocytosis;neurologic_symptoms;pain_crisis,8,5,4,5,original,False,patient_prefers_tea_over_coffee
506,Polycythemia_Vera,Hemato,True,0.0005,easy,JAK2_mutation;elevated_hematocrit;elevated_hemoglobin;pruritus_after_bathing;splenomegaly;patient_works_as_accountant,fatigue;isolated_thrombocytopenia;normal_ferritin;pallor;petechiae,5,5,4,4,original,False,patient_works_as_accountant
332,Psoriatic_Arthritis,Immuno,True,0.002,medium,DIP_involvement;asymmetric_joint;dactylitis;enthesitis;nail_pitting;psoriasis;patient_arrived_by_personal_vehicle,MSU_crystals;high_uric_acid;joint_pain;malar_rash;morning_stiffness_over_1hr,6,5,2,3,original,False,patient_arrived_by_personal_vehicle
423,B12_Deficiency,Hemato,False,0.03,easy,fatigue;glossitis;high_MCV;low_B12;peripheral_neuropathy;subacute_combined_degeneration;patient_owns_a_pet_cat,diarrhea;microangiopathic_hemolytic_anemia;normal_B12;pain_crisis;petechiae;schistocytes;sickle_cells,6,7,4,4,original,False,patient_owns_a_pet_cat
388,Asthma,Immuno,False,0.08,easy,chest_tightness;dyspnea;episodic_symptoms;reversible_airflow_obstruction;trigger_exposure;wheezing;patient_commutes_by_bicycle,crackles;fever;joint_pain;photosensitivity;symmetric_swelling,6,5,4,4,original,False,patient_commutes_by_bicycle
424,B12_Deficiency,Hemato,False,0.03,easy,fatigue;glossitis;high_MCV;hypersegmented_neutrophils;low_B12;pallor;peripheral_neuropathy;subacute_combined_degeneration;patient_has_private_PPO_insurance,low_MCV;microangiopathic_hemolytic_anemia;mild_anemia;no_splenomegaly;schistocytes,8,5,4,4,original,False,patient_has_private_PPO_insurance
533,Chronic_Lymphocytic_Leukemia,Hemato,False,0.005,medium,age_over_50;fatigue;low_renin;mature_small_lymphocytes;painless_lymphadenopathy;splenomegaly;patient_has_private_PPO_insurance,Reed_Sternberg_cells;fever;low_B12;young_age,6,4,3,4,original,False,patient_has_private_PPO_insurance
435,Thalassemia_Trait,Hemato,False,0.01,easy,Mediterranean_descent;family_history;low_MCV;mild_anemia;normal_RDW;normal_ferritin;splenomegaly;target_cells;patient_owns_a_pet_cat,high_MCV;microangiopathic_hemolytic_anemia;no_splenomegaly;sickle_cells;thrombocytopenia,8,5,5,5,original,False,patient_owns_a_pet_cat
592,Aortic_Dissection,Cardio,True,0.0003,easy,Marfan_history;blood_pressure_differential;hypertension_history;sudden_onset;tearing_chest_pain;widened_mediastinum;patient_prefers_tea_over_coffee,chest_pain;dyspnea;peripheral_edema;pleuritic_chest_pain;radiation_to_arm;troponin_elevated,6,6,4,4,original,False,patient_prefers_tea_over_coffee
174,Diabetes_Insipidus,Metabolic,True,0.0003,medium,dehydration;dilute_urine;hypernatremia;low_ADAMTS13;low_urine_osmolality;polydipsia;polyuria;patient_works_as_accountant,heat_intolerance;high_fasting_glucose;ketoacidosis;purple_striae,7,4,4,4,original,False,patient_works_as_accountant
357,Sjogren_Syndrome,Immuno,True,0.004,hard,dry_mouth;fatigue;parotid_enlargement;petechiae;positive_anti_SSA;positive_anti_SSB;patient_owns_a_pet_cat,DIP_involvement;acute_joint_pain;crepitus;positive_ANA,6,4,3,4,original,False,patient_owns_a_pet_cat
102,Guillain_Barre,Neuro,True,0.0001,medium,areflexia;ascending_weakness;preceding_infection;progressive_course;symmetric_weakness;tingling;patient_has_brown_hair,asymmetric_onset;headache;pressing_quality;resting_tremor,6,4,4,4,original,False,patient_has_brown_hair
140,Subarachnoid_Hemorrhage,Neuro,True,0.001,medium,nausea;neck_stiffness;parotid_enlargement;sudden_onset;thunderclap_headache;patient_is_right_handed,aura;numbness;vision_changes,5,3,3,4,original,False,patient_is_right_handed
553,Heart_Failure,Cardio,False,0.02,easy,S3_gallop;dyspnea;elevated_BNP;fatigue;peripheral_edema;patient_shoe_size_9,ST_elevation;pericardial_friction_rub;tearing_chest_pain;unilateral_leg_swelling,5,4,4,4,original,False,patient_shoe_size_9
164,T1_Diabetes,Metabolic,False,0.005,medium,autoantibodies_positive;high_fasting_glucose;ketoacidosis;polydipsia;polyuria;symmetric_swelling;weight_loss_rapid;young_age;patient_has_private_PPO_insurance,acanthosis_nigricans;age_over_50;central_obesity;elevated_cortisol;fatigue,8,5,5,5,original,False,patient_has_private_PPO_insurance
451,Sickle_Cell_Disease,Hemato,False,0.003,medium,HbS_on_electrophoresis;chronic_hemolytic_anemia;pain_crisis;sickle_cells;splenomegaly_childhood;patient_blood_type_O_positive,high_MCV;mild_anemia;normal_RDW;normal_coagulation_studies;target_cells;thrombocytopenia,5,6,4,4,original,False,patient_blood_type_O_positive
141,Subarachnoid_Hemorrhage,Neuro,True,0.001,hard,exophthalmos;sudden_dyspnea;sudden_onset;vomiting;worst_headache_of_life;xanthochromia_CSF;patient_is_married,aura;headache;pressing_quality,6,3,2,4,original,False,patient_is_married
109,Myasthenia_Gravis,Neuro,True,0.0002,easy,diplopia;dysphagia;fatigable_weakness;fluctuating_symptoms;positive_edrophonium_test;ptosis;thymoma;patient_blood_type_O_positive,areflexia;headache;resting_tremor;unilateral_pain,7,4,4,4,original,False,patient_blood_type_O_positive
221,Addison_Disease,Metabolic,True,0.0001,medium,fatigue;hyperkalemia;hyperpigmentation;hyponatremia;hypotension;low_cortisol;patient_commutes_by_bicycle,HbA1c_elevated;central_obesity;dilute_urine;high_fasting_glucose;polyuria;weight_gain,6,6,5,5,original,False,patient_commutes_by_bicycle
143,Subarachnoid_Hemorrhage,Neuro,True,0.001,hard,nausea;sudden_onset;thunderclap_headache;worst_headache_of_life;xanthochromia_CSF;young_age;patient_has_brown_hair,fever;gradual_onset;headache,6,3,3,4,original,False,patient_has_brown_hair
521,Hemophilia_A,Hemato,True,0.0001,medium,family_history;hemarthrosis;prolonged_aPTT;prolonged_bleeding;patient_lives_in_a_two_story_house,fatigue;isolated_thrombocytopenia;low_ferritin;normal_coagulation_studies;target_cells,4,5,3,4,original,False,patient_lives_in_a_two_story_house
8,Migraine,Neuro,False,0.12,medium,aura;blurred_vision;headache;nausea;photophobia;throbbing_quality;unilateral_pain;patient_shoe_size_9,altered_mental_status;lacrimation;neck_stiffness;papilledema,7,4,3,3,original,False,patient_shoe_size_9
294,Osteoarthritis,Immuno,False,0.15,medium,DIP_involvement;age_over_50;crepitus;joint_pain;patient_has_brown_hair,asymmetric_joint;malar_rash;photosensitivity;positive_ANA;positive_RF;psoriasis,4,6,4,4,original,False,patient_has_brown_hair
262,Metabolic_Syndrome,Metabolic,False,0.12,hard,acanthosis_nigricans;blood_pressure_differential;central_obesity;fatty_liver;high_fasting_glucose;low_HDL;postictal_confusion;patient_arrived_by_personal_vehicle,low_TSH;low_cortisol;polydipsia;thin_body_habitus,7,4,3,5,original,False,patient_arrived_by_personal_vehicle
691,Lung_Cancer,Pulmo,False,0.005,medium,clubbing;hemoptysis;hoarseness;mass_on_imaging;persistent_cough;smoking_history;weight_loss_rapid;patient_shoe_size_9,chronic_dyspnea;crackles;dry_cough;positive_AFB;reversible_airflow_obstruction;velcro_crackles,7,6,4,4,original,False,patient_shoe_size_9
538,Chronic_Lymphocytic_Leukemia,Hemato,False,0.005,hard,anxiety;immunodeficiency;lymphocytosis;mature_small_lymphocytes;productive_cough;patient_shoe_size_9,fatigue;high_MCV;sickle_cells,5,3,2,4,original,False,patient_shoe_size_9
249,Insulinoma,Metabolic,True,4e-05,hard,diaphoresis;elevated_insulin_during_hypoglycemia;inflammatory_back_pain;relief_with_glucose;restrictive_pattern;whipple_triad;patient_owns_a_pet_cat,HbA1c_elevated;dilute_urine;elevated_cortisol;polyuria,6,4,3,5,original,False,patient_owns_a_pet_cat
394,Asthma,Immuno,False,0.08,hard,chest_tightness;constipation;dyspnea;episodic_symptoms;trigger_exposure;wheezing;patient_is_right_handed,asymmetric_joint;crepitus;malar_rash;positive_ANA,6,4,3,4,original,False,patient_is_right_handed
536,Chronic_Lymphocytic_Leukemia,Hemato,False,0.005,medium,age_over_50;fatigue;immunodeficiency;lymphocytosis;painless_lymphadenopathy;smudge_cells;splenomegaly;thrombocytopenia;patient_commutes_by_bicycle,fever;no_splenomegaly;peripheral_neuropathy;young_age,8,4,3,4,original,False,patient_commutes_by_bicycle
404,Sarcoidosis,Immuno,True,0.001,medium,bilateral_hilar_lymphadenopathy;erythema_nodosum;fatigue;uveitis;patient_shoe_size_9,dactylitis;morning_stiffness_over_1hr;positive_RF;psoriasis,4,4,2,3,original,False,patient_shoe_size_9
114,Myasthenia_Gravis,Neuro,True,0.0002,medium,anti_AChR_antibodies;diplopia;fatigable_weakness;postictal_confusion;ptosis;patient_prefers_tea_over_coffee,areflexia;fever;neck_stiffness;resting_tremor,5,4,3,4,original,False,patient_prefers_tea_over_coffee
250,Insulinoma,Metabolic,True,4e-05,hard,confusion;diaphoresis;elevated_insulin_during_hypoglycemia;fasting_hypoglycemia;high_uric_acid;whipple_triad;patient_has_brown_hair,elevated_TSH;elevated_cortisol;polydipsia,6,3,4,5,original,False,patient_has_brown_hair
327,Psoriatic_Arthritis,Immuno,True,0.002,easy,dactylitis;enthesitis;joint_pain;psoriasis;patient_has_private_PPO_insurance,DIP_involvement;HLA_B27;MSU_crystals;high_uric_acid;positive_RF;symmetric_swelling,4,6,3,3,original,False,patient_has_private_PPO_insurance
286,Rheumatoid_Arthritis,Immuno,False,0.01,hard,clubbing;elevated_ESR;morning_stiffness_over_1hr;symmetric_swelling;wheezing;patient_is_married,asymmetric_joint;inflammatory_back_pain;sacroiliac_tenderness,5,3,2,4,original,False,patient_is_married
655,Pulmonary_Fibrosis,Pulmo,True,0.002,medium,age_over_50;dry_cough;honeycombing_on_CT;progressive_dyspnea;reduced_DLCO;restrictive_pattern;velcro_crackles;patient_owns_a_pet_cat,fever;infiltrate_on_CXR;smoking_history;weight_loss_rapid,7,4,4,4,original,False,patient_owns_a_pet_cat
309,Gout,Immuno,False,0.04,hard,acute_joint_pain;age_over_50;asymmetric_joint;hemoptysis;high_uric_acid;patient_is_right_handed,joint_pain;positive_ANA;psoriasis,5,3,3,4,original,False,patient_is_right_handed
160,T1_Diabetes,Metabolic,False,0.005,easy,autoantibodies_positive;high_fasting_glucose;ketoacidosis;polydipsia;polyuria;thin_body_habitus;weight_loss_rapid;young_age;patient_blood_type_O_positive,HbA1c_elevated;acanthosis_nigricans;elevated_TSH;gradual_onset;obesity,8,5,5,5,original,False,patient_blood_type_O_positive
524,Hemophilia_A,Hemato,True,0.0001,medium,easy_bruising;hemarthrosis;low_factor_VIII;prolonged_aPTT;prolonged_bleeding;patient_lives_in_a_two_story_house,HbS_on_electrophoresis;high_MCV;isolated_thrombocytopenia;low_MCV;peripheral_neuropathy;sickle_cells,5,6,4,4,original,False,patient_lives_in_a_two_story_house
471,TTP,Hemato,True,3e-05,easy,fever;low_ADAMTS13;microangiopathic_hemolytic_anemia;neurologic_symptoms;renal_failure;schistocytes;thrombocytopenia;patient_owns_a_pet_cat,fatigue;high_MCV;isolated_thrombocytopenia;low_ferritin;no_splenomegaly,7,5,5,5,original,False,patient_owns_a_pet_cat
317,Systemic_Lupus,Immuno,True,0.005,medium,fatigue;low_MCV;malar_rash;oral_ulcers;photosensitivity;positive_ANA;serositis;patient_lives_in_a_two_story_house,joint_pain;morning_stiffness_over_1hr;positive_anti_SSA;tophi,7,4,3,4,original,False,patient_lives_in_a_two_story_house
132,Epilepsy,Neuro,False,0.01,hard,incontinence;pallor;postictal_confusion;recurrent_episodes;seizures;sudden_dyspnea;patient_commutes_by_bicycle,ascending_weakness;autonomic_features;bilateral_pain,6,3,2,3,original,False,patient_commutes_by_bicycle
577,Pulmonary_Embolism,Cardio,False,0.002,easy,Wells_score_high;elevated_D_dimer;hemoptysis;hypoxemia;pleuritic_chest_pain;sudden_dyspnea;tachycardia;unilateral_leg_swelling;patient_owns_a_pet_cat,crackles;diffuse_ST_elevation;elevated_BNP;pain_worse_supine;troponin_elevated,8,5,4,4,original,False,patient_owns_a_pet_cat
450,Sickle_Cell_Disease,Hemato,False,0.003,medium,African_descent;HbS_on_electrophoresis;MSU_crystals;chronic_hemolytic_anemia;dactylitis;jaundice;pain_crisis;sickle_cells;splenomegaly_childhood;patient_is_right_handed,high_MCV;isolated_thrombocytopenia;microangiopathic_hemolytic_anemia;no_splenomegaly;normal_coagulation_studies,9,5,4,4,original,False,patient_is_right_handed
632,COPD,Pulmo,False,0.06,medium,altered_mental_status;chronic_cough;chronic_dyspnea;decreased_breath_sounds;smoking_history;sputum_production;patient_has_brown_hair,no_smoking_history;weight_loss_rapid;young_age,6,3,4,4,original,False,patient_has_brown_hair
565,Acute_MI,Cardio,False,0.005,easy,ST_elevation;chest_pain;dyspnea;radiation_to_arm;risk_factors;troponin_elevated;patient_lives_in_a_two_story_house,fever;hypotension;jugular_venous_distension,6,3,4,4,original,False,patient_lives_in_a_two_story_house
472,TTP,Hemato,True,3e-05,easy,elevated_LDH;fever;low_ADAMTS13;microangiopathic_hemolytic_anemia;neurologic_symptoms;renal_failure;schistocytes;thrombocytopenia;patient_shoe_size_9,HbS_on_electrophoresis;isolated_thrombocytopenia;low_B12;low_MCV;no_splenomegaly;normal_coagulation_studies;pain_crisis,8,7,5,5,original,False,patient_shoe_size_9
677,Sarcoidosis_Pulmo,Pulmo,True,0.001,medium,bilateral_hilar_lymphadenopathy;chronic_cough;erythema_nodosum;noncaseating_granulomas;uveitis;patient_is_married,honeycombing_on_CT;positive_AFB;sputum_production;weight_loss_rapid,5,4,3,3,original,False,patient_is_married
316,Systemic_Lupus,Immuno,True,0.005,easy,fatigue;joint_pain;malar_rash;photosensitivity;positive_ANA;patient_is_right_handed,DIP_involvement;asymmetric_joint;crepitus;morning_stiffness_over_1hr;positive_RF;symmetric_swelling,5,6,4,4,original,False,patient_is_right_handed
386,Asthma,Immuno,False,0.08,easy,chest_tightness;dyspnea;episodic_symptoms;nocturnal_symptoms;reversible_airflow_obstruction;trigger_exposure;wheezing;patient_blood_type_O_positive,MSU_crystals;fever;morning_stiffness_over_1hr;positive_ANA;rash,7,5,4,4,original,False,patient_blood_type_O_positive
272,Primary_Hyperaldosteronism,Metabolic,True,0.001,medium,elevated_aldosterone;hypertension;low_renin;patient_shoe_size_9,elevated_TSH;hyperkalemia;moon_face,3,3,3,4,original,False,patient_shoe_size_9
688,Lung_Cancer,Pulmo,False,0.005,easy,clubbing;hemoptysis;hoarseness;mass_on_imaging;persistent_cough;weight_loss_rapid;patient_owns_a_pet_cat,bilateral_hilar_lymphadenopathy;infiltrate_on_CXR;positive_AFB,6,3,4,4,original,False,patient_owns_a_pet_cat
576,Acute_MI,Cardio,False,0.005,hard,chest_pain;dyspnea;high_fasting_glucose;normal_ferritin;radiation_to_arm;risk_factors;troponin_elevated;patient_shoe_size_9,elevated_BNP;peripheral_edema;pleuritic_chest_pain,7,3,3,4,original,False,patient_shoe_size_9
196,Hyperthyroidism,Metabolic,False,0.02,easy,diarrhea;exophthalmos;heat_intolerance;hyperreflexia;low_TSH;tachycardia;weight_loss_rapid;patient_is_right_handed,moon_face;polydipsia;polyuria;weight_gain;young_age,7,5,4,4,original,False,patient_is_right_handed
355,Sjogren_Syndrome,Immuno,True,0.004,medium,dry_eyes;dry_mouth;fatigue;joint_pain;positive_anti_SSA;positive_anti_SSB;patient_commutes_by_bicycle,HLA_B27;acute_joint_pain;high_uric_acid;morning_stiffness_over_1hr;photosensitivity;tophi,6,6,4,4,original,False,patient_commutes_by_bicycle
25,Bacterial_Meningitis,Neuro,False,0.002,easy,altered_mental_status;fever;headache;neck_stiffness;photophobia;positive_kernig;patient_owns_a_pet_cat,bilateral_pain;pressing_quality,6,2,4,4,original,False,patient_owns_a_pet_cat
247,Insulinoma,Metabolic,True,4e-05,medium,confusion;fasting_hypoglycemia;relief_with_glucose;whipple_triad;patient_is_married,HbA1c_elevated;cold_intolerance;polyuria,4,3,4,5,original,False,patient_is_married
125,Epilepsy,Neuro,False,0.01,medium,incontinence;recurrent_episodes;seizures;tongue_biting;patient_is_right_handed,bilateral_pain;papilledema;progressive_course;vision_changes,4,4,2,3,original,False,patient_is_right_handed
605,Pericarditis,Cardio,False,0.003,medium,diffuse_ST_elevation;fever;pain_worse_supine;pericardial_effusion;pleuritic_chest_pain;viral_prodrome;patient_shoe_size_9,blood_pressure_differential;hypotension;tearing_chest_pain;troponin_markedly_elevated,6,4,3,4,original,False,patient_shoe_size_9
259,Metabolic_Syndrome,Metabolic,False,0.12,medium,acanthosis_nigricans;central_obesity;fatty_liver;high_fasting_glucose;hypertension;hyperuricemia;low_HDL;patient_has_private_PPO_insurance,dilute_urine;elevated_cortisol;ketoacidosis;polyuria;weight_gain,7,5,4,5,original,False,patient_has_private_PPO_insurance
70,Multiple_Sclerosis,Neuro,True,0.003,hard,fatigue;glycosuria;lhermitte_sign;numbness;relapsing_remitting_course;patient_arrived_by_personal_vehicle,headache;papilledema;photophobia,5,3,3,4,original,False,patient_arrived_by_personal_vehicle
47,Cluster_Headache,Neuro,True,0.001,hard,autonomic_features;blood_pressure_differential;conjunctival_injection;lacrimation;periorbital_pain;positive_edrophonium_test;rhinorrhea;unilateral_pain;patient_is_married,fatigue;sudden_onset;vision_changes,8,3,4,5,original,False,patient_is_married
157,T1_Diabetes,Metabolic,False,0.005,easy,high_fasting_glucose;ketoacidosis;polydipsia;polyuria;young_age;patient_commutes_by_bicycle,cold_intolerance;elevated_cortisol;gradual_onset;moon_face;obesity;weight_loss_rapid,5,6,5,5,original,False,patient_commutes_by_bicycle
72,Multiple_Sclerosis,Neuro,True,0.003,hard,balance_problems;fatigue;hypertension;lhermitte_sign;numbness;optic_neuritis;vision_changes;white_matter_lesions;patient_commutes_by_bicycle,fever;lacrimation;periorbital_pain;sudden_onset;unilateral_pain,8,5,3,4,original,False,patient_commutes_by_bicycle
666,Tuberculosis,Pulmo,False,0.003,medium,chronic_cough;fever;positive_AFB;positive_PPD;upper_lobe_cavitation;weight_loss_rapid;patient_lives_in_a_two_story_house,hemoptysis;productive_cough;reversible_airflow_obstruction;smoking_history,6,4,3,4,original,False,patient_lives_in_a_two_story_house
409,Iron_Deficiency_Anemia,Hemato,False,0.08,easy,fatigue;glossitis;low_MCV;low_ferritin;pallor;patient_has_private_PPO_insurance,jaundice;low_B12;normal_coagulation_studies;normal_ferritin,5,4,4,4,original,False,patient_has_private_PPO_insurance
276,Primary_Hyperaldosteronism,Metabolic,True,0.001,hard,adrenal_mass;elevated_aldosterone;hypertension;low_renin;metabolic_alkalosis;muscle_weakness;photophobia;positive_edrophonium_test;patient_has_private_PPO_insurance,elevated_cortisol;high_fasting_glucose;hyperkalemia,8,3,3,4,original,False,patient_has_private_PPO_insurance
330,Psoriatic_Arthritis,Immuno,True,0.002,medium,asymmetric_joint;dactylitis;joint_pain;patient_arrived_by_personal_vehicle,MSU_crystals;acute_joint_pain;dry_eyes;malar_rash;morning_stiffness_over_1hr;sacroiliac_tenderness,3,6,2,3,original,False,patient_arrived_by_personal_vehicle
426,B12_Deficiency,Hemato,False,0.03,medium,fatigue;high_MCV;low_B12;pallor;peripheral_neuropathy;patient_arrived_by_personal_vehicle,low_MCV;low_ferritin;normal_B12;schistocytes;sickle_cells;target_cells,5,6,4,4,original,False,patient_arrived_by_personal_vehicle
98,Guillain_Barre,Neuro,True,0.0001,easy,areflexia;ascending_weakness;elevated_CSF_protein;preceding_infection;progressive_course;respiratory_difficulty;symmetric_weakness;tingling;patient_has_brown_hair,asymmetric_onset;autonomic_features;fatigue;headache;photophobia;vision_changes,8,6,4,4,original,False,patient_has_brown_hair
488,HUS,Hemato,True,2e-05,medium,bloody_diarrhea;diarrhea;microangiopathic_hemolytic_anemia;renal_failure;thrombocytopenia;patient_has_brown_hair,chronic_hemolytic_anemia;fatigue;fever;low_B12;low_MCV;low_ferritin,5,6,4,5,original,False,patient_has_brown_hair
437,Thalassemia_Trait,Hemato,False,0.01,medium,family_history;low_MCV;mild_anemia;normal_RDW;normal_ferritin;splenomegaly;target_cells;patient_blood_type_O_positive,microangiopathic_hemolytic_anemia;peripheral_neuropathy;petechiae;schistocytes,7,4,5,5,original,False,patient_blood_type_O_positive
205,Cushing_Syndrome,Metabolic,True,0.001,easy,central_obesity;elevated_cortisol;hypertension;moon_face;purple_striae;patient_prefers_tea_over_coffee,hypotension;low_cortisol;polydipsia;weight_loss_rapid;young_age,5,5,4,4,original,False,patient_prefers_tea_over_coffee
2,Migraine,Neuro,False,0.12,easy,headache;nausea;photophobia;throbbing_quality;patient_works_as_accountant,altered_mental_status;periorbital_pain;sudden_onset;unilateral_pain,4,4,3,3,original,False,patient_works_as_accountant
618,Cardiac_Tamponade,Cardio,True,0.0005,medium,hypotension;jugular_venous_distension;muffled_heart_sounds;pericardial_effusion;pulsus_paradoxus;tachycardia;patient_lives_in_a_two_story_house,ST_elevation;crackles;diffuse_ST_elevation;peripheral_edema;sudden_dyspnea,6,5,4,4,original,False,patient_lives_in_a_two_story_house
552,Aplastic_Anemia,Hemato,True,2e-05,hard,bleeding;crackles;fatigue;hypocellular_bone_marrow;pallor;pancytopenia;petechiae;patient_arrived_by_personal_vehicle,chronic_hemolytic_anemia;elevated_hemoglobin;target_cells,7,3,4,5,original,False,patient_arrived_by_personal_vehicle
487,HUS,Hemato,True,2e-05,medium,E_coli_O157;diarrhea;microangiopathic_hemolytic_anemia;renal_failure;schistocytes;thrombocytopenia;widened_mediastinum;patient_works_as_accountant,high_MCV;low_ferritin;no_diarrhea;pain_crisis;petechiae,7,5,5,5,original,False,patient_works_as_accountant
555,Heart_Failure,Cardio,False,0.02,easy,PND;dyspnea;elevated_BNP;fatigue;jugular_venous_distension;peripheral_edema;patient_lives_in_a_two_story_house,pleuritic_chest_pain;sudden_dyspnea;widened_mediastinum,6,3,4,4,original,False,patient_lives_in_a_two_story_house
15,Tension_Headache,Neuro,False,0.2,easy,bilateral_pain;headache;muscle_tension;pressing_quality;stress;patient_commutes_by_bicycle,aura;focal_neuro_deficit;lacrimation;papilledema;throbbing_quality;vision_changes,5,6,3,3,original,False,patient_commutes_by_bicycle
206,Cushing_Syndrome,Metabolic,True,0.001,easy,central_obesity;easy_bruising;elevated_cortisol;hyperglycemia;hypertension;moon_face;purple_striae;patient_arrived_by_personal_vehicle,fatigue;heat_intolerance;hyperpigmentation;low_cortisol;low_urine_osmolality;polydipsia,7,6,4,4,original,False,patient_arrived_by_personal_vehicle
617,Cardiac_Tamponade,Cardio,True,0.0005,medium,hypotension;jugular_venous_distension;muffled_heart_sounds;pericardial_effusion;pulsus_paradoxus;tachycardia;patient_is_right_handed,crackles;dyspnea;elevated_BNP;pleuritic_chest_pain,6,4,4,4,original,False,patient_is_right_handed
369,Reactive_Arthritis,Immuno,True,0.003,hard,HLA_B27;conjunctivitis;low_urine_osmolality;preceding_infection;young_male;patient_blood_type_O_positive,DIP_involvement;acute_joint_pain;symmetric_swelling,5,3,2,4,original,False,patient_blood_type_O_positive
452,Sickle_Cell_Disease,Hemato,False,0.003,medium,African_descent;HbS_on_electrophoresis;Wells_score_high;chronic_hemolytic_anemia;jaundice;pain_crisis;sickle_cells;patient_is_married,high_MCV;low_MCV;microangiopathic_hemolytic_anemia;normal_ferritin;schistocytes;target_cells,7,6,4,4,original,False,patient_is_married
130,Epilepsy,Neuro,False,0.01,hard,EEG_abnormality;loss_of_consciousness;orthopnea;postictal_confusion;recurrent_episodes;patient_prefers_tea_over_coffee,elevated_opening_pressure;headache;neck_stiffness;papilledema;relapsing_remitting_course,5,5,2,3,original,False,patient_prefers_tea_over_coffee
635,COPD,Pulmo,False,0.06,hard,FEV1_reduced;barrel_chest;chronic_dyspnea;decreased_breath_sounds;high_fasting_glucose;sputum_production;patient_works_as_accountant,hemoptysis;mass_on_imaging;persistent_cough;positive_AFB,6,4,2,4,original,False,patient_works_as_accountant
497,Hodgkin_Lymphoma,Hemato,False,0.003,medium,B_symptoms;painless_lymphadenopathy;pruritus;weight_loss_rapid;patient_has_private_PPO_insurance,chronic_hemolytic_anemia;isolated_thrombocytopenia;low_MCV;target_cells,4,4,2,3,original,False,patient_has_private_PPO_insurance
111,Myasthenia_Gravis,Neuro,True,0.0002,easy,diplopia;fatigable_weakness;fluctuating_symptoms;ptosis;thymoma;patient_prefers_tea_over_coffee,ascending_weakness;periorbital_pain;resting_tremor;unilateral_pain,5,4,4,4,original,False,patient_prefers_tea_over_coffee
612,Pericarditis,Cardio,False,0.003,hard,areflexia;diffuse_ST_elevation;pain_worse_supine;pleuritic_chest_pain;weight_gain;patient_works_as_accountant,chest_pain;jugular_venous_distension;tearing_chest_pain;troponin_markedly_elevated,5,4,3,4,original,False,patient_works_as_accountant
413,Iron_Deficiency_Anemia,Hemato,False,0.08,medium,brittle_nails;fatigue;koilonychia;low_MCV;low_ferritin;pruritus_after_bathing;patient_shoe_size_9,jaundice;normal_coagulation_studies,6,2,3,4,original,False,patient_shoe_size_9
124,Epilepsy,Neuro,False,0.01,easy,incontinence;loss_of_consciousness;postictal_confusion;recurrent_episodes;seizures;tongue_biting;patient_has_private_PPO_insurance,altered_mental_status;elevated_opening_pressure;fever;headache;neck_stiffness;papilledema;progressive_course,6,7,3,3,original,False,patient_has_private_PPO_insurance
99,Guillain_Barre,Neuro,True,0.0001,easy,areflexia;ascending_weakness;elevated_CSF_protein;progressive_course;symmetric_weakness;tingling;patient_commutes_by_bicycle,asymmetric_onset;headache;numbness;periorbital_pain;vision_changes,6,5,4,4,original,False,patient_commutes_by_bicycle
515,Polycythemia_Vera,Hemato,True,0.0005,hard,PND;elevated_hematocrit;elevated_hemoglobin;erythromelalgia;headache;morning_stiffness_over_1hr;pruritus_after_bathing;splenomegaly;patient_works_as_accountant,chronic_hemolytic_anemia;fatigue;low_MCV;mild_anemia;peripheral_neuropathy,8,5,3,4,original,False,patient_works_as_accountant
431,B12_Deficiency,Hemato,False,0.03,hard,dehydration;high_MCV;low_B12;pallor;patient_has_brown_hair,low_MCV;mild_anemia;no_splenomegaly;normal_B12;target_cells,4,5,2,4,original,False,patient_has_brown_hair
104,Guillain_Barre,Neuro,True,0.0001,medium,areflexia;ascending_weakness;crepitus;elevated_CSF_protein;preceding_infection;progressive_course;symmetric_weakness;patient_blood_type_O_positive,fatigue;fever;papilledema;upper_motor_neuron_signs,7,4,4,4,original,False,patient_blood_type_O_positive
148,T2_Diabetes,Metabolic,False,0.1,easy,HbA1c_elevated;fatigue;high_fasting_glucose;obesity;polydipsia;polyuria;patient_is_right_handed,autoantibodies_positive;elevated_TSH;heat_intolerance;ketoacidosis;low_urine_osmolality;weight_loss_rapid,6,6,4,4,original,False,patient_is_right_handed
393,Asthma,Immuno,False,0.08,hard,chest_tightness;dyspnea;episodic_symptoms;trigger_exposure;upper_lobe_cavitation;patient_blood_type_O_positive,crepitus;high_uric_acid;morning_stiffness_over_1hr;positive_ANA,5,4,2,4,original,False,patient_blood_type_O_positive
277,Rheumatoid_Arthritis,Immuno,False,0.01,easy,MCP_PIP_involvement;fatigue;joint_pain;morning_stiffness_over_1hr;positive_RF;symmetric_swelling;patient_lives_in_a_two_story_house,DIP_involvement;asymmetric_joint;dry_mouth;photosensitivity;positive_ANA;positive_anti_SSA;sacroiliac_tenderness,6,7,4,4,original,False,patient_lives_in_a_two_story_house
509,Polycythemia_Vera,Hemato,True,0.0005,medium,JAK2_mutation;elevated_hematocrit;elevated_hemoglobin;headache;pruritus_after_bathing;splenomegaly;patient_blood_type_O_positive,fever;high_MCV;pallor;petechiae,6,4,4,4,original,False,patient_blood_type_O_positive
17,Tension_Headache,Neuro,False,0.2,medium,bilateral_pain;headache;hypocellular_bone_marrow;mild_photophobia;muscle_tension;pressing_quality;stress;patient_prefers_tea_over_coffee,aura;fatigue;lacrimation;periorbital_pain,7,4,3,3,original,False,patient_prefers_tea_over_coffee
525,Hemophilia_A,Hemato,True,0.0001,hard,family_history;hemarthrosis;hypertension_history;low_factor_VIII;muscle_hematomas;prolonged_bleeding;patient_owns_a_pet_cat,isolated_thrombocytopenia;low_B12;low_ferritin;mild_anemia;normal_coagulation_studies,6,5,3,4,original,False,patient_owns_a_pet_cat
554,Heart_Failure,Cardio,False,0.02,easy,PND;S3_gallop;crackles;dyspnea;elevated_BNP;fatigue;jugular_venous_distension;orthopnea;peripheral_edema;patient_owns_a_pet_cat,ST_elevation;diffuse_ST_elevation;pleuritic_chest_pain;radiation_to_arm;widened_mediastinum,9,5,4,4,original,False,patient_owns_a_pet_cat
619,Cardiac_Tamponade,Cardio,True,0.0005,medium,electrical_alternans;hypotension;jugular_venous_distension;pericardial_effusion;pulsus_paradoxus;patient_is_right_handed,ST_elevation;chest_pain;pain_worse_supine;pericardial_friction_rub,5,4,3,4,original,False,patient_is_right_handed
481,HUS,Hemato,True,2e-05,easy,diarrhea;microangiopathic_hemolytic_anemia;renal_failure;schistocytes;thrombocytopenia;patient_is_right_handed,fatigue;low_B12;no_splenomegaly;normal_ferritin;pain_crisis,5,5,5,5,original,False,patient_is_right_handed
615,Cardiac_Tamponade,Cardio,True,0.0005,easy,electrical_alternans;hypotension;jugular_venous_distension;muffled_heart_sounds;pulsus_paradoxus;tachycardia;patient_is_right_handed,diffuse_ST_elevation;elevated_BNP;fatigue;peripheral_edema;radiation_to_arm;troponin_elevated,6,6,4,4,original,False,patient_is_right_handed
67,Multiple_Sclerosis,Neuro,True,0.003,medium,balance_problems;fatigue;lhermitte_sign;numbness;vision_changes;patient_blood_type_O_positive,altered_mental_status;headache;papilledema;speech_difficulty;sudden_onset,5,5,3,4,original,False,patient_blood_type_O_positive
64,Multiple_Sclerosis,Neuro,True,0.003,easy,fatigue;lhermitte_sign;numbness;relapsing_remitting_course;vision_changes;white_matter_lesions;patient_shoe_size_9,elevated_opening_pressure;fever;headache;photophobia,6,4,4,4,original,False,patient_shoe_size_9
184,Hypothyroidism,Metabolic,False,0.05,easy,bradycardia;cold_intolerance;elevated_TSH;fatigue;weight_gain;patient_arrived_by_personal_vehicle,central_obesity;heat_intolerance;low_TSH;polydipsia;tachycardia;weight_loss_rapid,5,6,4,4,original,False,patient_arrived_by_personal_vehicle
123,Epilepsy,Neuro,False,0.01,easy,loss_of_consciousness;recurrent_episodes;seizures;patient_blood_type_O_positive,ascending_weakness;elevated_opening_pressure;headache;papilledema;progressive_course,3,5,3,3,original,False,patient_blood_type_O_positive
593,Aortic_Dissection,Cardio,True,0.0003,medium,Marfan_history;blood_pressure_differential;sudden_onset;tearing_chest_pain;patient_lives_in_a_two_story_house,ST_elevation;diffuse_ST_elevation;elevated_D_dimer;orthopnea;peripheral_edema;troponin_elevated,4,6,3,4,original,False,patient_lives_in_a_two_story_house
29,Bacterial_Meningitis,Neuro,False,0.002,medium,altered_mental_status;fever;neck_stiffness;petechial_rash;positive_brudzinski;positive_kernig;superior_vena_cava_syndrome;patient_owns_a_pet_cat,aura;gradual_onset;headache;vision_changes,7,4,3,4,original,False,patient_owns_a_pet_cat
44,Cluster_Headache,Neuro,True,0.001,medium,autonomic_features;conjunctival_injection;headache;lacrimation;periorbital_pain;ptosis;unilateral_pain;patient_owns_a_pet_cat,bilateral_pain;fever;nausea;sudden_onset,7,4,5,5,original,False,patient_owns_a_pet_cat
36,Bacterial_Meningitis,Neuro,False,0.002,hard,altered_mental_status;blood_pressure_differential;headache;neck_stiffness;normal_coagulation_studies;petechial_rash;positive_brudzinski;patient_commutes_by_bicycle,bilateral_pain;gradual_onset;pressing_quality,7,3,3,4,original,False,patient_commutes_by_bicycle
669,Tuberculosis,Pulmo,False,0.003,hard,chronic_cough;fever;positive_AFB;positive_PPD;upper_lobe_cavitation;white_matter_lesions;patient_has_brown_hair,mass_on_imaging;persistent_cough;reversible_airflow_obstruction;smoking_history;weight_loss_rapid,6,5,2,4,original,False,patient_has_brown_hair
95,Parkinsons_Disease,Neuro,False,0.01,hard,asymmetric_onset;bradykinesia;limited_spinal_mobility;masked_facies;micrographia;rigidity;patient_is_right_handed,fatigue;lacrimation;numbness;symmetric_onset;young_age,6,5,3,4,original,False,patient_is_right_handed
302,Gout,Immuno,False,0.04,easy,MSU_crystals;acute_joint_pain;asymmetric_joint;high_uric_acid;male;redness;warmth;patient_has_private_PPO_insurance,DIP_involvement;HLA_B27;dry_mouth;malar_rash;photosensitivity;positive_RF;symmetric_swelling,7,7,4,4,original,False,patient_has_private_PPO_insurance
547,Aplastic_Anemia,Hemato,True,2e-05,medium,bleeding;fatigue;hypocellular_bone_marrow;pallor;pancytopenia;petechiae;recurrent_infections;patient_shoe_size_9,isolated_thrombocytopenia;low_B12;low_MCV;normal_coagulation_studies,7,4,5,5,original,False,patient_shoe_size_9
609,Pericarditis,Cardio,False,0.003,hard,diffuse_ST_elevation;eosinophilia;fever;pericardial_effusion;pericardial_friction_rub;polyuria;viral_prodrome;patient_owns_a_pet_cat,ST_elevation;ST_elevation_focal;radiation_to_arm,7,3,2,4,original,False,patient_owns_a_pet_cat
502,Hodgkin_Lymphoma,Hemato,False,0.003,hard,B_symptoms;asymmetric_joint;mediastinal_mass;moon_face;painless_lymphadenopathy;pruritus;patient_owns_a_pet_cat,isolated_thrombocytopenia;low_B12;low_ferritin;sickle_cells,6,4,2,3,original,False,patient_owns_a_pet_cat
648,Community_Pneumonia,Pulmo,False,0.01,hard,FEV1_reduced;dyspnea;fever;infiltrate_on_CXR;productive_cough;rigors;patient_arrived_by_personal_vehicle,chronic_dyspnea;hemoptysis;honeycombing_on_CT;smoking_history;sputum_production,6,5,3,4,original,False,patient_arrived_by_personal_vehicle
74,Stroke_Ischemic,Neuro,False,0.03,easy,focal_neuro_deficit;speech_difficulty;sudden_onset;patient_prefers_tea_over_coffee,altered_mental_status;gradual_onset;papilledema;relapsing_remitting_course;unilateral_pain,3,5,3,3,original,False,patient_prefers_tea_over_coffee
364,Reactive_Arthritis,Immuno,True,0.003,easy,asymmetric_joint;conjunctivitis;dactylitis;enthesitis;preceding_infection;urethritis;young_male;patient_has_private_PPO_insurance,acute_joint_pain;age_over_50;high_uric_acid;joint_pain;sacroiliac_tenderness,7,5,4,4,original,False,patient_has_private_PPO_insurance
396,Asthma,Immuno,False,0.08,hard,chest_tightness;cough;dyspnea;reversible_airflow_obstruction;throbbing_quality;wheezing;patient_commutes_by_bicycle,crackles;fever;photosensitivity,6,3,3,4,original,False,patient_commutes_by_bicycle
292,Osteoarthritis,Immuno,False,0.15,easy,DIP_involvement;age_over_50;bony_enlargement;crepitus;joint_pain;reduced_ROM;stiffness_under_30min;patient_is_married,malar_rash;morning_stiffness_over_1hr,7,2,4,4,original,False,patient_is_married
675,Sarcoidosis_Pulmo,Pulmo,True,0.001,easy,bilateral_hilar_lymphadenopathy;chronic_cough;erythema_nodosum;fatigue;hypercalcemia;noncaseating_granulomas;patient_is_right_handed,crackles;honeycombing_on_CT;night_sweats;persistent_cough;productive_cough,6,5,3,3,original,False,patient_is_right_handed
574,Acute_MI,Cardio,False,0.005,hard,chest_pain;diaphoresis;elevated_D_dimer;radiation_to_arm;risk_factors;troponin_elevated;patient_works_as_accountant,fatigue;fever;muffled_heart_sounds;pleuritic_chest_pain;sudden_dyspnea,6,5,3,4,original,False,patient_works_as_accountant
647,Community_Pneumonia,Pulmo,False,0.01,hard,elevated_WBC;fever;infiltrate_on_CXR;koilonychia;pleuritic_chest_pain;productive_cough;rigors;patient_owns_a_pet_cat,barrel_chest;chronic_cough;chronic_dyspnea;smoking_history,7,4,3,4,original,False,patient_owns_a_pet_cat
240,Pheochromocytoma,Metabolic,True,0.0002,hard,adrenal_mass;diaphoresis;diffuse_ST_elevation;elevated_catecholamines;headache;tachycardia;viral_prodrome;patient_arrived_by_personal_vehicle,elevated_TSH;polyuria;weight_gain;weight_loss_rapid,7,4,4,5,original,False,patient_arrived_by_personal_vehicle
192,Hypothyroidism,Metabolic,False,0.05,hard,chronic_cough;cold_intolerance;delayed_reflexes;dry_skin;hair_loss;weight_gain;widened_mediastinum;patient_works_as_accountant,HbA1c_elevated;low_TSH;tachycardia,7,3,2,4,original,False,patient_works_as_accountant
491,HUS,Hemato,True,2e-05,hard,elevated_TSH;renal_failure;schistocytes;thrombocytopenia;patient_works_as_accountant,low_MCV;neurologic_symptoms;normal_RDW;normal_ferritin;sickle_cells,4,5,3,5,original,False,patient_works_as_accountant
461,ITP,Hemato,True,0.0001,medium,bruising;crepitus;isolated_thrombocytopenia;mucosal_bleeding;no_splenomegaly;normal_coagulation_studies;patient_works_as_accountant,low_MCV;microangiopathic_hemolytic_anemia;normal_RDW;normal_ferritin;thrombocytopenia,6,5,3,4,original,False,patient_works_as_accountant
517,Hemophilia_A,Hemato,True,0.0001,easy,easy_bruising;hemarthrosis;low_factor_VIII;male;muscle_hematomas;prolonged_aPTT;prolonged_bleeding;patient_lives_in_a_two_story_house,fever;normal_RDW;peripheral_neuropathy;schistocytes;target_cells,7,5,4,4,original,False,patient_lives_in_a_two_story_house
548,Aplastic_Anemia,Hemato,True,2e-05,medium,bleeding;fatigue;hypocellular_bone_marrow;nausea;pallor;pancytopenia;petechiae;recurrent_infections;patient_has_private_PPO_insurance,chronic_hemolytic_anemia;low_B12;low_MCV;neurologic_symptoms;normal_RDW,8,5,5,5,original,False,patient_has_private_PPO_insurance
227,Addison_Disease,Metabolic,True,0.0001,hard,fatigue;hyperkalemia;hyperpigmentation;hyponatremia;low_cortisol;nausea;renal_involvement;salt_craving;patient_lives_in_a_two_story_house,dilute_urine;elevated_TSH;elevated_cortisol;polydipsia,8,4,4,5,original,False,patient_lives_in_a_two_story_house
320,Systemic_Lupus,Immuno,True,0.005,medium,cytopenias;joint_pain;malar_rash;positive_ANA;renal_involvement;patient_is_married,crepitus;high_uric_acid;morning_stiffness_over_1hr;symmetric_swelling;tophi,5,5,3,4,original,False,patient_is_married
18,Tension_Headache,Neuro,False,0.2,medium,bilateral_pain;headache;mild_photophobia;muscle_tension;pressing_quality;psoriasis;patient_blood_type_O_positive,aura;autonomic_features;nausea;neck_stiffness;vision_changes,6,5,3,3,original,False,patient_blood_type_O_positive
244,Insulinoma,Metabolic,True,4e-05,easy,confusion;diaphoresis;fasting_hypoglycemia;relief_with_glucose;whipple_triad;patient_has_brown_hair,HbA1c_elevated;dilute_urine;fatigue;ketoacidosis;low_TSH;polyuria,5,6,5,5,original,False,patient_has_brown_hair
281,Rheumatoid_Arthritis,Immuno,False,0.01,medium,MCP_PIP_involvement;elevated_ESR;fatigue;joint_pain;morning_stiffness_over_1hr;positive_RF;pruritus;rheumatoid_nodules;symmetric_swelling;patient_is_right_handed,DIP_involvement;back_pain;dactylitis;tophi,9,4,4,4,original,False,patient_is_right_handed
210,Cushing_Syndrome,Metabolic,True,0.001,medium,elevated_cortisol;hyperglycemia;hypertension;moon_face;purple_striae;tremor;patient_arrived_by_personal_vehicle,heat_intolerance;hyperpigmentation;polydipsia;tachycardia,6,4,3,4,original,False,patient_arrived_by_personal_vehicle
690,Lung_Cancer,Pulmo,False,0.005,medium,clubbing;mass_on_imaging;persistent_cough;weight_loss_rapid;patient_is_right_handed,crackles;infiltrate_on_CXR;productive_cough;velcro_crackles,4,4,3,4,original,False,patient_is_right_handed
644,Community_Pneumonia,Pulmo,False,0.01,medium,bilateral_symptoms;crackles;elevated_WBC;fever;infiltrate_on_CXR;pleuritic_chest_pain;productive_cough;patient_shoe_size_9,bilateral_hilar_lymphadenopathy;chronic_cough;hemoptysis;mass_on_imaging;velcro_crackles;weight_loss_rapid,7,6,4,4,original,False,patient_shoe_size_9
442,Thalassemia_Trait,Hemato,False,0.01,hard,dry_skin;family_history;low_MCV;normal_RDW;normal_ferritin;splenomegaly;target_cells;patient_works_as_accountant,HbS_on_electrophoresis;microangiopathic_hemolytic_anemia;peripheral_neuropathy;schistocytes;thrombocytopenia,7,5,4,5,original,False,patient_works_as_accountant
35,Bacterial_Meningitis,Neuro,False,0.002,hard,altered_mental_status;chronic_cough;fever;petechial_rash;photophobia;positive_brudzinski;urethritis;patient_commutes_by_bicycle,bilateral_pain;elevated_opening_pressure;headache;pressing_quality;speech_difficulty,7,5,2,4,original,False,patient_commutes_by_bicycle
209,Cushing_Syndrome,Metabolic,True,0.001,medium,central_obesity;easy_bruising;elevated_cortisol;hyperglycemia;hypertension;moon_face;proximal_muscle_weakness;purple_striae;patient_owns_a_pet_cat,hyperpigmentation;low_cortisol;low_urine_osmolality;weight_loss_rapid,8,4,4,4,original,False,patient_owns_a_pet_cat
333,Psoriatic_Arthritis,Immuno,True,0.002,hard,DIP_involvement;bleeding;dactylitis;enthesitis;positive_AFB;psoriasis;patient_is_right_handed,malar_rash;morning_stiffness_over_1hr;positive_RF,6,3,2,3,original,False,patient_is_right_handed
94,Parkinsons_Disease,Neuro,False,0.01,hard,ST_elevation_focal;asymmetric_onset;masked_facies;micrographia;postural_instability;rigidity;shuffling_gait;patient_works_as_accountant,elevated_opening_pressure;headache;sudden_onset;young_age,7,4,2,4,original,False,patient_works_as_accountant
582,Pulmonary_Embolism,Cardio,False,0.002,medium,hemoptysis;hypersegmented_neutrophils;pleuritic_chest_pain;sudden_dyspnea;tachycardia;unilateral_leg_swelling;patient_prefers_tea_over_coffee,hypotension;pain_worse_supine;radiation_to_arm;tearing_chest_pain,6,4,3,4,original,False,patient_prefers_tea_over_coffee
303,Gout,Immuno,False,0.04,easy,MSU_crystals;acute_joint_pain;asymmetric_joint;high_uric_acid;male;rapid_onset_hours;patient_works_as_accountant,DIP_involvement;positive_ANA;positive_RF;symmetric_swelling,6,4,4,4,original,False,patient_works_as_accountant
375,Allergic_Rhinitis,Immuno,False,0.2,easy,itching;nasal_congestion;seasonal_pattern;sneezing;watery_eyes;patient_blood_type_O_positive,crepitus;morning_stiffness_over_1hr;rash,5,3,4,4,original,False,patient_blood_type_O_positive
567,Acute_MI,Cardio,False,0.005,easy,ST_elevation;chest_pain;diaphoresis;dyspnea;nausea;radiation_to_arm;risk_factors;troponin_elevated;patient_prefers_tea_over_coffee,hypotension;orthopnea;pain_worse_supine;peripheral_edema;pleuritic_chest_pain;pulsus_paradoxus,8,6,4,4,original,False,patient_prefers_tea_over_coffee
380,Allergic_Rhinitis,Immuno,False,0.2,medium,bony_enlargement;clear_rhinorrhea;itching;nasal_congestion;pale_nasal_mucosa;seasonal_pattern;sneezing;watery_eyes;patient_has_private_PPO_insurance,asymmetric_joint;dactylitis;fatigue;fever;joint_pain;rash,8,6,4,4,original,False,patient_has_private_PPO_insurance
520,Hemophilia_A,Hemato,True,0.0001,easy,easy_bruising;family_history;hemarthrosis;low_factor_VIII;male;muscle_hematomas;prolonged_aPTT;prolonged_bleeding;patient_has_private_PPO_insurance,fatigue;mild_anemia;sickle_cells,8,3,4,4,original,False,patient_has_private_PPO_insurance
601,Pericarditis,Cardio,False,0.003,easy,diffuse_ST_elevation;pain_worse_supine;pericardial_effusion;pericardial_friction_rub;pleuritic_chest_pain;viral_prodrome;patient_works_as_accountant,elevated_BNP;tearing_chest_pain,6,2,4,4,original,False,patient_works_as_accountant
271,Primary_Hyperaldosteronism,Metabolic,True,0.001,medium,adrenal_mass;hypertension;hypokalemia;low_renin;metabolic_alkalosis;muscle_weakness;postural_instability;patient_has_private_PPO_insurance,dilute_urine;elevated_cortisol;hyperpigmentation;moon_face;polydipsia;tachycardia,7,6,3,4,original,False,patient_has_private_PPO_insurance
195,Hyperthyroidism,Metabolic,False,0.02,easy,anxiety;exophthalmos;heat_intolerance;hyperreflexia;low_TSH;tachycardia;weight_loss_rapid;patient_arrived_by_personal_vehicle,HbA1c_elevated;bradycardia;constipation;elevated_TSH;ketoacidosis;polyuria,7,6,4,4,original,False,patient_arrived_by_personal_vehicle
351,Sjogren_Syndrome,Immuno,True,0.004,easy,dental_caries;dry_eyes;dry_mouth;fatigue;parotid_enlargement;positive_anti_SSA;positive_anti_SSB;patient_blood_type_O_positive,HLA_B27;dactylitis;morning_stiffness_over_1hr;tophi,7,4,4,4,original,False,patient_blood_type_O_positive
530,Chronic_Lymphocytic_Leukemia,Hemato,False,0.005,easy,age_over_50;fatigue;immunodeficiency;lymphocytosis;mature_small_lymphocytes;painless_lymphadenopathy;smudge_cells;patient_shoe_size_9,low_B12;low_ferritin;no_splenomegaly;normal_ferritin;petechiae,7,5,4,4,original,False,patient_shoe_size_9
534,Chronic_Lymphocytic_Leukemia,Hemato,False,0.005,medium,age_over_50;fatigue;lymphocytosis;mature_small_lymphocytes;neck_stiffness;patient_lives_in_a_two_story_house,HbS_on_electrophoresis;high_MCV;low_MCV;schistocytes;sickle_cells,5,5,3,4,original,False,patient_lives_in_a_two_story_house
561,Heart_Failure,Cardio,False,0.02,hard,PND;crackles;dyspnea;fatigue;neurologic_symptoms;patient_shoe_size_9,diffuse_ST_elevation;tearing_chest_pain;unilateral_leg_swelling,5,3,2,4,original,False,patient_shoe_size_9
6,Migraine,Neuro,False,0.12,medium,aura;diplopia;duration_4_72hrs;headache;photophobia;unilateral_pain;patient_is_married,bilateral_pain;fatigue;fever;neck_stiffness;pressing_quality,6,5,2,3,original,False,patient_is_married
422,B12_Deficiency,Hemato,False,0.03,easy,fatigue;glossitis;high_MCV;hypersegmented_neutrophils;low_B12;peripheral_neuropathy;subacute_combined_degeneration;patient_commutes_by_bicycle,low_MCV;low_ferritin;normal_RDW;normal_ferritin;pallor;target_cells,7,6,4,4,original,False,patient_commutes_by_bicycle
105,Guillain_Barre,Neuro,True,0.0001,hard,areflexia;ascending_weakness;hypotension;progressive_course;upper_lobe_cavitation;patient_is_right_handed,numbness;photophobia;pressing_quality;unilateral_pain;upper_motor_neuron_signs,5,5,3,4,original,False,patient_is_right_handed
549,Aplastic_Anemia,Hemato,True,2e-05,hard,bleeding;fatigue;lhermitte_sign;pallor;pancytopenia;rapid_onset_hours;recurrent_infections;reticulocytopenia;patient_blood_type_O_positive,Reed_Sternberg_cells;high_MCV;no_splenomegaly;target_cells,8,4,4,5,original,False,patient_blood_type_O_positive
349,Sjogren_Syndrome,Immuno,True,0.004,easy,dry_eyes;dry_mouth;positive_anti_SSA;positive_anti_SSB;patient_prefers_tea_over_coffee,acute_joint_pain;joint_pain;malar_rash;positive_RF;tophi,4,5,4,4,original,False,patient_prefers_tea_over_coffee
138,Subarachnoid_Hemorrhage,Neuro,True,0.001,medium,hyperuricemia;nausea;neck_stiffness;sudden_onset;thunderclap_headache;worst_headache_of_life;patient_arrived_by_personal_vehicle,bilateral_pain;headache;lacrimation;periorbital_pain;photophobia;relapsing_remitting_course,6,6,4,4,original,False,patient_arrived_by_personal_vehicle
173,Diabetes_Insipidus,Metabolic,True,0.0003,medium,dilute_urine;low_urine_osmolality;nocturia;polydipsia;polyuria;patient_has_brown_hair,HbA1c_elevated;fatigue;high_fasting_glucose;hyponatremia,5,4,4,4,original,False,patient_has_brown_hair
595,Aortic_Dissection,Cardio,True,0.0003,medium,Marfan_history;aortic_regurgitation_murmur;blood_pressure_differential;sudden_onset;widened_mediastinum;patient_blood_type_O_positive,ST_elevation;muffled_heart_sounds;peripheral_edema;sudden_dyspnea,5,4,3,4,original,False,patient_blood_type_O_positive
152,T2_Diabetes,Metabolic,False,0.1,medium,DIP_involvement;acanthosis_nigricans;high_fasting_glucose;polydipsia;polyuria;patient_has_brown_hair,autoantibodies_positive;hyponatremia;low_cortisol;young_age,5,4,3,4,original,False,patient_has_brown_hair
108,Guillain_Barre,Neuro,True,0.0001,hard,areflexia;elevated_CSF_protein;progressive_course;respiratory_difficulty;symmetric_weakness;tachycardia;patient_works_as_accountant,altered_mental_status;asymmetric_onset;upper_motor_neuron_signs;vision_changes,6,4,3,4,original,False,patient_works_as_accountant
296,Osteoarthritis,Immuno,False,0.15,medium,DIP_involvement;Heberden_nodes;bradycardia;crepitus;joint_pain;reduced_ROM;stiffness_under_30min;patient_commutes_by_bicycle,HLA_B27;asymmetric_joint;dry_eyes;malar_rash,7,4,3,4,original,False,patient_commutes_by_bicycle
606,Pericarditis,Cardio,False,0.003,medium,diffuse_ST_elevation;pain_worse_supine;pericardial_effusion;pericardial_friction_rub;pleuritic_chest_pain;patient_shoe_size_9,chest_pain;dyspnea;radiation_to_arm;sudden_dyspnea;troponin_markedly_elevated,5,5,4,4,original,False,patient_shoe_size_9
436,Thalassemia_Trait,Hemato,False,0.01,easy,Mediterranean_descent;family_history;low_MCV;mild_anemia;normal_RDW;normal_ferritin;splenomegaly;target_cells;patient_has_private_PPO_insurance,chronic_hemolytic_anemia;high_MCV;isolated_thrombocytopenia;low_ferritin;petechiae,8,5,5,5,original,False,patient_has_private_PPO_insurance
653,Pulmonary_Fibrosis,Pulmo,True,0.002,medium,age_over_50;dry_cough;honeycombing_on_CT;progressive_dyspnea;reduced_DLCO;restrictive_pattern;sudden_onset;velcro_crackles;patient_arrived_by_personal_vehicle,chronic_cough;persistent_cough;reversible_airflow_obstruction;smoking_history;sputum_production,8,5,4,4,original,False,patient_arrived_by_personal_vehicle
78,Stroke_Ischemic,Neuro,False,0.03,medium,arm_weakness;atrial_fibrillation;focal_neuro_deficit;hypertension;petechiae;speech_difficulty;sudden_onset;patient_arrived_by_personal_vehicle,altered_mental_status;fever;headache;unilateral_pain,7,4,3,3,original,False,patient_arrived_by_personal_vehicle
234,Pheochromocytoma,Metabolic,True,0.0002,medium,adrenal_mass;anxiety;diaphoresis;elevated_catecholamines;episodic_hypertension;headache;pallor;tachycardia;patient_shoe_size_9,dilute_urine;high_fasting_glucose;moon_face;polyuria;young_age,8,5,5,5,original,False,patient_shoe_size_9
290,Osteoarthritis,Immuno,False,0.15,easy,DIP_involvement;age_over_50;bony_enlargement;crepitus;joint_pain;stiffness_under_30min;patient_has_private_PPO_insurance,HLA_B27;MSU_crystals;malar_rash;morning_stiffness_over_1hr;positive_anti_SSA;symmetric_swelling,6,6,4,4,original,False,patient_has_private_PPO_insurance
661,Tuberculosis,Pulmo,False,0.003,easy,chronic_cough;hemoptysis;night_sweats;positive_AFB;weight_loss_rapid;patient_has_private_PPO_insurance,barrel_chest;honeycombing_on_CT;noncaseating_granulomas;persistent_cough;velcro_crackles,5,5,4,4,original,False,patient_has_private_PPO_insurance
77,Stroke_Ischemic,Neuro,False,0.03,medium,arm_weakness;atrial_fibrillation;focal_neuro_deficit;speech_difficulty;sudden_onset;patient_is_right_handed,bilateral_symptoms;elevated_opening_pressure;headache;neck_stiffness;pressing_quality;vision_changes,5,6,3,3,original,False,patient_is_right_handed
584,Pulmonary_Embolism,Cardio,False,0.002,medium,Wells_score_high;elevated_D_dimer;hemoptysis;photosensitivity;sudden_dyspnea;tachycardia;patient_blood_type_O_positive,ST_elevation;chest_pain;pericardial_friction_rub;peripheral_edema;widened_mediastinum,6,5,3,4,original,False,patient_blood_type_O_positive
599,Aortic_Dissection,Cardio,True,0.0003,hard,Marfan_history;blood_pressure_differential;episodic_symptoms;high_fasting_glucose;sudden_onset;widened_mediastinum;patient_arrived_by_personal_vehicle,fatigue;hypotension;peripheral_edema,6,3,3,4,original,False,patient_arrived_by_personal_vehicle
215,Cushing_Syndrome,Metabolic,True,0.001,hard,central_obesity;elevated_cortisol;muscle_weakness;pica;proximal_muscle_weakness;purple_striae;patient_owns_a_pet_cat,HbA1c_elevated;weight_gain;weight_loss_rapid;young_age,6,4,3,4,original,False,patient_owns_a_pet_cat
614,Cardiac_Tamponade,Cardio,True,0.0005,easy,hypotension;jugular_venous_distension;muffled_heart_sounds;pericardial_effusion;pulsus_paradoxus;patient_shoe_size_9,ST_elevation;elevated_D_dimer;tearing_chest_pain,5,3,4,4,original,False,patient_shoe_size_9
381,Allergic_Rhinitis,Immuno,False,0.2,hard,aortic_regurgitation_murmur;clear_rhinorrhea;nasal_congestion;pale_nasal_mucosa;sneezing;patient_is_right_handed,asymmetric_joint;crepitus;fatigue;inflammatory_back_pain;joint_pain,5,5,2,4,original,False,patient_is_right_handed
636,COPD,Pulmo,False,0.06,hard,aura;barrel_chest;chronic_dyspnea;prolonged_expiration;restrictive_pattern;sputum_production;patient_commutes_by_bicycle,bilateral_hilar_lymphadenopathy;infiltrate_on_CXR;night_sweats,6,3,2,4,original,False,patient_commutes_by_bicycle
441,Thalassemia_Trait,Hemato,False,0.01,hard,Mediterranean_descent;family_history;mild_anemia;normal_ferritin;smudge_cells;target_cells;patient_works_as_accountant,low_B12;low_ferritin;pain_crisis;petechiae;schistocytes,6,5,3,5,original,False,patient_works_as_accountant
186,Hypothyroidism,Metabolic,False,0.05,medium,anemia;cold_intolerance;delayed_reflexes;dry_skin;elevated_TSH;fatigue;weight_gain;patient_has_brown_hair,dilute_urine;high_fasting_glucose;low_cortisol;tachycardia,7,4,4,4,original,False,patient_has_brown_hair
231,Pheochromocytoma,Metabolic,True,0.0002,easy,adrenal_mass;diaphoresis;elevated_catecholamines;episodic_hypertension;headache;pallor;palpitations;tachycardia;patient_is_married,elevated_TSH;heat_intolerance;low_TSH;polyuria;weight_loss_rapid,8,5,5,5,original,False,patient_is_married
158,T1_Diabetes,Metabolic,False,0.005,easy,autoantibodies_positive;high_fasting_glucose;ketoacidosis;polydipsia;polyuria;thin_body_habitus;young_age;patient_is_right_handed,age_over_50;central_obesity;fatigue;gradual_onset;hyponatremia;low_urine_osmolality;weight_gain,7,7,5,5,original,False,patient_is_right_handed
201,Hyperthyroidism,Metabolic,False,0.02,hard,diarrhea;exophthalmos;heat_intolerance;hoarseness;hyperreflexia;low_TSH;postictal_confusion;tachycardia;patient_commutes_by_bicycle,bradycardia;central_obesity;high_fasting_glucose,8,3,3,4,original,False,patient_commutes_by_bicycle
243,Insulinoma,Metabolic,True,4e-05,easy,confusion;diaphoresis;fasting_hypoglycemia;relief_with_glucose;weight_gain;whipple_triad;patient_has_brown_hair,HbA1c_elevated;elevated_cortisol;high_fasting_glucose;ketoacidosis;purple_striae,6,5,5,5,original,False,patient_has_brown_hair
295,Osteoarthritis,Immuno,False,0.15,medium,DIP_involvement;age_over_50;bony_enlargement;joint_pain;stiffness_under_30min;patient_has_private_PPO_insurance,dry_eyes;dry_mouth;positive_RF;symmetric_swelling,5,4,3,4,original,False,patient_has_private_PPO_insurance
430,B12_Deficiency,Hemato,False,0.03,hard,fatigue;glossitis;high_MCV;hypersegmented_neutrophils;pallor;peripheral_neuropathy;young_age;patient_is_married,low_ferritin;normal_B12;normal_ferritin;target_cells;thrombocytopenia,7,5,3,4,original,False,patient_is_married
429,B12_Deficiency,Hemato,False,0.03,hard,ST_elevation;fatigue;glossitis;high_MCV;low_B12;pallor;seasonal_pattern;patient_has_brown_hair,diarrhea;low_ferritin;normal_B12;schistocytes,7,4,3,4,original,False,patient_has_brown_hair
56,Idiopathic_Intracranial_HTN,Neuro,True,0.001,medium,clear_rhinorrhea;elevated_opening_pressure;headache;obesity;papilledema;transient_visual_obscurations;vision_changes;patient_works_as_accountant,fever;neck_stiffness;pressing_quality;sudden_onset,7,4,4,4,original,False,patient_works_as_accountant
54,Idiopathic_Intracranial_HTN,Neuro,True,0.001,medium,headache;obesity;papilledema;target_cells;transient_visual_obscurations;vision_changes;patient_blood_type_O_positive,altered_mental_status;fever;neck_stiffness;numbness;speech_difficulty,6,5,3,4,original,False,patient_blood_type_O_positive
61,Multiple_Sclerosis,Neuro,True,0.003,easy,fatigue;lhermitte_sign;numbness;optic_neuritis;relapsing_remitting_course;vision_changes;white_matter_lesions;patient_blood_type_O_positive,elevated_opening_pressure;headache;periorbital_pain;sudden_onset;unilateral_pain,7,5,4,4,original,False,patient_blood_type_O_positive
212,Cushing_Syndrome,Metabolic,True,0.001,medium,central_obesity;easy_bruising;elevated_cortisol;hypertension;moon_face;proximal_muscle_weakness;purple_striae;patient_shoe_size_9,hyperpigmentation;ketoacidosis;low_cortisol;weight_loss_rapid;young_age,7,5,4,4,original,False,patient_shoe_size_9
519,Hemophilia_A,Hemato,True,0.0001,easy,hemarthrosis;low_factor_VIII;male;muscle_hematomas;prolonged_aPTT;prolonged_bleeding;patient_is_married,low_ferritin;no_splenomegaly;schistocytes;thrombocytopenia,6,4,4,4,original,False,patient_is_married
604,Pericarditis,Cardio,False,0.003,easy,diffuse_ST_elevation;fever;pain_worse_supine;pericardial_friction_rub;pleuritic_chest_pain;patient_blood_type_O_positive,ST_elevation_focal;dyspnea;radiation_to_arm;troponin_markedly_elevated,5,4,4,4,original,False,patient_blood_type_O_positive
154,T2_Diabetes,Metabolic,False,0.1,hard,acanthosis_nigricans;adrenal_mass;brittle_nails;fatigue;high_fasting_glucose;obesity;polydipsia;polyuria;patient_works_as_accountant,cold_intolerance;moon_face;tachycardia;young_age,8,4,3,4,original,False,patient_works_as_accountant
368,Reactive_Arthritis,Immuno,True,0.003,medium,asymmetric_joint;conjunctivitis;dactylitis;enthesitis;urethritis;young_male;patient_arrived_by_personal_vehicle,malar_rash;morning_stiffness_over_1hr,6,2,3,4,original,False,patient_arrived_by_personal_vehicle
297,Osteoarthritis,Immuno,False,0.15,hard,age_over_50;bony_enlargement;crepitus;family_history;reduced_ROM;patient_has_private_PPO_insurance,HLA_B27;dry_mouth;malar_rash;positive_ANA;positive_RF,5,5,2,4,original,False,patient_has_private_PPO_insurance
578,Pulmonary_Embolism,Cardio,False,0.002,easy,Wells_score_high;elevated_D_dimer;hypoxemia;pleuritic_chest_pain;sudden_dyspnea;tachycardia;patient_lives_in_a_two_story_house,crackles;peripheral_edema;sudden_onset;tearing_chest_pain,6,4,4,4,original,False,patient_lives_in_a_two_story_house
185,Hypothyroidism,Metabolic,False,0.05,medium,cold_intolerance;delayed_reflexes;dry_skin;elevated_TSH;fatigue;weight_gain;patient_prefers_tea_over_coffee,elevated_cortisol;hyperpigmentation;polydipsia;purple_striae;weight_loss_rapid,6,5,4,4,original,False,patient_prefers_tea_over_coffee
299,Osteoarthritis,Immuno,False,0.15,hard,DIP_involvement;Heberden_nodes;age_over_50;bony_enlargement;crepitus;low_TSH;reduced_ROM;renal_failure;stiffness_under_30min;patient_has_brown_hair,joint_pain;malar_rash;positive_RF;positive_anti_SSB;symmetric_swelling,9,5,3,4,original,False,patient_has_brown_hair
456,Sickle_Cell_Disease,Hemato,False,0.003,hard,HbS_on_electrophoresis;chronic_hemolytic_anemia;jaundice;numbness;patient_has_brown_hair,diarrhea;fatigue;high_MCV;low_MCV;thrombocytopenia,4,5,2,4,original,False,patient_has_brown_hair
664,Tuberculosis,Pulmo,False,0.003,easy,chronic_cough;fever;night_sweats;positive_AFB;positive_PPD;upper_lobe_cavitation;weight_loss_rapid;patient_commutes_by_bicycle,crackles;noncaseating_granulomas;productive_cough;progressive_dyspnea;reversible_airflow_obstruction;sputum_production;velcro_crackles,7,7,4,4,original,False,patient_commutes_by_bicycle
490,HUS,Hemato,True,2e-05,hard,E_coli_O157;anxiety;bloody_diarrhea;crackles;microangiopathic_hemolytic_anemia;pediatric_age;renal_failure;schistocytes;thrombocytopenia;patient_has_brown_hair,neurologic_symptoms;no_diarrhea;no_splenomegaly;normal_RDW;normal_coagulation_studies,9,5,4,5,original,False,patient_has_brown_hair
596,Aortic_Dissection,Cardio,True,0.0003,medium,Marfan_history;aortic_regurgitation_murmur;blood_pressure_differential;hypertension_history;sudden_onset;tearing_chest_pain;widened_mediastinum;patient_is_right_handed,muffled_heart_sounds;peripheral_edema;tachycardia;troponin_elevated,7,4,4,4,original,False,patient_is_right_handed
248,Insulinoma,Metabolic,True,4e-05,medium,confusion;diaphoresis;elevated_insulin_during_hypoglycemia;fasting_hypoglycemia;relief_with_glucose;troponin_markedly_elevated;whipple_triad;patient_is_married,HbA1c_elevated;high_fasting_glucose;polydipsia;polyuria;tachycardia,7,5,5,5,original,False,patient_is_married
542,Aplastic_Anemia,Hemato,True,2e-05,easy,bleeding;fatigue;hypocellular_bone_marrow;pallor;pancytopenia;recurrent_infections;patient_blood_type_O_positive,JAK2_mutation;chronic_hemolytic_anemia;lymphocytosis;mild_anemia;pain_crisis;peripheral_neuropathy;schistocytes,6,7,5,5,original,False,patient_blood_type_O_positive
149,T2_Diabetes,Metabolic,False,0.1,medium,acanthosis_nigricans;high_fasting_glucose;polydipsia;polyuria;patient_has_brown_hair,autoantibodies_positive;ketoacidosis;low_urine_osmolality;weight_loss_rapid;young_age,4,5,3,4,original,False,patient_has_brown_hair
433,Thalassemia_Trait,Hemato,False,0.01,easy,family_history;low_MCV;mild_anemia;normal_RDW;normal_ferritin;target_cells;patient_is_married,chronic_hemolytic_anemia;fatigue;low_ferritin;peripheral_neuropathy;renal_failure,6,5,5,5,original,False,patient_is_married
458,ITP,Hemato,True,0.0001,easy,bruising;isolated_thrombocytopenia;no_splenomegaly;normal_coagulation_studies;petechiae;patient_is_right_handed,chronic_hemolytic_anemia;fever;normal_RDW;splenomegaly;target_cells,5,5,4,4,original,False,patient_is_right_handed
590,Aortic_Dissection,Cardio,True,0.0003,easy,blood_pressure_differential;sudden_onset;tearing_chest_pain;widened_mediastinum;patient_lives_in_a_two_story_house,elevated_BNP;hypotension;muffled_heart_sounds;orthopnea;sudden_dyspnea;tachycardia;troponin_elevated,4,7,4,4,original,False,patient_lives_in_a_two_story_house
504,Hodgkin_Lymphoma,Hemato,False,0.003,hard,Reed_Sternberg_cells;mediastinal_mass;night_sweats;painless_lymphadenopathy;positive_PPD;weight_loss_rapid;patient_is_married,low_B12;microangiopathic_hemolytic_anemia;sickle_cells,6,3,2,3,original,False,patient_is_married
177,Diabetes_Insipidus,Metabolic,True,0.0003,hard,dilute_urine;hypernatremia;isolated_thrombocytopenia;polydipsia;sickle_cells;patient_is_married,HbA1c_elevated;glycosuria;young_age,5,3,2,4,original,False,patient_is_married
48,Cluster_Headache,Neuro,True,0.001,hard,autonomic_features;bradykinesia;duration_15min_3hrs;headache;lacrimation;unilateral_leg_swelling;patient_lives_in_a_two_story_house,bilateral_pain;nausea;vision_changes,6,3,3,5,original,False,patient_lives_in_a_two_story_house
453,Sickle_Cell_Disease,Hemato,False,0.003,hard,African_descent;HbS_on_electrophoresis;chronic_hemolytic_anemia;hoarseness;jaundice;splenomegaly_childhood;throbbing_quality;patient_is_right_handed,high_MCV;low_ferritin;no_splenomegaly;normal_coagulation_studies,7,4,2,4,original,False,patient_is_right_handed
457,ITP,Hemato,True,0.0001,easy,isolated_thrombocytopenia;megakaryocyte_hyperplasia;no_splenomegaly;normal_coagulation_studies;petechiae;patient_lives_in_a_two_story_house,abnormal_coagulation;fatigue;low_MCV;renal_failure;splenomegaly,5,5,4,4,original,False,patient_lives_in_a_two_story_house
484,HUS,Hemato,True,2e-05,easy,bloody_diarrhea;diarrhea;microangiopathic_hemolytic_anemia;renal_failure;schistocytes;thrombocytopenia;patient_has_private_PPO_insurance,fatigue;fever;no_splenomegaly;normal_coagulation_studies;pallor;target_cells,6,6,5,5,original,False,patient_has_private_PPO_insurance
656,Pulmonary_Fibrosis,Pulmo,True,0.002,medium,age_over_50;clubbing;dry_cough;honeycombing_on_CT;velcro_crackles;patient_arrived_by_personal_vehicle,fever;night_sweats;smoking_history;sputum_production;weight_loss_rapid,5,5,3,4,original,False,patient_arrived_by_personal_vehicle
689,Lung_Cancer,Pulmo,False,0.005,medium,hemoptysis;hoarseness;parotid_enlargement;persistent_cough;smoking_history;superior_vena_cava_syndrome;weight_loss_rapid;patient_has_brown_hair,crackles;honeycombing_on_CT;reversible_airflow_obstruction;velcro_crackles,7,4,3,4,original,False,patient_has_brown_hair
466,ITP,Hemato,True,0.0001,hard,megakaryocyte_hyperplasia;mucosal_bleeding;no_splenomegaly;petechiae;weight_gain;patient_commutes_by_bicycle,low_B12;low_ferritin;neurologic_symptoms;renal_failure;thrombocytopenia,5,5,2,4,original,False,patient_commutes_by_bicycle
225,Addison_Disease,Metabolic,True,0.0001,hard,fatigue;female;hypotension;low_cortisol;relapsing_remitting_course;salt_craving;patient_has_private_PPO_insurance,cold_intolerance;elevated_cortisol;moon_face;polyuria;purple_striae,6,5,3,5,original,False,patient_has_private_PPO_insurance
359,Sjogren_Syndrome,Immuno,True,0.004,hard,dry_eyes;focal_neuro_deficit;positive_anti_SSB;patient_lives_in_a_two_story_house,DIP_involvement;dactylitis;malar_rash;tophi,3,4,2,4,original,False,patient_lives_in_a_two_story_house
156,T2_Diabetes,Metabolic,False,0.1,hard,Heberden_nodes;acanthosis_nigricans;bilateral_symptoms;blurred_vision;high_fasting_glucose;polyuria;patient_commutes_by_bicycle,heat_intolerance;hypotension;tachycardia,6,3,2,4,original,False,patient_commutes_by_bicycle
493,Hodgkin_Lymphoma,Hemato,False,0.003,easy,B_symptoms;Reed_Sternberg_cells;painless_lymphadenopathy;pruritus;patient_is_married,fever;isolated_thrombocytopenia;low_B12;low_MCV;normal_RDW;petechiae,4,6,3,3,original,False,patient_is_married
550,Aplastic_Anemia,Hemato,True,2e-05,hard,bleeding;fatigue;hypocellular_bone_marrow;itching;nasal_congestion;pallor;petechiae;patient_arrived_by_personal_vehicle,fever;isolated_thrombocytopenia;low_ferritin;no_splenomegaly,7,4,3,5,original,False,patient_arrived_by_personal_vehicle
507,Polycythemia_Vera,Hemato,True,0.0005,easy,JAK2_mutation;elevated_hematocrit;elevated_hemoglobin;erythromelalgia;headache;plethora;pruritus_after_bathing;splenomegaly;patient_has_brown_hair,HbS_on_electrophoresis;anemia;fatigue;low_B12;normal_coagulation_studies,8,5,4,4,original,False,patient_has_brown_hair
274,Primary_Hyperaldosteronism,Metabolic,True,0.001,hard,adrenal_mass;elevated_aldosterone;hypertension;low_renin;metabolic_alkalosis;muscle_weakness;photosensitivity;postictal_confusion;patient_has_private_PPO_insurance,dilute_urine;fatigue;hyperpigmentation;low_urine_osmolality;polyuria,8,5,3,4,original,False,patient_has_private_PPO_insurance
503,Hodgkin_Lymphoma,Hemato,False,0.003,hard,B_symptoms;mediastinal_mass;painless_lymphadenopathy;podagra;pruritus;weight_loss_rapid;patient_blood_type_O_positive,chronic_hemolytic_anemia;isolated_thrombocytopenia;low_MCV;peripheral_neuropathy;sickle_cells,6,5,2,3,original,False,patient_blood_type_O_positive
278,Rheumatoid_Arthritis,Immuno,False,0.01,easy,fatigue;joint_pain;morning_stiffness_over_1hr;positive_RF;symmetric_swelling;patient_blood_type_O_positive,DIP_involvement;asymmetric_joint;malar_rash;positive_ANA;positive_anti_SSB,5,5,4,4,original,False,patient_blood_type_O_positive
622,Cardiac_Tamponade,Cardio,True,0.0005,hard,electrical_alternans;jugular_venous_distension;pulsus_paradoxus;tachycardia;velcro_crackles;patient_blood_type_O_positive,ST_elevation;chest_pain;peripheral_edema;pleuritic_chest_pain;radiation_to_arm,5,5,2,4,original,False,patient_blood_type_O_positive
1,Migraine,Neuro,False,0.12,easy,aura;duration_4_72hrs;headache;nausea;photophobia;throbbing_quality;patient_prefers_tea_over_coffee,bilateral_pain;fever;focal_neuro_deficit;vision_changes,6,4,3,3,original,False,patient_prefers_tea_over_coffee
671,Tuberculosis,Pulmo,False,0.003,hard,chronic_cough;fatigue;hemoptysis;night_sweats;weight_loss_rapid;patient_blood_type_O_positive,barrel_chest;crackles;honeycombing_on_CT,5,3,3,4,original,False,patient_blood_type_O_positive
60,Idiopathic_Intracranial_HTN,Neuro,True,0.001,hard,chronic_hemolytic_anemia;elevated_opening_pressure;headache;transient_visual_obscurations;patient_commutes_by_bicycle,focal_neuro_deficit;numbness;vision_changes,4,3,2,4,original,False,patient_commutes_by_bicycle
175,Diabetes_Insipidus,Metabolic,True,0.0003,medium,dilute_urine;low_urine_osmolality;nocturia;polyuria;patient_is_married,elevated_cortisol;ketoacidosis;low_cortisol;polydipsia,4,4,3,4,original,False,patient_is_married
445,Sickle_Cell_Disease,Hemato,False,0.003,easy,African_descent;HbS_on_electrophoresis;chronic_hemolytic_anemia;dactylitis;pain_crisis;sickle_cells;patient_works_as_accountant,high_MCV;low_MCV;normal_ferritin;schistocytes;thrombocytopenia,6,5,4,4,original,False,patient_works_as_accountant
473,TTP,Hemato,True,3e-05,medium,elevated_LDH;fever;microangiopathic_hemolytic_anemia;neurologic_symptoms;schistocytes;thrombocytopenia;patient_has_private_PPO_insurance,diarrhea;fatigue;low_B12;no_splenomegaly;pallor;target_cells,6,6,5,5,original,False,patient_has_private_PPO_insurance
518,Hemophilia_A,Hemato,True,0.0001,easy,family_history;hemarthrosis;low_factor_VIII;muscle_hematomas;prolonged_aPTT;prolonged_bleeding;patient_prefers_tea_over_coffee,chronic_hemolytic_anemia;fever;microangiopathic_hemolytic_anemia;normal_coagulation_studies;peripheral_neuropathy;schistocytes,6,6,4,4,original,False,patient_prefers_tea_over_coffee
256,Metabolic_Syndrome,Metabolic,False,0.12,easy,acanthosis_nigricans;central_obesity;fatty_liver;high_fasting_glucose;high_triglycerides;hypertension;low_HDL;patient_is_right_handed,hypotension;low_cortisol;young_age,7,3,5,5,original,False,patient_is_right_handed
568,Acute_MI,Cardio,False,0.005,easy,ST_elevation;chest_pain;nausea;radiation_to_arm;risk_factors;troponin_elevated;patient_works_as_accountant,dyspnea;jugular_venous_distension;pleuritic_chest_pain,6,3,4,4,original,False,patient_works_as_accountant
171,Diabetes_Insipidus,Metabolic,True,0.0003,easy,dehydration;dilute_urine;hypernatremia;low_urine_osmolality;polydipsia;polyuria;patient_prefers_tea_over_coffee,HbA1c_elevated;elevated_TSH;elevated_cortisol;fatigue;high_fasting_glucose;tachycardia,6,6,4,4,original,False,patient_prefers_tea_over_coffee
667,Tuberculosis,Pulmo,False,0.003,medium,chronic_cough;night_sweats;palpitations;positive_AFB;upper_lobe_cavitation;weight_loss_rapid;patient_commutes_by_bicycle,bilateral_hilar_lymphadenopathy;honeycombing_on_CT;mass_on_imaging;reversible_airflow_obstruction,6,4,4,4,original,False,patient_commutes_by_bicycle
372,Reactive_Arthritis,Immuno,True,0.003,hard,asymmetric_joint;bleeding;conjunctivitis;preceding_infection;young_male;patient_has_private_PPO_insurance,DIP_involvement;joint_pain;malar_rash;morning_stiffness_over_1hr;positive_RF,5,5,3,4,original,False,patient_has_private_PPO_insurance
370,Reactive_Arthritis,Immuno,True,0.003,hard,HLA_B27;conjunctivitis;constipation;dactylitis;enthesitis;preceding_infection;young_male;patient_commutes_by_bicycle,DIP_involvement;MSU_crystals;high_uric_acid;joint_pain;psoriasis,7,5,2,4,original,False,patient_commutes_by_bicycle
425,B12_Deficiency,Hemato,False,0.03,medium,fatigue;glossitis;high_MCV;low_B12;peripheral_neuropathy;subacute_combined_degeneration;patient_prefers_tea_over_coffee,diarrhea;fever;isolated_thrombocytopenia;normal_B12;normal_ferritin;schistocytes,6,6,4,4,original,False,patient_prefers_tea_over_coffee
384,Allergic_Rhinitis,Immuno,False,0.2,hard,ST_elevation_focal;mediastinal_mass;nasal_congestion;pale_nasal_mucosa;watery_eyes;patient_works_as_accountant,asymmetric_joint;fever;psoriasis;rash,5,4,2,4,original,False,patient_works_as_accountant
216,Cushing_Syndrome,Metabolic,True,0.001,hard,central_obesity;cold_intolerance;hypertension;moon_face;painless_lymphadenopathy;proximal_muscle_weakness;patient_works_as_accountant,fatigue;heat_intolerance;hyperpigmentation;low_cortisol,6,4,2,4,original,False,patient_works_as_accountant
406,Sarcoidosis,Immuno,True,0.001,hard,bilateral_hilar_lymphadenopathy;elevated_ACE;fatigue;hypercalcemia;salt_craving;vomiting;patient_has_private_PPO_insurance,DIP_involvement;MSU_crystals;age_over_50;positive_RF,6,4,2,3,original,False,patient_has_private_PPO_insurance
298,Osteoarthritis,Immuno,False,0.15,hard,DIP_involvement;bony_enlargement;joint_pain;microangiopathic_hemolytic_anemia;reduced_ROM;patient_shoe_size_9,malar_rash;photosensitivity;symmetric_swelling,5,3,2,4,original,False,patient_shoe_size_9
136,Subarachnoid_Hemorrhage,Neuro,True,0.001,easy,loss_of_consciousness;nausea;neck_stiffness;sudden_onset;thunderclap_headache;worst_headache_of_life;xanthochromia_CSF;patient_blood_type_O_positive,aura;bilateral_pain;periorbital_pain;photophobia,7,4,4,4,original,False,patient_blood_type_O_positive
585,Pulmonary_Embolism,Cardio,False,0.002,hard,Wells_score_high;chronic_cough;elevated_D_dimer;hypoxemia;pleuritic_chest_pain;tachycardia;unilateral_leg_swelling;patient_is_right_handed,crackles;orthopnea;pain_worse_supine,7,3,3,4,original,False,patient_is_right_handed
600,Aortic_Dissection,Cardio,True,0.0003,hard,aortic_regurgitation_murmur;blood_pressure_differential;hypertension_history;sudden_onset;upper_motor_neuron_signs;widened_mediastinum;patient_arrived_by_personal_vehicle,ST_elevation;elevated_D_dimer;orthopnea,6,3,3,4,original,False,patient_arrived_by_personal_vehicle
117,Myasthenia_Gravis,Neuro,True,0.0002,hard,abnormal_coagulation;diplopia;dysphagia;elevated_aldosterone;fatigable_weakness;ptosis;patient_commutes_by_bicycle,areflexia;autonomic_features;papilledema;resting_tremor,6,4,3,4,original,False,patient_commutes_by_bicycle
23,Tension_Headache,Neuro,False,0.2,hard,bilateral_pain;dyspnea;mild_photophobia;pressing_quality;restrictive_pattern;stress;patient_owns_a_pet_cat,focal_neuro_deficit;nausea;sudden_onset;vomiting,6,4,2,3,original,False,patient_owns_a_pet_cat
122,Epilepsy,Neuro,False,0.01,easy,EEG_abnormality;loss_of_consciousness;recurrent_episodes;seizures;patient_owns_a_pet_cat,elevated_opening_pressure;headache;lacrimation;neck_stiffness;unilateral_pain,4,5,3,3,original,False,patient_owns_a_pet_cat
390,Asthma,Immuno,False,0.08,medium,chest_tightness;dyspnea;episodic_symptoms;reversible_airflow_obstruction;wheezing;patient_blood_type_O_positive,acute_joint_pain;fever;high_uric_acid;inflammatory_back_pain;joint_pain;symmetric_swelling,5,6,4,4,original,False,patient_blood_type_O_positive
242,Insulinoma,Metabolic,True,4e-05,easy,confusion;diaphoresis;elevated_insulin_during_hypoglycemia;fasting_hypoglycemia;pancreatic_mass;relief_with_glucose;weight_gain;whipple_triad;patient_has_brown_hair,HbA1c_elevated;cold_intolerance;elevated_TSH;high_fasting_glucose;ketoacidosis;low_urine_osmolality;polyuria,8,7,5,5,original,False,patient_has_brown_hair
391,Asthma,Immuno,False,0.08,medium,cough;dyspnea;episodic_symptoms;nocturnal_symptoms;reversible_airflow_obstruction;wheezing;patient_arrived_by_personal_vehicle,DIP_involvement;age_over_50;crackles;dactylitis;joint_pain;malar_rash,6,6,4,4,original,False,patient_arrived_by_personal_vehicle
328,Psoriatic_Arthritis,Immuno,True,0.002,easy,dactylitis;enthesitis;joint_pain;psoriasis;patient_has_brown_hair,HLA_B27;MSU_crystals;crepitus;dry_mouth;malar_rash;morning_stiffness_over_1hr;symmetric_swelling,4,7,3,3,original,False,patient_has_brown_hair
41,Cluster_Headache,Neuro,True,0.001,medium,autonomic_features;conjunctival_injection;headache;lacrimation;muscle_weakness;periorbital_pain;ptosis;patient_is_married,altered_mental_status;elevated_opening_pressure;fever;focal_neuro_deficit;neck_stiffness;speech_difficulty,7,6,4,5,original,False,patient_is_married
486,HUS,Hemato,True,2e-05,medium,E_coli_O157;diarrhea;microangiopathic_hemolytic_anemia;pediatric_age;renal_failure;schistocytes;thrombocytopenia;patient_has_private_PPO_insurance,HbS_on_electrophoresis;fatigue;neurologic_symptoms;peripheral_neuropathy,7,4,5,5,original,False,patient_has_private_PPO_insurance
120,Myasthenia_Gravis,Neuro,True,0.0002,hard,anti_AChR_antibodies;diplopia;fatigable_weakness;micrographia;stress;thymoma;patient_shoe_size_9,fever;relapsing_remitting_course;resting_tremor;sensory_loss,6,4,2,4,original,False,patient_shoe_size_9
496,Hodgkin_Lymphoma,Hemato,False,0.003,easy,B_symptoms;Reed_Sternberg_cells;night_sweats;painless_lymphadenopathy;pruritus;weight_loss_rapid;patient_arrived_by_personal_vehicle,fatigue;no_splenomegaly;petechiae;sickle_cells,6,4,3,3,original,False,patient_arrived_by_personal_vehicle
343,Ankylosing_Spondylitis,Immuno,True,0.002,medium,HLA_B27;inflammatory_back_pain;low_urine_osmolality;morning_stiffness_over_1hr;sacroiliac_tenderness;uveitis;young_male;patient_commutes_by_bicycle,DIP_involvement;acute_joint_pain;asymmetric_joint;malar_rash;positive_RF,7,5,4,4,original,False,patient_commutes_by_bicycle
326,Psoriatic_Arthritis,Immuno,True,0.002,easy,DIP_involvement;asymmetric_joint;dactylitis;enthesitis;joint_pain;nail_pitting;psoriasis;patient_is_right_handed,HLA_B27;age_over_50;positive_anti_SSB;sacroiliac_tenderness;symmetric_swelling,7,5,3,3,original,False,patient_is_right_handed
570,Acute_MI,Cardio,False,0.005,medium,ST_elevation;chest_pain;diaphoresis;positive_AFB;radiation_to_arm;risk_factors;troponin_elevated;patient_lives_in_a_two_story_house,jugular_venous_distension;pain_worse_supine;pleuritic_chest_pain;sudden_onset,7,4,4,4,original,False,patient_lives_in_a_two_story_house
233,Pheochromocytoma,Metabolic,True,0.0002,medium,diaphoresis;episodic_hypertension;headache;palpitations;tachycardia;tremor;patient_blood_type_O_positive,cold_intolerance;high_fasting_glucose;hypotension;moon_face;young_age,6,5,4,5,original,False,patient_blood_type_O_positive
367,Reactive_Arthritis,Immuno,True,0.003,medium,HLA_B27;asymmetric_joint;conjunctivitis;preceding_infection;patient_has_brown_hair,DIP_involvement;MSU_crystals;joint_pain;morning_stiffness_over_1hr;photosensitivity,4,5,3,4,original,False,patient_has_brown_hair
410,Iron_Deficiency_Anemia,Hemato,False,0.08,easy,fatigue;koilonychia;low_MCV;low_ferritin;pallor;pica;patient_shoe_size_9,fever;high_MCV;jaundice;splenomegaly;thrombocytopenia,6,5,4,4,original,False,patient_shoe_size_9
301,Gout,Immuno,False,0.04,easy,MSU_crystals;acute_joint_pain;asymmetric_joint;high_uric_acid;male;rapid_onset_hours;redness;patient_works_as_accountant,DIP_involvement;age_over_50;crepitus;dry_eyes;inflammatory_back_pain;symmetric_swelling,7,6,4,4,original,False,patient_works_as_accountant
477,TTP,Hemato,True,3e-05,hard,fever;low_ADAMTS13;microangiopathic_hemolytic_anemia;schistocytes;sudden_onset;thrombocytopenia;patient_blood_type_O_positive,fatigue;isolated_thrombocytopenia;pain_crisis;peripheral_neuropathy;renal_failure,6,5,4,5,original,False,patient_blood_type_O_positive
366,Reactive_Arthritis,Immuno,True,0.003,medium,HLA_B27;asymmetric_joint;conjunctivitis;preceding_infection;young_male;patient_works_as_accountant,dactylitis;inflammatory_back_pain;malar_rash;psoriasis,5,4,3,4,original,False,patient_works_as_accountant
693,Lung_Cancer,Pulmo,False,0.005,hard,clubbing;hoarseness;mass_on_imaging;positive_anti_SSB;weight_loss_rapid;patient_blood_type_O_positive,chronic_cough;positive_AFB;reversible_airflow_obstruction,5,3,2,4,original,False,patient_blood_type_O_positive
336,Psoriatic_Arthritis,Immuno,True,0.002,hard,asymmetric_joint;enthesitis;joint_pain;psoriasis;trigger_exposure;patient_lives_in_a_two_story_house,crepitus;inflammatory_back_pain;positive_ANA;sacroiliac_tenderness;tophi,5,5,2,3,original,False,patient_lives_in_a_two_story_house
489,HUS,Hemato,True,2e-05,hard,E_coli_O157;bloody_diarrhea;loss_of_consciousness;microangiopathic_hemolytic_anemia;renal_failure;schistocytes;thrombocytopenia;patient_arrived_by_personal_vehicle,chronic_hemolytic_anemia;fever;no_diarrhea,7,3,4,5,original,False,patient_arrived_by_personal_vehicle
483,HUS,Hemato,True,2e-05,easy,E_coli_O157;diarrhea;microangiopathic_hemolytic_anemia;renal_failure;schistocytes;thrombocytopenia;patient_is_right_handed,chronic_hemolytic_anemia;fever;no_splenomegaly,6,3,5,5,original,False,patient_is_right_handed
563,Heart_Failure,Cardio,False,0.02,hard,PND;S3_gallop;ST_elevation;fatigue;peripheral_edema;throbbing_quality;patient_owns_a_pet_cat,fever;hypotension;pleuritic_chest_pain;sudden_onset;tearing_chest_pain,6,5,2,4,original,False,patient_owns_a_pet_cat
159,T1_Diabetes,Metabolic,False,0.005,easy,high_fasting_glucose;ketoacidosis;polydipsia;polyuria;weight_loss_rapid;young_age;patient_blood_type_O_positive,HbA1c_elevated;acanthosis_nigricans;gradual_onset;hyperpigmentation;low_cortisol;obesity,6,6,5,5,original,False,patient_blood_type_O_positive
115,Myasthenia_Gravis,Neuro,True,0.0002,medium,anti_AChR_antibodies;fatigable_weakness;fluctuating_symptoms;hair_loss;positive_edrophonium_test;ptosis;patient_is_married,lacrimation;neck_stiffness;papilledema;sensory_loss;unilateral_pain,6,5,3,4,original,False,patient_is_married
602,Pericarditis,Cardio,False,0.003,easy,diffuse_ST_elevation;pain_worse_supine;pericardial_friction_rub;pleuritic_chest_pain;patient_owns_a_pet_cat,ST_elevation;ST_elevation_focal;jugular_venous_distension;radiation_to_arm;troponin_markedly_elevated;widened_mediastinum,4,6,4,4,original,False,patient_owns_a_pet_cat
199,Hyperthyroidism,Metabolic,False,0.02,medium,anxiety;diarrhea;heat_intolerance;low_TSH;tachycardia;patient_shoe_size_9,cold_intolerance;low_cortisol;polydipsia;polyuria;weight_gain,5,5,3,4,original,False,patient_shoe_size_9
591,Aortic_Dissection,Cardio,True,0.0003,easy,aortic_regurgitation_murmur;blood_pressure_differential;hypertension_history;sudden_onset;tearing_chest_pain;widened_mediastinum;patient_commutes_by_bicycle,diffuse_ST_elevation;elevated_D_dimer;orthopnea;pleuritic_chest_pain;troponin_elevated,6,5,4,4,original,False,patient_commutes_by_bicycle
32,Bacterial_Meningitis,Neuro,False,0.002,medium,altered_mental_status;fever;headache;neck_stiffness;positive_brudzinski;patient_prefers_tea_over_coffee,autonomic_features;elevated_opening_pressure;lacrimation;pressing_quality;vision_changes,5,5,4,4,original,False,patient_prefers_tea_over_coffee
659,Pulmonary_Fibrosis,Pulmo,True,0.002,hard,clubbing;erythromelalgia;honeycombing_on_CT;progressive_dyspnea;reduced_DLCO;young_age;patient_has_private_PPO_insurance,chronic_dyspnea;fever;reversible_airflow_obstruction;sputum_production,6,4,2,4,original,False,patient_has_private_PPO_insurance
224,Addison_Disease,Metabolic,True,0.0001,medium,ascending_weakness;hyperpigmentation;hyponatremia;hypotension;low_cortisol;nausea;weight_loss_rapid;patient_commutes_by_bicycle,HbA1c_elevated;central_obesity;elevated_cortisol;low_TSH;low_urine_osmolality;polydipsia,7,6,4,5,original,False,patient_commutes_by_bicycle
342,Ankylosing_Spondylitis,Immuno,True,0.002,medium,HLA_B27;limited_spinal_mobility;male;morning_stiffness_over_1hr;sacroiliac_tenderness;young_male;patient_lives_in_a_two_story_house,age_over_50;crepitus;high_uric_acid;malar_rash;positive_RF,6,5,3,4,original,False,patient_lives_in_a_two_story_house
444,Thalassemia_Trait,Hemato,False,0.01,hard,family_history;low_MCV;mild_anemia;pain_crisis;splenomegaly;target_cells;vomiting;patient_shoe_size_9,diarrhea;high_MCV;low_ferritin;microangiopathic_hemolytic_anemia;no_splenomegaly,7,5,3,5,original,False,patient_shoe_size_9
522,Hemophilia_A,Hemato,True,0.0001,medium,easy_bruising;family_history;hemarthrosis;muscle_hematomas;prolonged_aPTT;prolonged_bleeding;patient_commutes_by_bicycle,high_MCV;isolated_thrombocytopenia;pallor;petechiae;schistocytes,6,5,3,4,original,False,patient_commutes_by_bicycle
469,TTP,Hemato,True,3e-05,easy,elevated_LDH;fever;low_ADAMTS13;microangiopathic_hemolytic_anemia;neurologic_symptoms;renal_failure;schistocytes;thrombocytopenia;patient_owns_a_pet_cat,low_ferritin,8,1,5,5,original,False,patient_owns_a_pet_cat
414,Iron_Deficiency_Anemia,Hemato,False,0.08,medium,DIP_involvement;brittle_nails;fatigue;low_MCV;low_ferritin;pallor;pica;patient_works_as_accountant,HbS_on_electrophoresis;high_MCV;jaundice;microangiopathic_hemolytic_anemia;petechiae;splenomegaly,7,6,4,4,original,False,patient_works_as_accountant
546,Aplastic_Anemia,Hemato,True,2e-05,medium,fatigue;hypocellular_bone_marrow;pallor;pancytopenia;petechiae;recurrent_infections;reticulocytopenia;patient_prefers_tea_over_coffee,JAK2_mutation;chronic_hemolytic_anemia;normal_RDW;pain_crisis,7,4,4,5,original,False,patient_prefers_tea_over_coffee
119,Myasthenia_Gravis,Neuro,True,0.0002,hard,anti_AChR_antibodies;diplopia;dry_skin;dysphagia;fatigable_weakness;fluctuating_symptoms;positive_edrophonium_test;positive_kernig;patient_commutes_by_bicycle,areflexia;autonomic_features;lacrimation;sensory_loss,8,4,3,4,original,False,patient_commutes_by_bicycle
266,Primary_Hyperaldosteronism,Metabolic,True,0.001,easy,adrenal_mass;elevated_aldosterone;hypertension;hypokalemia;low_renin;patient_blood_type_O_positive,elevated_TSH;elevated_cortisol;hyperkalemia;hypotension;polydipsia;polyuria;tachycardia,5,7,4,4,original,False,patient_blood_type_O_positive
395,Asthma,Immuno,False,0.08,hard,cough;dyspnea;episodic_symptoms;pancytopenia;reversible_airflow_obstruction;patient_is_right_handed,joint_pain;symmetric_swelling,5,2,3,4,original,False,patient_is_right_handed
459,ITP,Hemato,True,0.0001,easy,bruising;isolated_thrombocytopenia;megakaryocyte_hyperplasia;mucosal_bleeding;no_splenomegaly;normal_coagulation_studies;petechiae;patient_prefers_tea_over_coffee,chronic_hemolytic_anemia;fatigue;low_ferritin;renal_failure;schistocytes,7,5,4,4,original,False,patient_prefers_tea_over_coffee
245,Insulinoma,Metabolic,True,4e-05,medium,confusion;fasting_hypoglycemia;relief_with_glucose;weight_gain;whipple_triad;patient_works_as_accountant,cold_intolerance;low_TSH;low_urine_osmolality;polyuria;purple_striae,5,5,4,5,original,False,patient_works_as_accountant
214,Cushing_Syndrome,Metabolic,True,0.001,hard,Mediterranean_descent;elevated_cortisol;hyperglycemia;moon_face;proximal_muscle_weakness;rheumatoid_nodules;patient_lives_in_a_two_story_house,cold_intolerance;dilute_urine;high_fasting_glucose,6,3,2,4,original,False,patient_lives_in_a_two_story_house
329,Psoriatic_Arthritis,Immuno,True,0.002,medium,DIP_involvement;dactylitis;enthesitis;joint_pain;positive_anti_SSA;psoriasis;patient_arrived_by_personal_vehicle,MSU_crystals;asymmetric_joint;dry_mouth;positive_RF;tophi,6,5,3,3,original,False,patient_arrived_by_personal_vehicle
626,COPD,Pulmo,False,0.06,easy,FEV1_reduced;barrel_chest;chronic_cough;chronic_dyspnea;decreased_breath_sounds;prolonged_expiration;smoking_history;sputum_production;patient_owns_a_pet_cat,crackles;dry_cough;no_smoking_history;reversible_airflow_obstruction,8,4,4,4,original,False,patient_owns_a_pet_cat
679,Sarcoidosis_Pulmo,Pulmo,True,0.001,medium,bilateral_hilar_lymphadenopathy;chronic_cough;erythema_nodosum;glycosuria;noncaseating_granulomas;uveitis;patient_owns_a_pet_cat,honeycombing_on_CT;positive_AFB;upper_lobe_cavitation,6,3,3,3,original,False,patient_owns_a_pet_cat
402,Sarcoidosis,Immuno,True,0.001,medium,bilateral_hilar_lymphadenopathy;cough;fatigue;noncaseating_granulomas;white_matter_lesions;patient_has_private_PPO_insurance,DIP_involvement;HLA_B27;MSU_crystals;positive_ANA,5,4,3,3,original,False,patient_has_private_PPO_insurance
96,Parkinsons_Disease,Neuro,False,0.01,hard,bradykinesia;masked_facies;micrographia;normal_B12;postural_instability;resting_tremor;shuffling_gait;patient_blood_type_O_positive,fatigue;headache;lacrimation;pressing_quality;vision_changes,7,5,2,4,original,False,patient_blood_type_O_positive
338,Ankylosing_Spondylitis,Immuno,True,0.002,easy,HLA_B27;enthesitis;inflammatory_back_pain;morning_stiffness_over_1hr;sacroiliac_tenderness;uveitis;young_male;patient_blood_type_O_positive,DIP_involvement;age_over_50;high_uric_acid;joint_pain;positive_RF,7,5,4,4,original,False,patient_blood_type_O_positive
642,Community_Pneumonia,Pulmo,False,0.01,medium,crackles;elevated_WBC;infiltrate_on_CXR;productive_cough;pulsus_paradoxus;patient_has_brown_hair,barrel_chest;bilateral_hilar_lymphadenopathy;chronic_cough;persistent_cough;reversible_airflow_obstruction;smoking_history,5,6,3,4,original,False,patient_has_brown_hair
392,Asthma,Immuno,False,0.08,medium,chest_tightness;dyspnea;pallor;reversible_airflow_obstruction;trigger_exposure;wheezing;patient_is_right_handed,joint_pain;morning_stiffness_over_1hr;positive_RF,6,3,3,4,original,False,patient_is_right_handed
569,Acute_MI,Cardio,False,0.005,medium,ST_elevation;chest_pain;petechiae;radiation_to_arm;risk_factors;troponin_elevated;patient_shoe_size_9,pain_worse_supine;pericardial_friction_rub;peripheral_edema;sudden_onset;tachycardia,6,5,4,4,original,False,patient_shoe_size_9
133,Subarachnoid_Hemorrhage,Neuro,True,0.001,easy,nausea;neck_stiffness;sudden_onset;thunderclap_headache;worst_headache_of_life;xanthochromia_CSF;patient_commutes_by_bicycle,altered_mental_status;bilateral_pain;gradual_onset;lacrimation;pressing_quality,6,5,4,4,original,False,patient_commutes_by_bicycle
76,Stroke_Ischemic,Neuro,False,0.03,easy,arm_weakness;focal_neuro_deficit;speech_difficulty;sudden_onset;patient_blood_type_O_positive,autonomic_features;elevated_opening_pressure;fever;gradual_onset;vision_changes,4,5,3,3,original,False,patient_blood_type_O_positive
311,Gout,Immuno,False,0.04,hard,MSU_crystals;asymmetric_joint;high_uric_acid;hyperpigmentation;male;nausea;warmth;patient_prefers_tea_over_coffee,DIP_involvement;morning_stiffness_over_1hr;positive_ANA,7,3,3,4,original,False,patient_prefers_tea_over_coffee
59,Idiopathic_Intracranial_HTN,Neuro,True,0.001,hard,asymmetric_onset;elevated_opening_pressure;female;headache;obesity;papilledema;plethora;transient_visual_obscurations;patient_shoe_size_9,altered_mental_status;autonomic_features;neck_stiffness;vision_changes,8,4,3,4,original,False,patient_shoe_size_9
463,ITP,Hemato,True,0.0001,medium,isolated_thrombocytopenia;megakaryocyte_hyperplasia;mucosal_bleeding;no_splenomegaly;normal_coagulation_studies;patient_prefers_tea_over_coffee,fever;mild_anemia;pallor;renal_failure;splenomegaly,5,5,3,4,original,False,patient_prefers_tea_over_coffee
513,Polycythemia_Vera,Hemato,True,0.0005,hard,JAK2_mutation;elevated_hemoglobin;hypersegmented_neutrophils;prolonged_bleeding;patient_shoe_size_9,normal_ferritin;pain_crisis;pallor;sickle_cells,4,4,2,4,original,False,patient_shoe_size_9
421,B12_Deficiency,Hemato,False,0.03,easy,fatigue;high_MCV;low_B12;pallor;peripheral_neuropathy;patient_has_private_PPO_insurance,HbS_on_electrophoresis;isolated_thrombocytopenia;low_MCV;normal_coagulation_studies;pain_crisis;schistocytes,5,6,4,4,original,False,patient_has_private_PPO_insurance
660,Pulmonary_Fibrosis,Pulmo,True,0.002,hard,age_over_50;bony_enlargement;clubbing;progressive_dyspnea;reduced_DLCO;restrictive_pattern;velcro_crackles;patient_shoe_size_9,bilateral_hilar_lymphadenopathy;chronic_cough;night_sweats;reversible_airflow_obstruction;weight_loss_rapid,7,5,2,4,original,False,patient_shoe_size_9
643,Community_Pneumonia,Pulmo,False,0.01,medium,crackles;fever;infiltrate_on_CXR;pleuritic_chest_pain;productive_cough;rigors;shuffling_gait;patient_owns_a_pet_cat,bilateral_hilar_lymphadenopathy;chronic_cough;chronic_dyspnea;honeycombing_on_CT;positive_AFB,7,5,4,4,original,False,patient_owns_a_pet_cat
581,Pulmonary_Embolism,Cardio,False,0.002,medium,Wells_score_high;elevated_D_dimer;pleuritic_chest_pain;sudden_dyspnea;tachycardia;patient_shoe_size_9,chest_pain;elevated_BNP;fatigue;orthopnea;radiation_to_arm,5,5,4,4,original,False,patient_shoe_size_9
28,Bacterial_Meningitis,Neuro,False,0.002,easy,altered_mental_status;fever;headache;neck_stiffness;petechial_rash;positive_brudzinski;positive_kernig;patient_has_brown_hair,gradual_onset;periorbital_pain;pressing_quality,7,3,4,4,original,False,patient_has_brown_hair
498,Hodgkin_Lymphoma,Hemato,False,0.003,medium,B_symptoms;Reed_Sternberg_cells;night_sweats;pale_nasal_mucosa;pruritus;patient_works_as_accountant,isolated_thrombocytopenia;mild_anemia;petechiae;sickle_cells,5,4,2,3,original,False,patient_works_as_accountant
562,Heart_Failure,Cardio,False,0.02,hard,PND;crackles;dyspnea;fatigue;purple_striae;recurrent_infections;patient_arrived_by_personal_vehicle,diffuse_ST_elevation;unilateral_leg_swelling,6,2,2,4,original,False,patient_arrived_by_personal_vehicle
544,Aplastic_Anemia,Hemato,True,2e-05,easy,bleeding;fatigue;hypocellular_bone_marrow;pancytopenia;recurrent_infections;reticulocytopenia;patient_is_married,high_MCV;low_ferritin;lymphocytosis;neurologic_symptoms;peripheral_neuropathy;sickle_cells;thrombocytopenia,6,7,5,5,original,False,patient_is_married
505,Polycythemia_Vera,Hemato,True,0.0005,easy,JAK2_mutation;elevated_hematocrit;elevated_hemoglobin;erythromelalgia;headache;splenomegaly;patient_works_as_accountant,anemia;fever;neurologic_symptoms;normal_RDW;peripheral_neuropathy;thrombocytopenia,6,6,4,4,original,False,patient_works_as_accountant
625,COPD,Pulmo,False,0.06,easy,chronic_cough;chronic_dyspnea;smoking_history;sputum_production;patient_prefers_tea_over_coffee,dry_cough;mass_on_imaging;reversible_airflow_obstruction;weight_loss_rapid,4,4,4,4,original,False,patient_prefers_tea_over_coffee
465,ITP,Hemato,True,0.0001,hard,diplopia;isolated_thrombocytopenia;mucosal_bleeding;no_splenomegaly;patient_owns_a_pet_cat,chronic_hemolytic_anemia;fatigue;pallor;splenomegaly,4,4,2,4,original,False,patient_owns_a_pet_cat
348,Ankylosing_Spondylitis,Immuno,True,0.002,hard,enthesitis;inflammatory_back_pain;morning_stiffness_over_1hr;resting_tremor;sacroiliac_tenderness;patient_is_right_handed,high_uric_acid;joint_pain;positive_RF,5,3,3,4,original,False,patient_is_right_handed
226,Addison_Disease,Metabolic,True,0.0001,hard,fatigue;hyperkalemia;hyponatremia;hypotension;low_cortisol;nocturnal_symptoms;salt_craving;patient_prefers_tea_over_coffee,hypertension;low_TSH;young_age,7,3,4,5,original,False,patient_prefers_tea_over_coffee
13,Tension_Headache,Neuro,False,0.2,easy,bilateral_pain;headache;mild_photophobia;pressing_quality;stress;patient_works_as_accountant,aura;autonomic_features;fatigue;throbbing_quality;unilateral_pain;vision_changes,5,6,3,3,original,False,patient_works_as_accountant
494,Hodgkin_Lymphoma,Hemato,False,0.003,easy,B_symptoms;Reed_Sternberg_cells;mediastinal_mass;painless_lymphadenopathy;pruritus;patient_blood_type_O_positive,chronic_hemolytic_anemia;fever;isolated_thrombocytopenia;microangiopathic_hemolytic_anemia;petechiae;sickle_cells,5,6,3,3,original,False,patient_blood_type_O_positive
526,Hemophilia_A,Hemato,True,0.0001,hard,asymmetric_onset;easy_bruising;hemarthrosis;prolonged_bleeding;radiation_to_arm;patient_blood_type_O_positive,low_B12;neurologic_symptoms;petechiae;schistocytes;thrombocytopenia,5,5,2,4,original,False,patient_blood_type_O_positive
598,Aortic_Dissection,Cardio,True,0.0003,hard,blood_pressure_differential;morning_stiffness_over_1hr;sudden_onset;tearing_chest_pain;patient_arrived_by_personal_vehicle,elevated_D_dimer;muffled_heart_sounds;pleuritic_chest_pain;tachycardia,4,4,3,4,original,False,patient_arrived_by_personal_vehicle
339,Ankylosing_Spondylitis,Immuno,True,0.002,easy,HLA_B27;enthesitis;inflammatory_back_pain;limited_spinal_mobility;morning_stiffness_over_1hr;sacroiliac_tenderness;uveitis;young_male;patient_shoe_size_9,MSU_crystals;age_over_50;crepitus;high_uric_acid;joint_pain;malar_rash;symmetric_swelling,8,7,4,4,original,False,patient_shoe_size_9
89,Parkinsons_Disease,Neuro,False,0.01,medium,asymmetric_onset;bradykinesia;glossitis;masked_facies;micrographia;postural_instability;resting_tremor;rigidity;shuffling_gait;patient_is_married,bilateral_pain;fever;lacrimation;relapsing_remitting_course;symmetric_onset,9,5,4,4,original,False,patient_is_married
194,Hyperthyroidism,Metabolic,False,0.02,easy,anxiety;diarrhea;exophthalmos;heat_intolerance;low_TSH;tachycardia;weight_loss_rapid;patient_has_brown_hair,bradycardia;central_obesity;cold_intolerance;constipation;elevated_TSH;high_fasting_glucose;polydipsia,7,7,4,4,original,False,patient_has_brown_hair
251,Insulinoma,Metabolic,True,4e-05,hard,diaphoresis;elevated_insulin_during_hypoglycemia;fasting_hypoglycemia;pancreatic_mass;papilledema;relief_with_glucose;whipple_triad;patient_has_private_PPO_insurance,HbA1c_elevated;elevated_TSH;heat_intolerance;high_fasting_glucose,7,4,4,5,original,False,patient_has_private_PPO_insurance
557,Heart_Failure,Cardio,False,0.02,medium,S3_gallop;blurred_vision;dyspnea;elevated_BNP;fatigue;orthopnea;peripheral_edema;patient_prefers_tea_over_coffee,chest_pain;hypotension;sudden_onset;widened_mediastinum,7,4,4,4,original,False,patient_prefers_tea_over_coffee
155,T2_Diabetes,Metabolic,False,0.1,hard,HbA1c_elevated;fatigue;high_fasting_glucose;obesity;polyuria;positive_anti_SSA;radiation_to_arm;patient_owns_a_pet_cat,autoantibodies_positive;hyponatremia;low_TSH;purple_striae,7,4,3,4,original,False,patient_owns_a_pet_cat
91,Parkinsons_Disease,Neuro,False,0.01,medium,asymmetric_onset;bradykinesia;micrographia;resting_tremor;rigidity;patient_has_private_PPO_insurance,autonomic_features;fever;headache;vision_changes;young_age,5,5,4,4,original,False,patient_has_private_PPO_insurance
49,Idiopathic_Intracranial_HTN,Neuro,True,0.001,easy,elevated_opening_pressure;female;headache;obesity;papilledema;tinnitus;vision_changes;patient_has_private_PPO_insurance,altered_mental_status;bilateral_pain;fever;neck_stiffness;speech_difficulty;unilateral_pain,7,6,4,4,original,False,patient_has_private_PPO_insurance
312,Gout,Immuno,False,0.04,hard,MSU_crystals;asymmetric_joint;elevated_catecholamines;high_uric_acid;jugular_venous_distension;male;podagra;redness;warmth;patient_blood_type_O_positive,HLA_B27;dry_eyes;inflammatory_back_pain;positive_anti_SSB;symmetric_swelling,9,5,3,4,original,False,patient_blood_type_O_positive
84,Stroke_Ischemic,Neuro,False,0.03,hard,arm_weakness;elevated_cortisol;facial_droop;focal_neuro_deficit;hypertension;low_TSH;sudden_onset;patient_has_brown_hair,bilateral_pain;gradual_onset;headache,7,3,2,3,original,False,patient_has_brown_hair
167,T1_Diabetes,Metabolic,False,0.005,hard,easy_bruising;high_fasting_glucose;ketoacidosis;mature_small_lymphocytes;polyuria;thin_body_habitus;weight_loss_rapid;young_age;patient_prefers_tea_over_coffee,elevated_TSH;low_TSH;obesity;polydipsia;purple_striae,8,5,4,5,original,False,patient_prefers_tea_over_coffee
27,Bacterial_Meningitis,Neuro,False,0.002,easy,altered_mental_status;fever;headache;neck_stiffness;positive_kernig;patient_is_right_handed,aura;fatigue;gradual_onset;papilledema;relapsing_remitting_course;unilateral_pain,5,6,4,4,original,False,patient_is_right_handed
126,Epilepsy,Neuro,False,0.01,medium,EEG_abnormality;loss_of_consciousness;postictal_confusion;seizures;tongue_biting;patient_commutes_by_bicycle,neck_stiffness;papilledema;vision_changes,5,3,2,3,original,False,patient_commutes_by_bicycle
354,Sjogren_Syndrome,Immuno,True,0.004,medium,dry_mouth;fatigue;moon_face;positive_anti_SSA;positive_anti_SSB;patient_prefers_tea_over_coffee,DIP_involvement;asymmetric_joint;crepitus;morning_stiffness_over_1hr,5,4,3,4,original,False,patient_prefers_tea_over_coffee
223,Addison_Disease,Metabolic,True,0.0001,medium,PND;fatigue;hyperpigmentation;hyponatremia;low_cortisol;nausea;salt_craving;patient_works_as_accountant,elevated_TSH;elevated_cortisol;hypertension;moon_face;polyuria,7,5,4,5,original,False,patient_works_as_accountant
387,Asthma,Immuno,False,0.08,easy,chest_tightness;dyspnea;episodic_symptoms;nocturnal_symptoms;reversible_airflow_obstruction;wheezing;patient_blood_type_O_positive,DIP_involvement;MSU_crystals;asymmetric_joint;morning_stiffness_over_1hr;positive_ANA;psoriasis,6,6,4,4,original,False,patient_blood_type_O_positive
260,Metabolic_Syndrome,Metabolic,False,0.12,medium,central_obesity;elevated_ACE;high_fasting_glucose;high_triglycerides;hypertension;hyperuricemia;low_HDL;patient_prefers_tea_over_coffee,polydipsia;polyuria;weight_gain;weight_loss_rapid,7,4,5,5,original,False,patient_prefers_tea_over_coffee
347,Ankylosing_Spondylitis,Immuno,True,0.002,hard,inflammatory_back_pain;limited_spinal_mobility;morning_stiffness_over_1hr;sacroiliac_tenderness;sickle_cells;watery_eyes;young_male;patient_prefers_tea_over_coffee,asymmetric_joint;dry_mouth;joint_pain;malar_rash;positive_RF,7,5,3,4,original,False,patient_prefers_tea_over_coffee
319,Systemic_Lupus,Immuno,True,0.005,medium,cytopenias;fatigue;joint_pain;malar_rash;oral_ulcers;photosensitivity;positive_ANA;renal_involvement;rhinorrhea;patient_has_private_PPO_insurance,age_over_50;crepitus;high_uric_acid;inflammatory_back_pain;morning_stiffness_over_1hr;positive_anti_SSB,9,6,4,4,original,False,patient_has_private_PPO_insurance
492,HUS,Hemato,True,2e-05,hard,E_coli_O157;aura;diarrhea;microangiopathic_hemolytic_anemia;pediatric_age;renal_failure;thunderclap_headache;patient_shoe_size_9,chronic_hemolytic_anemia;low_ferritin;neurologic_symptoms,7,3,3,5,original,False,patient_shoe_size_9
87,Parkinsons_Disease,Neuro,False,0.01,easy,asymmetric_onset;bradykinesia;micrographia;resting_tremor;rigidity;patient_prefers_tea_over_coffee,bilateral_pain;fatigue;fever;headache;papilledema;young_age,5,6,4,4,original,False,patient_prefers_tea_over_coffee
335,Psoriatic_Arthritis,Immuno,True,0.002,hard,DIP_involvement;asymmetric_joint;clear_rhinorrhea;dactylitis;enthesitis;joint_pain;uveitis;patient_owns_a_pet_cat,MSU_crystals;age_over_50;malar_rash;sacroiliac_tenderness;tophi,7,5,2,3,original,False,patient_owns_a_pet_cat
246,Insulinoma,Metabolic,True,4e-05,medium,confusion;diaphoresis;elevated_insulin_during_hypoglycemia;pancreatic_mass;relief_with_glucose;weight_gain;whipple_triad;patient_is_right_handed,HbA1c_elevated;central_obesity;high_fasting_glucose;polyuria;tachycardia,7,5,4,5,original,False,patient_is_right_handed
460,ITP,Hemato,True,0.0001,easy,bruising;isolated_thrombocytopenia;megakaryocyte_hyperplasia;no_splenomegaly;normal_coagulation_studies;petechiae;patient_commutes_by_bicycle,low_ferritin;mild_anemia;neurologic_symptoms;pallor;schistocytes;sickle_cells,6,6,4,4,original,False,patient_commutes_by_bicycle
371,Reactive_Arthritis,Immuno,True,0.003,hard,HLA_B27;asymmetric_joint;dactylitis;hypoxemia;neurologic_symptoms;preceding_infection;urethritis;young_male;patient_works_as_accountant,crepitus;inflammatory_back_pain;joint_pain;symmetric_swelling,8,4,3,4,original,False,patient_works_as_accountant
419,Iron_Deficiency_Anemia,Hemato,False,0.08,hard,brittle_nails;fatigue;koilonychia;low_MCV;muffled_heart_sounds;no_diarrhea;pallor;pica;patient_is_married,HbS_on_electrophoresis;isolated_thrombocytopenia;renal_failure;schistocytes;splenomegaly,8,5,3,4,original,False,patient_is_married
5,Migraine,Neuro,False,0.12,medium,atrial_fibrillation;headache;nausea;photophobia;patient_is_married,elevated_opening_pressure;fever;neck_stiffness;relapsing_remitting_course,4,4,3,3,original,False,patient_is_married
85,Parkinsons_Disease,Neuro,False,0.01,easy,asymmetric_onset;bradykinesia;micrographia;resting_tremor;rigidity;shuffling_gait;patient_lives_in_a_two_story_house,papilledema;pressing_quality;symmetric_onset;unilateral_pain;young_age,6,5,4,4,original,False,patient_lives_in_a_two_story_house
197,Hyperthyroidism,Metabolic,False,0.02,medium,diarrhea;exophthalmos;heat_intolerance;hyperreflexia;low_TSH;tachycardia;tremor;weight_loss_rapid;patient_blood_type_O_positive,bradycardia;dilute_urine;high_fasting_glucose;ketoacidosis;polyuria,8,5,4,4,original,False,patient_blood_type_O_positive
638,Community_Pneumonia,Pulmo,False,0.01,easy,crackles;dyspnea;fever;infiltrate_on_CXR;pleuritic_chest_pain;productive_cough;rigors;patient_blood_type_O_positive,bilateral_hilar_lymphadenopathy;hemoptysis;honeycombing_on_CT;positive_AFB;sputum_production,7,5,4,4,original,False,patient_blood_type_O_positive
516,Polycythemia_Vera,Hemato,True,0.0005,hard,JAK2_mutation;crepitus;elevated_hemoglobin;erythromelalgia;plethora;pruritus_after_bathing;patient_shoe_size_9,HbS_on_electrophoresis;fatigue;thrombocytopenia,6,3,2,4,original,False,patient_shoe_size_9
649,Pulmonary_Fibrosis,Pulmo,True,0.002,easy,age_over_50;clubbing;dry_cough;honeycombing_on_CT;progressive_dyspnea;reduced_DLCO;velcro_crackles;patient_arrived_by_personal_vehicle,crackles;persistent_cough;sputum_production,7,3,4,4,original,False,patient_arrived_by_personal_vehicle
681,Sarcoidosis_Pulmo,Pulmo,True,0.001,hard,bilateral_hilar_lymphadenopathy;chronic_cough;elevated_ACE;erythema_nodosum;hypercalcemia;masked_facies;patient_shoe_size_9,positive_AFB;upper_lobe_cavitation,6,2,2,3,original,False,patient_shoe_size_9
377,Allergic_Rhinitis,Immuno,False,0.2,medium,itching;nasal_congestion;pale_nasal_mucosa;sneezing;splenomegaly_childhood;watery_eyes;patient_owns_a_pet_cat,acute_joint_pain;crepitus;fatigue;fever;joint_pain;positive_RF,6,6,4,4,original,False,patient_owns_a_pet_cat
204,Hyperthyroidism,Metabolic,False,0.02,hard,ST_elevation_focal;anxiety;hyperreflexia;hypotension;low_TSH;tachycardia;weight_loss_rapid;patient_owns_a_pet_cat,elevated_cortisol;fatigue;young_age,7,3,3,4,original,False,patient_owns_a_pet_cat
238,Pheochromocytoma,Metabolic,True,0.0002,hard,adrenal_mass;decreased_breath_sounds;diaphoresis;elevated_catecholamines;episodic_hypertension;headache;obesity;pallor;palpitations;patient_lives_in_a_two_story_house,cold_intolerance;fatigue;high_fasting_glucose;low_urine_osmolality;tachycardia,9,5,4,5,original,False,patient_lives_in_a_two_story_house
145,T2_Diabetes,Metabolic,False,0.1,easy,HbA1c_elevated;high_fasting_glucose;obesity;polydipsia;polyuria;patient_owns_a_pet_cat,cold_intolerance;fatigue;ketoacidosis;low_urine_osmolality;weight_loss_rapid;young_age,5,6,4,4,original,False,patient_owns_a_pet_cat
11,Migraine,Neuro,False,0.12,hard,aura;itching;nausea;photophobia;patient_works_as_accountant,fatigue;focal_neuro_deficit;papilledema,4,3,2,3,original,False,patient_works_as_accountant
527,Hemophilia_A,Hemato,True,0.0001,hard,family_history;low_factor_VIII;prolonged_bleeding;ptosis;patient_has_private_PPO_insurance,fatigue;low_MCV;microangiopathic_hemolytic_anemia,4,3,2,4,original,False,patient_has_private_PPO_insurance
283,Rheumatoid_Arthritis,Immuno,False,0.01,medium,MCP_PIP_involvement;joint_pain;morning_stiffness_over_1hr;positive_RF;rheumatoid_nodules;symmetric_swelling;patient_commutes_by_bicycle,asymmetric_joint;dactylitis;sacroiliac_tenderness;tophi,6,4,4,4,original,False,patient_commutes_by_bicycle
376,Allergic_Rhinitis,Immuno,False,0.2,easy,clear_rhinorrhea;itching;nasal_congestion;pale_nasal_mucosa;seasonal_pattern;sneezing;watery_eyes;patient_owns_a_pet_cat,joint_pain;psoriasis,7,2,4,4,original,False,patient_owns_a_pet_cat
467,ITP,Hemato,True,0.0001,hard,normal_coagulation_studies;petechiae;subacute_combined_degeneration;patient_blood_type_O_positive,microangiopathic_hemolytic_anemia;renal_failure;splenomegaly,3,3,2,4,original,False,patient_blood_type_O_positive
523,Hemophilia_A,Hemato,True,0.0001,medium,easy_bruising;family_history;low_factor_VIII;male;prolonged_aPTT;prolonged_bleeding;patient_prefers_tea_over_coffee,high_MCV;low_MCV;no_splenomegaly;schistocytes;target_cells,6,5,3,4,original,False,patient_prefers_tea_over_coffee
564,Heart_Failure,Cardio,False,0.02,hard,S3_gallop;crackles;elevated_BNP;fatigue;watery_eyes;patient_blood_type_O_positive,diffuse_ST_elevation;fever;muffled_heart_sounds;sudden_onset,5,4,2,4,original,False,patient_blood_type_O_positive
26,Bacterial_Meningitis,Neuro,False,0.002,easy,altered_mental_status;fever;headache;neck_stiffness;petechial_rash;photophobia;positive_kernig;patient_has_private_PPO_insurance,autonomic_features;elevated_opening_pressure;fatigue;lacrimation;vision_changes,7,5,4,4,original,False,patient_has_private_PPO_insurance
586,Pulmonary_Embolism,Cardio,False,0.002,hard,hemoptysis;hypoxemia;pleuritic_chest_pain;sudden_dyspnea;tachycardia;tongue_biting;unilateral_leg_swelling;patient_arrived_by_personal_vehicle,blood_pressure_differential;chest_pain;diffuse_ST_elevation,7,3,3,4,original,False,patient_arrived_by_personal_vehicle
434,Thalassemia_Trait,Hemato,False,0.01,easy,low_MCV;mild_anemia;normal_RDW;normal_ferritin;target_cells;patient_commutes_by_bicycle,fatigue;high_MCV;low_ferritin;microangiopathic_hemolytic_anemia;peripheral_neuropathy;petechiae;renal_failure,5,7,5,5,original,False,patient_commutes_by_bicycle
116,Myasthenia_Gravis,Neuro,True,0.0002,medium,diplopia;fatigable_weakness;fluctuating_symptoms;positive_edrophonium_test;ptosis;patient_prefers_tea_over_coffee,areflexia;bilateral_pain;sensory_loss;vision_changes,5,4,4,4,original,False,patient_prefers_tea_over_coffee
179,Diabetes_Insipidus,Metabolic,True,0.0003,hard,bloody_diarrhea;dilute_urine;hypernatremia;polydipsia;patient_shoe_size_9,central_obesity;high_fasting_glucose;young_age,4,3,2,4,original,False,patient_shoe_size_9
144,Subarachnoid_Hemorrhage,Neuro,True,0.001,hard,dactylitis;loss_of_consciousness;nausea;neck_stiffness;trigger_exposure;worst_headache_of_life;xanthochromia_CSF;patient_lives_in_a_two_story_house,aura;bilateral_pain;elevated_opening_pressure;headache;unilateral_pain,7,5,2,4,original,False,patient_lives_in_a_two_story_house
4,Migraine,Neuro,False,0.12,easy,duration_4_72hrs;headache;nausea;photophobia;throbbing_quality;patient_commutes_by_bicycle,focal_neuro_deficit;numbness;speech_difficulty;unilateral_pain;vision_changes,5,5,3,3,original,False,patient_commutes_by_bicycle
412,Iron_Deficiency_Anemia,Hemato,False,0.08,easy,brittle_nails;fatigue;glossitis;low_MCV;low_ferritin;pallor;pica;patient_owns_a_pet_cat,high_MCV;low_B12;normal_ferritin;petechiae;schistocytes;sickle_cells,7,6,4,4,original,False,patient_owns_a_pet_cat
176,Diabetes_Insipidus,Metabolic,True,0.0003,medium,dilute_urine;low_urine_osmolality;nocturia;polydipsia;subacute_combined_degeneration;patient_owns_a_pet_cat,central_obesity;fatigue;high_fasting_glucose;hyponatremia;ketoacidosis;polyuria,5,6,3,4,original,False,patient_owns_a_pet_cat
350,Sjogren_Syndrome,Immuno,True,0.004,easy,dental_caries;dry_eyes;dry_mouth;parotid_enlargement;positive_anti_SSA;positive_anti_SSB;patient_has_private_PPO_insurance,DIP_involvement;dactylitis;malar_rash;morning_stiffness_over_1hr;positive_ANA;symmetric_swelling;tophi,6,7,4,4,original,False,patient_has_private_PPO_insurance
142,Subarachnoid_Hemorrhage,Neuro,True,0.001,hard,ST_elevation_focal;hyperreflexia;sudden_onset;thunderclap_headache;vomiting;worst_headache_of_life;patient_has_brown_hair,aura;bilateral_pain;nausea;neck_stiffness;vision_changes,6,5,3,4,original,False,patient_has_brown_hair
408,Sarcoidosis,Immuno,True,0.001,hard,Reed_Sternberg_cells;bilateral_hilar_lymphadenopathy;noncaseating_granulomas;patient_lives_in_a_two_story_house,HLA_B27;MSU_crystals;joint_pain;malar_rash;positive_RF,3,5,2,3,original,False,patient_lives_in_a_two_story_house
255,Metabolic_Syndrome,Metabolic,False,0.12,easy,acanthosis_nigricans;central_obesity;high_fasting_glucose;high_triglycerides;hypertension;hyperuricemia;low_HDL;patient_has_brown_hair,HbA1c_elevated;fatigue;low_urine_osmolality;polyuria;purple_striae;weight_gain,7,6,5,5,original,False,patient_has_brown_hair
69,Multiple_Sclerosis,Neuro,True,0.003,hard,lhermitte_sign;numbness;preceding_infection;vision_changes;white_matter_lesions;patient_owns_a_pet_cat,fever;headache;sudden_onset;unilateral_pain,5,4,2,4,original,False,patient_owns_a_pet_cat
253,Metabolic_Syndrome,Metabolic,False,0.12,easy,acanthosis_nigricans;central_obesity;fatty_liver;high_fasting_glucose;high_triglycerides;hypertension;low_HDL;patient_shoe_size_9,ketoacidosis;low_TSH;low_cortisol;polyuria;weight_loss_rapid,7,5,5,5,original,False,patient_shoe_size_9
341,Ankylosing_Spondylitis,Immuno,True,0.002,medium,HLA_B27;enthesitis;inflammatory_back_pain;limited_spinal_mobility;normal_coagulation_studies;sacroiliac_tenderness;uveitis;young_male;patient_commutes_by_bicycle,DIP_involvement;crepitus;joint_pain;malar_rash,8,4,3,4,original,False,patient_commutes_by_bicycle
121,Epilepsy,Neuro,False,0.01,easy,incontinence;loss_of_consciousness;postictal_confusion;recurrent_episodes;seizures;tongue_biting;patient_shoe_size_9,altered_mental_status;fever;lacrimation;nausea;photophobia;unilateral_pain;vision_changes,6,7,3,3,original,False,patient_shoe_size_9
180,Diabetes_Insipidus,Metabolic,True,0.0003,hard,age_over_50;dehydration;low_urine_osmolality;polydipsia;polyuria;patient_lives_in_a_two_story_house,glycosuria;hyperpigmentation;hyponatremia;ketoacidosis;low_cortisol,5,5,3,4,original,False,patient_lives_in_a_two_story_house
284,Rheumatoid_Arthritis,Immuno,False,0.01,medium,clear_rhinorrhea;elevated_ESR;fatigue;joint_pain;positive_RF;rheumatoid_nodules;symmetric_swelling;patient_is_right_handed,DIP_involvement;asymmetric_joint;dactylitis;positive_anti_SSB;tophi,7,5,3,4,original,False,patient_is_right_handed
474,TTP,Hemato,True,3e-05,medium,fever;loss_of_consciousness;low_ADAMTS13;microangiopathic_hemolytic_anemia;neurologic_symptoms;renal_failure;schistocytes;thrombocytopenia;patient_has_brown_hair,fatigue;isolated_thrombocytopenia;low_MCV;normal_ferritin,8,4,5,5,original,False,patient_has_brown_hair
12,Migraine,Neuro,False,0.12,hard,atrial_fibrillation;duration_4_72hrs;headache;photophobia;unilateral_pain;patient_is_right_handed,lacrimation;pressing_quality;vision_changes,5,3,2,3,original,False,patient_is_right_handed
476,TTP,Hemato,True,3e-05,medium,MCP_PIP_involvement;fever;microangiopathic_hemolytic_anemia;neurologic_symptoms;schistocytes;thrombocytopenia;patient_shoe_size_9,low_MCV;normal_coagulation_studies;renal_failure;target_cells,6,4,5,5,original,False,patient_shoe_size_9
401,Sarcoidosis,Immuno,True,0.001,medium,bilateral_hilar_lymphadenopathy;cough;fatigue;uveitis;patient_arrived_by_personal_vehicle,DIP_involvement;acute_joint_pain;malar_rash;photosensitivity,4,4,2,3,original,False,patient_arrived_by_personal_vehicle
594,Aortic_Dissection,Cardio,True,0.0003,medium,Marfan_history;abnormal_coagulation;blood_pressure_differential;sudden_onset;tearing_chest_pain;widened_mediastinum;patient_lives_in_a_two_story_house,elevated_BNP;jugular_venous_distension;orthopnea;pericardial_friction_rub,6,4,4,4,original,False,patient_lives_in_a_two_story_house
146,T2_Diabetes,Metabolic,False,0.1,easy,HbA1c_elevated;acanthosis_nigricans;high_fasting_glucose;polydipsia;polyuria;patient_blood_type_O_positive,moon_face;weight_loss_rapid;young_age,5,3,4,4,original,False,patient_blood_type_O_positive
558,Heart_Failure,Cardio,False,0.02,medium,S3_gallop;crackles;dyspnea;elevated_BNP;fatigue;jugular_venous_distension;peripheral_edema;watery_eyes;patient_commutes_by_bicycle,chest_pain;pulsus_paradoxus;radiation_to_arm;sudden_onset;troponin_elevated,8,5,4,4,original,False,patient_commutes_by_bicycle
407,Sarcoidosis,Immuno,True,0.001,hard,bilateral_hilar_lymphadenopathy;cough;elevated_ACE;hypertension_history;noncaseating_granulomas;restrictive_pattern;patient_is_right_handed,MSU_crystals;age_over_50;joint_pain,6,3,2,3,original,False,patient_is_right_handed
193,Hyperthyroidism,Metabolic,False,0.02,easy,anxiety;exophthalmos;heat_intolerance;low_TSH;tachycardia;tremor;weight_loss_rapid;patient_is_married,bradycardia;elevated_TSH;fatigue;low_urine_osmolality;polydipsia,7,5,4,4,original,False,patient_is_married
103,Guillain_Barre,Neuro,True,0.0001,medium,areflexia;preceding_infection;progressive_course;symmetric_weakness;tingling;patient_works_as_accountant,asymmetric_onset;elevated_opening_pressure;resting_tremor,5,3,3,4,original,False,patient_works_as_accountant
588,Pulmonary_Embolism,Cardio,False,0.002,hard,elevated_D_dimer;fever;hemoptysis;pallor;sudden_dyspnea;unilateral_leg_swelling;patient_commutes_by_bicycle,ST_elevation;muffled_heart_sounds;orthopnea;troponin_elevated,6,4,2,4,original,False,patient_commutes_by_bicycle
573,Acute_MI,Cardio,False,0.005,hard,diaphoresis;dyspnea;nausea;radiation_to_arm;risk_factors;tongue_biting;troponin_elevated;patient_arrived_by_personal_vehicle,hypotension;jugular_venous_distension;pain_worse_supine;pleuritic_chest_pain;tearing_chest_pain,7,5,2,4,original,False,patient_arrived_by_personal_vehicle
696,Lung_Cancer,Pulmo,False,0.005,hard,diaphoresis;hemoptysis;hoarseness;superior_vena_cava_syndrome;weight_loss_rapid;patient_has_brown_hair,bilateral_hilar_lymphadenopathy;chronic_cough;chronic_dyspnea;smoking_history,5,4,2,4,original,False,patient_has_brown_hair
71,Multiple_Sclerosis,Neuro,True,0.003,hard,balance_problems;numbness;optic_neuritis;urethritis;velcro_crackles;vision_changes;white_matter_lesions;patient_shoe_size_9,altered_mental_status;fever;headache;papilledema;sudden_onset,7,5,2,4,original,False,patient_shoe_size_9
566,Acute_MI,Cardio,False,0.005,easy,ST_elevation;chest_pain;diaphoresis;dyspnea;nausea;radiation_to_arm;risk_factors;troponin_elevated;patient_prefers_tea_over_coffee,diffuse_ST_elevation;fever;pleuritic_chest_pain;tearing_chest_pain,8,4,4,4,original,False,patient_prefers_tea_over_coffee
127,Epilepsy,Neuro,False,0.01,medium,EEG_abnormality;erythromelalgia;incontinence;loss_of_consciousness;recurrent_episodes;seizures;tongue_biting;patient_lives_in_a_two_story_house,headache;lacrimation;papilledema;progressive_course;relapsing_remitting_course;vision_changes,7,6,3,3,original,False,patient_lives_in_a_two_story_house
55,Idiopathic_Intracranial_HTN,Neuro,True,0.001,medium,elevated_opening_pressure;papilledema;tinnitus;vision_changes;patient_prefers_tea_over_coffee,fever;periorbital_pain;photophobia;unilateral_pain,4,4,3,4,original,False,patient_prefers_tea_over_coffee
462,ITP,Hemato,True,0.0001,medium,bruising;megakaryocyte_hyperplasia;mucosal_bleeding;no_splenomegaly;normal_coagulation_studies;petechiae;patient_arrived_by_personal_vehicle,abnormal_coagulation;diarrhea;fatigue;low_MCV;low_ferritin;mild_anemia,6,6,3,4,original,False,patient_arrived_by_personal_vehicle
611,Pericarditis,Cardio,False,0.003,hard,ST_elevation;diffuse_ST_elevation;malar_rash;pericardial_effusion;pericardial_friction_rub;viral_prodrome;patient_owns_a_pet_cat,dyspnea;fatigue;pleuritic_chest_pain;radiation_to_arm;sudden_dyspnea,6,5,2,4,original,False,patient_owns_a_pet_cat
118,Myasthenia_Gravis,Neuro,True,0.0002,hard,dysphagia;fatigable_weakness;fluctuating_symptoms;pain_worse_supine;positive_kernig;ptosis;patient_owns_a_pet_cat,altered_mental_status;headache;numbness;sensory_loss,6,4,3,4,original,False,patient_owns_a_pet_cat
345,Ankylosing_Spondylitis,Immuno,True,0.002,hard,HLA_B27;elevated_CSF_protein;limited_spinal_mobility;morning_stiffness_over_1hr;resting_tremor;sacroiliac_tenderness;uveitis;patient_blood_type_O_positive,DIP_involvement;acute_joint_pain;age_over_50;crepitus;joint_pain,7,5,3,4,original,False,patient_blood_type_O_positive
134,Subarachnoid_Hemorrhage,Neuro,True,0.001,easy,nausea;neck_stiffness;sudden_onset;thunderclap_headache;worst_headache_of_life;xanthochromia_CSF;patient_commutes_by_bicycle,bilateral_pain;elevated_opening_pressure;relapsing_remitting_course;unilateral_pain,6,4,4,4,original,False,patient_commutes_by_bicycle
657,Pulmonary_Fibrosis,Pulmo,True,0.002,hard,age_over_50;clubbing;dry_cough;focal_neuro_deficit;honeycombing_on_CT;low_ADAMTS13;progressive_dyspnea;reduced_DLCO;patient_prefers_tea_over_coffee,chronic_cough;fever;night_sweats;productive_cough;smoking_history,8,5,3,4,original,False,patient_prefers_tea_over_coffee
235,Pheochromocytoma,Metabolic,True,0.0002,medium,anxiety;diaphoresis;elevated_catecholamines;episodic_hypertension;headache;pallor;tachycardia;patient_commutes_by_bicycle,heat_intolerance;ketoacidosis;low_cortisol;polyuria,7,4,5,5,original,False,patient_commutes_by_bicycle
16,Tension_Headache,Neuro,False,0.2,easy,bilateral_pain;headache;mild_photophobia;muscle_tension;pressing_quality;stress;patient_shoe_size_9,autonomic_features;elevated_opening_pressure;fatigue;numbness;sudden_onset;throbbing_quality,6,6,3,3,original,False,patient_shoe_size_9
499,Hodgkin_Lymphoma,Hemato,False,0.003,medium,B_symptoms;painless_lymphadenopathy;pruritus;sudden_dyspnea;weight_loss_rapid;patient_owns_a_pet_cat,HbS_on_electrophoresis;low_MCV;mild_anemia;petechiae,5,4,2,3,original,False,patient_owns_a_pet_cat
579,Pulmonary_Embolism,Cardio,False,0.002,easy,Wells_score_high;elevated_D_dimer;hypoxemia;pleuritic_chest_pain;sudden_dyspnea;tachycardia;patient_has_private_PPO_insurance,ST_elevation;dyspnea;jugular_venous_distension;pain_worse_supine;sudden_onset,6,5,4,4,original,False,patient_has_private_PPO_insurance
34,Bacterial_Meningitis,Neuro,False,0.002,hard,HbA1c_elevated;fever;headache;neck_stiffness;petechial_rash;positive_kernig;patient_lives_in_a_two_story_house,autonomic_features;papilledema;vision_changes,6,3,3,4,original,False,patient_lives_in_a_two_story_house
583,Pulmonary_Embolism,Cardio,False,0.002,medium,Wells_score_high;atrial_fibrillation;elevated_D_dimer;hypoxemia;pleuritic_chest_pain;sudden_dyspnea;unilateral_leg_swelling;patient_is_right_handed,crackles;muffled_heart_sounds;radiation_to_arm;tearing_chest_pain;troponin_elevated,7,5,3,4,original,False,patient_is_right_handed
257,Metabolic_Syndrome,Metabolic,False,0.12,medium,acanthosis_nigricans;high_fasting_glucose;high_triglycerides;hypertension;hyperuricemia;low_HDL;patient_works_as_accountant,cold_intolerance;hypotension;polyuria;weight_gain;weight_loss_rapid,6,5,4,5,original,False,patient_works_as_accountant
665,Tuberculosis,Pulmo,False,0.003,medium,chronic_cough;dactylitis;fever;hemoptysis;night_sweats;positive_AFB;positive_PPD;upper_lobe_cavitation;patient_arrived_by_personal_vehicle,barrel_chest;honeycombing_on_CT;reversible_airflow_obstruction,8,3,3,4,original,False,patient_arrived_by_personal_vehicle
21,Tension_Headache,Neuro,False,0.2,hard,bilateral_pain;focal_neuro_deficit;mild_photophobia;muscle_tension;pressing_quality;patient_has_private_PPO_insurance,headache;throbbing_quality;vomiting,5,3,2,3,original,False,patient_has_private_PPO_insurance
624,Cardiac_Tamponade,Cardio,True,0.0005,hard,hypotension;jugular_venous_distension;pericardial_effusion;pulsus_paradoxus;seasonal_pattern;tachycardia;patient_blood_type_O_positive,ST_elevation;diffuse_ST_elevation;peripheral_edema;sudden_dyspnea,6,4,3,4,original,False,patient_blood_type_O_positive
237,Pheochromocytoma,Metabolic,True,0.0002,hard,elevated_catecholamines;episodic_hypertension;headache;high_fasting_glucose;palpitations;stiffness_under_30min;patient_arrived_by_personal_vehicle,HbA1c_elevated;elevated_TSH;hypotension,6,3,3,5,original,False,patient_arrived_by_personal_vehicle
331,Psoriatic_Arthritis,Immuno,True,0.002,medium,DIP_involvement;JAK2_mutation;joint_pain;nail_pitting;psoriasis;patient_blood_type_O_positive,age_over_50;malar_rash;positive_RF;symmetric_swelling;tophi,5,5,2,3,original,False,patient_blood_type_O_positive
38,Cluster_Headache,Neuro,True,0.001,easy,autonomic_features;conjunctival_injection;duration_15min_3hrs;headache;lacrimation;periorbital_pain;ptosis;rhinorrhea;unilateral_pain;patient_commutes_by_bicycle,aura;duration_4_72hrs;focal_neuro_deficit;photophobia;speech_difficulty;sudden_onset,9,6,5,5,original,False,patient_commutes_by_bicycle
662,Tuberculosis,Pulmo,False,0.003,easy,chronic_cough;fever;hemoptysis;night_sweats;positive_AFB;positive_PPD;upper_lobe_cavitation;weight_loss_rapid;patient_commutes_by_bicycle,sputum_production,8,1,4,4,original,False,patient_commutes_by_bicycle
86,Parkinsons_Disease,Neuro,False,0.01,easy,asymmetric_onset;bradykinesia;micrographia;postural_instability;resting_tremor;rigidity;patient_commutes_by_bicycle,fever;nausea;sudden_onset;young_age,6,4,4,4,original,False,patient_commutes_by_bicycle
628,COPD,Pulmo,False,0.06,easy,chronic_cough;chronic_dyspnea;prolonged_expiration;smoking_history;sputum_production;patient_commutes_by_bicycle,eosinophilia;no_smoking_history;positive_AFB;productive_cough,5,4,4,4,original,False,patient_commutes_by_bicycle
603,Pericarditis,Cardio,False,0.003,easy,diffuse_ST_elevation;fever;pain_worse_supine;pericardial_effusion;pericardial_friction_rub;pleuritic_chest_pain;patient_shoe_size_9,ST_elevation;ST_elevation_focal;blood_pressure_differential;radiation_to_arm;tearing_chest_pain,6,5,4,4,original,False,patient_shoe_size_9
112,Myasthenia_Gravis,Neuro,True,0.0002,easy,anti_AChR_antibodies;diplopia;fatigable_weakness;fluctuating_symptoms;positive_edrophonium_test;ptosis;patient_owns_a_pet_cat,ascending_weakness;headache;numbness;periorbital_pain;pressing_quality;resting_tremor,6,6,4,4,original,False,patient_owns_a_pet_cat
306,Gout,Immuno,False,0.04,medium,MSU_crystals;acute_joint_pain;asymmetric_joint;high_uric_acid;podagra;rapid_onset_hours;redness;relief_with_glucose;patient_lives_in_a_two_story_house,DIP_involvement;crepitus;inflammatory_back_pain;malar_rash;morning_stiffness_over_1hr;positive_RF,8,6,4,4,original,False,patient_lives_in_a_two_story_house
479,TTP,Hemato,True,3e-05,hard,fever;hypokalemia;low_ADAMTS13;microangiopathic_hemolytic_anemia;renal_failure;schistocytes;thrombocytopenia;patient_shoe_size_9,isolated_thrombocytopenia;no_splenomegaly;normal_coagulation_studies;peripheral_neuropathy;petechiae,7,5,4,5,original,False,patient_shoe_size_9
440,Thalassemia_Trait,Hemato,False,0.01,medium,Mediterranean_descent;family_history;low_MCV;mild_anemia;normal_RDW;normal_ferritin;target_cells;patient_commutes_by_bicycle,HbS_on_electrophoresis;low_B12;low_ferritin;peripheral_neuropathy,7,4,5,5,original,False,patient_commutes_by_bicycle
630,COPD,Pulmo,False,0.06,medium,FEV1_reduced;chronic_cough;chronic_dyspnea;smoking_history;sputum_production;patient_works_as_accountant,eosinophilia;hemoptysis;positive_AFB;reversible_airflow_obstruction,5,4,4,4,original,False,patient_works_as_accountant
263,Metabolic_Syndrome,Metabolic,False,0.12,hard,central_obesity;fatty_liver;high_triglycerides;hypertension;low_HDL;trigger_exposure;patient_shoe_size_9,elevated_TSH;ketoacidosis;weight_gain;weight_loss_rapid,6,4,4,5,original,False,patient_shoe_size_9
411,Iron_Deficiency_Anemia,Hemato,False,0.08,easy,fatigue;koilonychia;low_MCV;low_ferritin;pallor;pica;patient_has_private_PPO_insurance,diarrhea;fever;isolated_thrombocytopenia;jaundice;microangiopathic_hemolytic_anemia,6,5,4,4,original,False,patient_has_private_PPO_insurance
337,Ankylosing_Spondylitis,Immuno,True,0.002,easy,HLA_B27;enthesitis;inflammatory_back_pain;morning_stiffness_over_1hr;sacroiliac_tenderness;uveitis;patient_blood_type_O_positive,DIP_involvement;high_uric_acid;joint_pain;malar_rash;symmetric_swelling,6,5,4,4,original,False,patient_blood_type_O_positive
305,Gout,Immuno,False,0.04,medium,acute_joint_pain;asymmetric_joint;high_uric_acid;podagra;redness;warmth;patient_lives_in_a_two_story_house,morning_stiffness_over_1hr;positive_RF;positive_anti_SSA;psoriasis;symmetric_swelling,6,5,3,4,original,False,patient_lives_in_a_two_story_house
397,Sarcoidosis,Immuno,True,0.001,easy,bilateral_hilar_lymphadenopathy;elevated_ACE;erythema_nodosum;fatigue;hypercalcemia;noncaseating_granulomas;patient_is_married,DIP_involvement;MSU_crystals;joint_pain;morning_stiffness_over_1hr;positive_RF;psoriasis,6,6,3,3,original,False,patient_is_married
166,T1_Diabetes,Metabolic,False,0.005,hard,high_fasting_glucose;ketoacidosis;polydipsia;thin_body_habitus;uveitis;weight_loss_rapid;patient_lives_in_a_two_story_house,hyponatremia;obesity;weight_gain,6,3,3,5,original,False,patient_lives_in_a_two_story_house
232,Pheochromocytoma,Metabolic,True,0.0002,easy,anxiety;diaphoresis;elevated_catecholamines;episodic_hypertension;headache;palpitations;tachycardia;patient_shoe_size_9,hypotension;low_TSH;polyuria;weight_gain;weight_loss_rapid,7,5,5,5,original,False,patient_shoe_size_9
46,Cluster_Headache,Neuro,True,0.001,hard,erythema_nodosum;fatty_liver;lacrimation;periorbital_pain;ptosis;unilateral_pain;patient_works_as_accountant,duration_4_72hrs;fever;nausea;neck_stiffness,6,4,3,5,original,False,patient_works_as_accountant
228,Addison_Disease,Metabolic,True,0.0001,hard,EEG_abnormality;fatigue;hyperkalemia;hyperpigmentation;hypotension;low_cortisol;reduced_DLCO;patient_has_private_PPO_insurance,dilute_urine;elevated_cortisol;low_urine_osmolality;weight_gain;young_age,7,5,4,5,original,False,patient_has_private_PPO_insurance
589,Aortic_Dissection,Cardio,True,0.0003,easy,Marfan_history;blood_pressure_differential;sudden_onset;tearing_chest_pain;widened_mediastinum;patient_is_married,peripheral_edema;pulsus_paradoxus;troponin_elevated,5,3,4,4,original,False,patient_is_married
400,Sarcoidosis,Immuno,True,0.001,easy,bilateral_hilar_lymphadenopathy;cough;elevated_ACE;fatigue;noncaseating_granulomas;uveitis;patient_lives_in_a_two_story_house,DIP_involvement;MSU_crystals;acute_joint_pain;crepitus;joint_pain,6,5,3,3,original,False,patient_lives_in_a_two_story_house
514,Polycythemia_Vera,Hemato,True,0.0005,hard,JAK2_mutation;diplopia;elevated_hematocrit;headache;pruritus_after_bathing;splenomegaly;patient_shoe_size_9,fatigue;low_ferritin;no_splenomegaly;normal_ferritin;thrombocytopenia,6,5,3,4,original,False,patient_shoe_size_9
106,Guillain_Barre,Neuro,True,0.0001,hard,anxiety;areflexia;metabolic_alkalosis;preceding_infection;progressive_course;respiratory_difficulty;symmetric_weakness;patient_lives_in_a_two_story_house,elevated_opening_pressure;numbness;vision_changes,7,3,3,4,original,False,patient_lives_in_a_two_story_house
307,Gout,Immuno,False,0.04,medium,MSU_crystals;ST_elevation_focal;acute_joint_pain;high_uric_acid;male;redness;patient_owns_a_pet_cat,age_over_50;inflammatory_back_pain;morning_stiffness_over_1hr;positive_ANA;positive_RF;psoriasis,6,6,3,4,original,False,patient_owns_a_pet_cat
673,Sarcoidosis_Pulmo,Pulmo,True,0.001,easy,bilateral_hilar_lymphadenopathy;chronic_cough;elevated_ACE;fatigue;hypercalcemia;noncaseating_granulomas;patient_is_married,fever;infiltrate_on_CXR;persistent_cough;productive_cough;smoking_history,6,5,3,3,original,False,patient_is_married
51,Idiopathic_Intracranial_HTN,Neuro,True,0.001,easy,elevated_opening_pressure;female;headache;papilledema;transient_visual_obscurations;vision_changes;patient_works_as_accountant,altered_mental_status;fever;focal_neuro_deficit;neck_stiffness;photophobia,6,5,4,4,original,False,patient_works_as_accountant
575,Acute_MI,Cardio,False,0.005,hard,diaphoresis;dyspnea;nausea;radiation_to_arm;risk_factors;superior_vena_cava_syndrome;tremor;troponin_elevated;patient_is_married,fatigue;jugular_venous_distension;pleuritic_chest_pain;pulsus_paradoxus;tachycardia,8,5,2,4,original,False,patient_is_married
405,Sarcoidosis,Immuno,True,0.001,hard,cough;elevated_ACE;fatigue;hypercalcemia;noncaseating_granulomas;trigger_exposure;uveitis;patient_lives_in_a_two_story_house,MSU_crystals;positive_RF;psoriasis,7,3,2,3,original,False,patient_lives_in_a_two_story_house
529,Chronic_Lymphocytic_Leukemia,Hemato,False,0.005,easy,age_over_50;lymphocytosis;mature_small_lymphocytes;painless_lymphadenopathy;patient_has_brown_hair,Reed_Sternberg_cells;fatigue;isolated_thrombocytopenia;schistocytes;sickle_cells;target_cells;young_age,4,7,4,4,original,False,patient_has_brown_hair
537,Chronic_Lymphocytic_Leukemia,Hemato,False,0.005,hard,fatigue;mature_small_lymphocytes;painless_lymphadenopathy;ptosis;smudge_cells;troponin_markedly_elevated;patient_is_married,low_MCV;peripheral_neuropathy;schistocytes;thrombocytopenia;young_age,6,5,2,4,original,False,patient_is_married
559,Heart_Failure,Cardio,False,0.02,medium,PND;S3_gallop;dyspnea;elevated_BNP;fatigue;jugular_venous_distension;orthopnea;patient_is_married,fever;hypotension;pericardial_friction_rub;pulsus_paradoxus;widened_mediastinum,7,5,3,4,original,False,patient_is_married
289,Osteoarthritis,Immuno,False,0.15,easy,DIP_involvement;Heberden_nodes;age_over_50;crepitus;joint_pain;reduced_ROM;patient_prefers_tea_over_coffee,dactylitis;dry_mouth;malar_rash;morning_stiffness_over_1hr;positive_RF;symmetric_swelling,6,6,4,4,original,False,patient_prefers_tea_over_coffee
43,Cluster_Headache,Neuro,True,0.001,medium,autonomic_features;duration_15min_3hrs;headache;lacrimation;periorbital_pain;ptosis;rhinorrhea;seasonal_pattern;unilateral_pain;patient_blood_type_O_positive,aura;bilateral_pain;papilledema;sudden_onset,9,4,5,5,original,False,patient_blood_type_O_positive
151,T2_Diabetes,Metabolic,False,0.1,medium,HbA1c_elevated;blurred_vision;fatigue;high_fasting_glucose;polydipsia;polyuria;patient_has_private_PPO_insurance,autoantibodies_positive;central_obesity;weight_loss_rapid;young_age,6,4,4,4,original,False,patient_has_private_PPO_insurance
511,Polycythemia_Vera,Hemato,True,0.0005,medium,JAK2_mutation;elevated_hematocrit;elevated_hemoglobin;erythromelalgia;headache;plethora;pruritus_after_bathing;splenomegaly;patient_blood_type_O_positive,high_MCV;low_MCV;pallor;peripheral_neuropathy,8,4,4,4,original,False,patient_blood_type_O_positive
97,Guillain_Barre,Neuro,True,0.0001,easy,areflexia;ascending_weakness;progressive_course;respiratory_difficulty;symmetric_weakness;patient_owns_a_pet_cat,autonomic_features;fatigue;fever;headache;resting_tremor;unilateral_pain,5,6,4,4,original,False,patient_owns_a_pet_cat
190,Hypothyroidism,Metabolic,False,0.05,hard,Marfan_history;delayed_reflexes;fatigue;glossitis;weight_gain;patient_owns_a_pet_cat,heat_intolerance;low_TSH;low_urine_osmolality;tachycardia;weight_loss_rapid,5,5,2,4,original,False,patient_owns_a_pet_cat
427,B12_Deficiency,Hemato,False,0.03,medium,high_MCV;low_B12;peripheral_neuropathy;patient_works_as_accountant,chronic_hemolytic_anemia;diarrhea;microangiopathic_hemolytic_anemia;normal_coagulation_studies,3,4,3,4,original,False,patient_works_as_accountant
652,Pulmonary_Fibrosis,Pulmo,True,0.002,easy,clubbing;dry_cough;honeycombing_on_CT;progressive_dyspnea;restrictive_pattern;velcro_crackles;patient_is_married,fever;mass_on_imaging;noncaseating_granulomas;persistent_cough;smoking_history;sputum_production,6,6,4,4,original,False,patient_is_married
68,Multiple_Sclerosis,Neuro,True,0.003,medium,balance_problems;lhermitte_sign;numbness;optic_neuritis;relapsing_remitting_course;vision_changes;white_matter_lesions;patient_shoe_size_9,fever;neck_stiffness;speech_difficulty;sudden_onset,7,4,3,4,original,False,patient_shoe_size_9
694,Lung_Cancer,Pulmo,False,0.005,hard,hemoptysis;mass_on_imaging;renal_failure;sputum_production;weight_loss_rapid;patient_is_right_handed,chronic_cough;chronic_dyspnea;dry_cough;productive_cough;smoking_history,5,5,3,4,original,False,patient_is_right_handed
670,Tuberculosis,Pulmo,False,0.003,hard,chronic_cough;hemoptysis;positive_AFB;watery_eyes;patient_arrived_by_personal_vehicle,honeycombing_on_CT;infiltrate_on_CXR;smoking_history,4,3,2,4,original,False,patient_arrived_by_personal_vehicle
432,B12_Deficiency,Hemato,False,0.03,hard,fatigue;high_MCV;peripheral_neuropathy;positive_AFB;patient_works_as_accountant,microangiopathic_hemolytic_anemia;petechiae;schistocytes;thrombocytopenia,4,4,3,4,original,False,patient_works_as_accountant
495,Hodgkin_Lymphoma,Hemato,False,0.003,easy,B_symptoms;Reed_Sternberg_cells;mediastinal_mass;painless_lymphadenopathy;pruritus;patient_blood_type_O_positive,high_MCV;low_B12;schistocytes,5,3,3,3,original,False,patient_blood_type_O_positive
3,Migraine,Neuro,False,0.12,easy,headache;nausea;photophobia;throbbing_quality;unilateral_pain;patient_prefers_tea_over_coffee,altered_mental_status;focal_neuro_deficit;numbness;papilledema;vision_changes,5,5,3,3,original,False,patient_prefers_tea_over_coffee
383,Allergic_Rhinitis,Immuno,False,0.2,hard,clear_rhinorrhea;female;nasal_congestion;pale_nasal_mucosa;photosensitivity;sneezing;patient_has_private_PPO_insurance,fatigue;joint_pain;positive_ANA,6,3,2,4,original,False,patient_has_private_PPO_insurance
1001,Infective_Endocarditis,Cardio,True,0.0007,easy,new_heart_murmur;splinter_hemorrhages;Janeway_lesions;positive_blood_cultures;fever_persistent;patient_prefers_tea_over_coffee,no_murmur;negative_blood_cultures,5,2,3,3,expanded_indist,False,patient_prefers_tea_over_coffee
1002,Infective_Endocarditis,Cardio,True,0.0007,medium,splinter_hemorrhages;positive_blood_cultures;Janeway_lesions;S3_gallop;new_heart_murmur;patient_arrived_by_personal_vehicle,no_murmur,5,1,2,3,expanded_indist,True,patient_arrived_by_personal_vehicle
1003,Infective_Endocarditis,Cardio,True,0.0007,hard,new_heart_murmur;Osler_nodes;S3_gallop;fever_persistent;patient_has_private_PPO_insurance,negative_blood_cultures,4,1,2,3,expanded_indist,True,patient_has_private_PPO_insurance
1004,Infective_Endocarditis,Cardio,True,0.0007,easy,positive_blood_cultures;Osler_nodes;splinter_hemorrhages;Janeway_lesions;fever_persistent;new_heart_murmur;patient_blood_type_O_positive,no_murmur;negative_blood_cultures,6,2,3,3,expanded_indist,False,patient_blood_type_O_positive
1005,Infective_Endocarditis,Cardio,True,0.0007,medium,new_heart_murmur;S3_gallop;positive_blood_cultures;splinter_hemorrhages;Janeway_lesions;patient_works_as_accountant,negative_blood_cultures,5,1,2,3,expanded_indist,True,patient_works_as_accountant
1006,Infective_Endocarditis,Cardio,True,0.0007,hard,S3_gallop;fever_persistent;positive_blood_cultures;patient_has_brown_hair,no_murmur,3,1,2,3,expanded_indist,True,patient_has_brown_hair
1007,Infective_Endocarditis,Cardio,True,0.0007,easy,splinter_hemorrhages;fever_persistent;positive_blood_cultures;new_heart_murmur;Janeway_lesions;Osler_nodes;patient_arrived_by_personal_vehicle,no_murmur;negative_blood_cultures,6,2,3,3,expanded_indist,False,patient_arrived_by_personal_vehicle
1008,Infective_Endocarditis,Cardio,True,0.0007,medium,splinter_hemorrhages;new_heart_murmur;Osler_nodes;fever_persistent;patient_has_brown_hair,no_murmur,4,1,2,3,expanded_indist,False,patient_has_brown_hair
1009,Infective_Endocarditis,Cardio,True,0.0007,hard,new_heart_murmur;S3_gallop;positive_blood_cultures;patient_has_brown_hair,,3,0,2,3,expanded_indist,True,patient_has_brown_hair
1010,Infective_Endocarditis,Cardio,True,0.0007,easy,Janeway_lesions;Osler_nodes;fever_persistent;positive_blood_cultures;new_heart_murmur;splinter_hemorrhages;patient_is_married,no_murmur;negative_blood_cultures,6,2,3,3,expanded_indist,False,patient_is_married
1011,Infective_Endocarditis,Cardio,True,0.0007,medium,fever_persistent;new_heart_murmur;Osler_nodes;S3_gallop;patient_shoe_size_9,negative_blood_cultures,4,1,2,3,expanded_indist,True,patient_shoe_size_9
1012,Infective_Endocarditis,Cardio,True,0.0007,hard,S3_gallop;positive_blood_cultures;fever_persistent;patient_arrived_by_personal_vehicle,no_murmur,3,1,2,3,expanded_indist,True,patient_arrived_by_personal_vehicle
1013,Pneumothorax,Pulmo,True,0.001,easy,decreased_breath_sounds_unilateral;tracheal_deviation;hyperresonance_to_percussion;sudden_pleuritic_chest_pain;dyspnea_sudden_onset;patient_works_as_accountant,gradual_onset_weeks;bilateral_breath_sounds_equal,5,2,3,3,expanded_indist,False,patient_works_as_accountant
1014,Pneumothorax,Pulmo,True,0.001,medium,hyperresonance_to_percussion;dyspnea_sudden_onset;tracheal_deviation;sudden_pleuritic_chest_pain;barrel_chest;patient_works_as_accountant,bilateral_breath_sounds_equal,5,1,2,3,expanded_indist,True,patient_works_as_accountant
1015,Pneumothorax,Pulmo,True,0.001,hard,barrel_chest;tracheal_deviation;dyspnea_sudden_onset;decreased_breath_sounds_unilateral;patient_arrived_by_personal_vehicle,,4,0,2,3,expanded_indist,True,patient_arrived_by_personal_vehicle
1016,Pneumothorax,Pulmo,True,0.001,easy,dyspnea_sudden_onset;sudden_pleuritic_chest_pain;tracheal_deviation;hyperresonance_to_percussion;decreased_breath_sounds_unilateral;patient_has_brown_hair,bilateral_breath_sounds_equal;gradual_onset_weeks,5,2,3,3,expanded_indist,False,patient_has_brown_hair
1017,Pneumothorax,Pulmo,True,0.001,medium,decreased_breath_sounds_unilateral;dyspnea_sudden_onset;tracheal_deviation;barrel_chest;patient_lives_in_a_two_story_house,bilateral_breath_sounds_equal,4,1,2,3,expanded_indist,True,patient_lives_in_a_two_story_house
1018,Pneumothorax,Pulmo,True,0.001,hard,barrel_chest;dyspnea_sudden_onset;decreased_breath_sounds_unilateral;patient_prefers_tea_over_coffee,gradual_onset_weeks,3,1,2,3,expanded_indist,True,patient_prefers_tea_over_coffee
1019,Pneumothorax,Pulmo,True,0.001,easy,hyperresonance_to_percussion;tall_thin_body_habitus;decreased_breath_sounds_unilateral;sudden_pleuritic_chest_pain;dyspnea_sudden_onset;tracheal_deviation;patient_shoe_size_9,bilateral_breath_sounds_equal;gradual_onset_weeks,6,2,3,3,expanded_indist,False,patient_shoe_size_9
1020,Pneumothorax,Pulmo,True,0.001,medium,barrel_chest;hyperresonance_to_percussion;sudden_pleuritic_chest_pain;decreased_breath_sounds_unilateral;patient_lives_in_a_two_story_house,bilateral_breath_sounds_equal,4,1,2,3,expanded_indist,True,patient_lives_in_a_two_story_house
1021,Pneumothorax,Pulmo,True,0.001,hard,barrel_chest;sudden_pleuritic_chest_pain;dyspnea_sudden_onset;patient_has_brown_hair,,3,0,2,3,expanded_indist,True,patient_has_brown_hair
1022,Pneumothorax,Pulmo,True,0.001,easy,dyspnea_sudden_onset;sudden_pleuritic_chest_pain;decreased_breath_sounds_unilateral;tall_thin_body_habitus;hyperresonance_to_percussion;tracheal_deviation;patient_shoe_size_9,gradual_onset_weeks;bilateral_breath_sounds_equal,6,2,3,3,expanded_indist,False,patient_shoe_size_9
1023,Pneumothorax,Pulmo,True,0.001,medium,tracheal_deviation;decreased_breath_sounds_unilateral;sudden_pleuritic_chest_pain;hyperresonance_to_percussion;patient_works_as_accountant,bilateral_breath_sounds_equal,4,1,2,3,expanded_indist,False,patient_works_as_accountant
1024,Pneumothorax,Pulmo,True,0.001,hard,barrel_chest;decreased_breath_sounds_unilateral;dyspnea_sudden_onset;patient_is_right_handed,,3,0,2,3,expanded_indist,True,patient_is_right_handed
1025,Trigeminal_Neuralgia,Neuro,True,0.0002,easy,triggered_by_light_touch;brief_episodes_seconds;unilateral_facial_distribution;trigger_zone_present;paroxysmal_facial_pain;patient_is_married,continuous_constant_pain;bilateral_symmetric_pain,5,2,3,3,expanded_indist,False,patient_is_married
1026,Trigeminal_Neuralgia,Neuro,True,0.0002,medium,unilateral_facial_distribution;trigger_zone_present;brief_episodes_seconds;stress;patient_has_brown_hair,continuous_constant_pain,4,1,2,3,expanded_indist,True,patient_has_brown_hair
1027,Trigeminal_Neuralgia,Neuro,True,0.0002,hard,triggered_by_light_touch;trigger_zone_present;paroxysmal_facial_pain;stress;patient_has_private_PPO_insurance,continuous_constant_pain,4,1,2,3,expanded_indist,True,patient_has_private_PPO_insurance
1028,Trigeminal_Neuralgia,Neuro,True,0.0002,easy,unilateral_facial_distribution;brief_episodes_seconds;paroxysmal_facial_pain;trigger_zone_present;triggered_by_light_touch;normal_neuro_exam_between_episodes;patient_commutes_by_bicycle,bilateral_symmetric_pain;continuous_constant_pain,6,2,3,3,expanded_indist,False,patient_commutes_by_bicycle
1029,Trigeminal_Neuralgia,Neuro,True,0.0002,medium,paroxysmal_facial_pain;unilateral_facial_distribution;triggered_by_light_touch;patient_commutes_by_bicycle,continuous_constant_pain,3,1,2,3,expanded_indist,False,patient_commutes_by_bicycle
1030,Trigeminal_Neuralgia,Neuro,True,0.0002,hard,unilateral_facial_distribution;trigger_zone_present;stress;triggered_by_light_touch;patient_works_as_accountant,,4,0,2,3,expanded_indist,True,patient_works_as_accountant
1031,Trigeminal_Neuralgia,Neuro,True,0.0002,easy,trigger_zone_present;unilateral_facial_distribution;triggered_by_light_touch;normal_neuro_exam_between_episodes;paroxysmal_facial_pain;patient_commutes_by_bicycle,bilateral_symmetric_pain;continuous_constant_pain,5,2,3,3,expanded_indist,False,patient_commutes_by_bicycle
1032,Trigeminal_Neuralgia,Neuro,True,0.0002,medium,stress;normal_neuro_exam_between_episodes;trigger_zone_present;paroxysmal_facial_pain;patient_has_private_PPO_insurance,continuous_constant_pain,4,1,2,3,expanded_indist,True,patient_has_private_PPO_insurance
1033,Trigeminal_Neuralgia,Neuro,True,0.0002,hard,unilateral_facial_distribution;paroxysmal_facial_pain;stress;triggered_by_light_touch;patient_blood_type_O_positive,,4,0,2,3,expanded_indist,True,patient_blood_type_O_positive
1034,Trigeminal_Neuralgia,Neuro,True,0.0002,easy,triggered_by_light_touch;normal_neuro_exam_between_episodes;paroxysmal_facial_pain;unilateral_facial_distribution;trigger_zone_present;brief_episodes_seconds;patient_owns_a_pet_cat,continuous_constant_pain;bilateral_symmetric_pain,6,2,3,3,expanded_indist,False,patient_owns_a_pet_cat
1035,Trigeminal_Neuralgia,Neuro,True,0.0002,medium,unilateral_facial_distribution;brief_episodes_seconds;paroxysmal_facial_pain;patient_shoe_size_9,continuous_constant_pain,3,1,2,3,expanded_indist,False,patient_shoe_size_9
1036,Trigeminal_Neuralgia,Neuro,True,0.0002,hard,normal_neuro_exam_between_episodes;unilateral_facial_distribution;trigger_zone_present;stress;patient_prefers_tea_over_coffee,,4,0,2,3,expanded_indist,True,patient_prefers_tea_over_coffee
1037,Diabetic_Ketoacidosis,Metabolic,False,0.008,easy,polyuria_polydipsia_acute;ketonemia;hyperglycemia_severe;metabolic_acidosis;fruity_breath_odor;kussmaul_breathing;patient_is_right_handed,absent_ketones;normal_blood_glucose,6,2,3,3,expanded_indist,False,patient_is_right_handed
1038,Diabetic_Ketoacidosis,Metabolic,False,0.008,medium,hyperglycemia_severe;metabolic_acidosis;polyuria_polydipsia_acute;kussmaul_breathing;patient_owns_a_pet_cat,absent_ketones,4,1,2,3,expanded_indist,False,patient_owns_a_pet_cat
1039,Diabetic_Ketoacidosis,Metabolic,False,0.008,hard,ketonemia;metabolic_acidosis;acanthosis_nigricans;patient_owns_a_pet_cat,normal_blood_glucose,3,1,2,3,expanded_indist,True,patient_owns_a_pet_cat
1040,Diabetic_Ketoacidosis,Metabolic,False,0.008,easy,ketonemia;hyperglycemia_severe;kussmaul_breathing;metabolic_acidosis;fruity_breath_odor;patient_works_as_accountant,absent_ketones;normal_blood_glucose,5,2,3,3,expanded_indist,False,patient_works_as_accountant
1041,Diabetic_Ketoacidosis,Metabolic,False,0.008,medium,acanthosis_nigricans;hyperglycemia_severe;ketonemia;fruity_breath_odor;patient_has_private_PPO_insurance,normal_blood_glucose,4,1,2,3,expanded_indist,True,patient_has_private_PPO_insurance
1042,Diabetic_Ketoacidosis,Metabolic,False,0.008,hard,hyperglycemia_severe;acanthosis_nigricans;metabolic_acidosis;kussmaul_breathing;patient_prefers_tea_over_coffee,,4,0,2,3,expanded_indist,True,patient_prefers_tea_over_coffee
1043,Diabetic_Ketoacidosis,Metabolic,False,0.008,easy,fruity_breath_odor;hyperglycemia_severe;metabolic_acidosis;ketonemia;kussmaul_breathing;patient_is_right_handed,absent_ketones;normal_blood_glucose,5,2,3,3,expanded_indist,False,patient_is_right_handed
1044,Diabetic_Ketoacidosis,Metabolic,False,0.008,medium,ketonemia;metabolic_acidosis;kussmaul_breathing;patient_blood_type_O_positive,absent_ketones,3,1,2,3,expanded_indist,False,patient_blood_type_O_positive
1045,Diabetic_Ketoacidosis,Metabolic,False,0.008,hard,ketonemia;polyuria_polydipsia_acute;acanthosis_nigricans;metabolic_acidosis;patient_commutes_by_bicycle,absent_ketones,4,1,2,3,expanded_indist,True,patient_commutes_by_bicycle
1046,Diabetic_Ketoacidosis,Metabolic,False,0.008,easy,kussmaul_breathing;ketonemia;fruity_breath_odor;metabolic_acidosis;hyperglycemia_severe;polyuria_polydipsia_acute;patient_owns_a_pet_cat,normal_blood_glucose;absent_ketones,6,2,3,3,expanded_indist,False,patient_owns_a_pet_cat
1047,Diabetic_Ketoacidosis,Metabolic,False,0.008,medium,metabolic_acidosis;acanthosis_nigricans;kussmaul_breathing;hyperglycemia_severe;patient_is_right_handed,normal_blood_glucose,4,1,2,3,expanded_indist,True,patient_is_right_handed
1048,Diabetic_Ketoacidosis,Metabolic,False,0.008,hard,acanthosis_nigricans;hyperglycemia_severe;kussmaul_breathing;ketonemia;patient_arrived_by_personal_vehicle,,4,0,2,3,expanded_indist,True,patient_arrived_by_personal_vehicle
1049,Anaphylaxis,Immuno,False,0.003,easy,recent_allergen_exposure;airway_compromise_or_hypotension;acute_onset_after_exposure;angioedema;urticaria_acute;wheezing_acute;patient_blood_type_O_positive,gradual_onset_over_days;no_exposure_history,6,2,3,3,expanded_indist,False,patient_blood_type_O_positive
1050,Anaphylaxis,Immuno,False,0.003,medium,airway_compromise_or_hypotension;wheezing_acute;acute_onset_after_exposure;recent_allergen_exposure;patient_shoe_size_9,no_exposure_history,4,1,2,3,expanded_indist,False,patient_shoe_size_9
1051,Anaphylaxis,Immuno,False,0.003,hard,urticaria_acute;seasonal_pattern;acute_onset_after_exposure;angioedema;patient_has_private_PPO_insurance,,4,0,2,3,expanded_indist,True,patient_has_private_PPO_insurance
1052,Anaphylaxis,Immuno,False,0.003,easy,angioedema;recent_allergen_exposure;airway_compromise_or_hypotension;acute_onset_after_exposure;wheezing_acute;urticaria_acute;patient_works_as_accountant,no_exposure_history;gradual_onset_over_days,6,2,3,3,expanded_indist,False,patient_works_as_accountant
1053,Anaphylaxis,Immuno,False,0.003,medium,urticaria_acute;acute_onset_after_exposure;angioedema;seasonal_pattern;patient_owns_a_pet_cat,no_exposure_history,4,1,2,3,expanded_indist,True,patient_owns_a_pet_cat
1054,Anaphylaxis,Immuno,False,0.003,hard,seasonal_pattern;wheezing_acute;airway_compromise_or_hypotension;urticaria_acute;patient_owns_a_pet_cat,no_exposure_history,4,1,2,3,expanded_indist,True,patient_owns_a_pet_cat
1055,Anaphylaxis,Immuno,False,0.003,easy,wheezing_acute;recent_allergen_exposure;urticaria_acute;airway_compromise_or_hypotension;acute_onset_after_exposure;patient_shoe_size_9,no_exposure_history;gradual_onset_over_days,5,2,3,3,expanded_indist,False,patient_shoe_size_9
1056,Anaphylaxis,Immuno,False,0.003,medium,urticaria_acute;seasonal_pattern;airway_compromise_or_hypotension;wheezing_acute;recent_allergen_exposure;patient_prefers_tea_over_coffee,no_exposure_history,5,1,2,3,expanded_indist,True,patient_prefers_tea_over_coffee
1057,Anaphylaxis,Immuno,False,0.003,hard,urticaria_acute;airway_compromise_or_hypotension;seasonal_pattern;wheezing_acute;patient_is_right_handed,no_exposure_history,4,1,2,3,expanded_indist,True,patient_is_right_handed
1058,Anaphylaxis,Immuno,False,0.003,easy,urticaria_acute;acute_onset_after_exposure;angioedema;airway_compromise_or_hypotension;wheezing_acute;patient_blood_type_O_positive,no_exposure_history;gradual_onset_over_days,5,2,3,3,expanded_indist,False,patient_blood_type_O_positive
1059,Anaphylaxis,Immuno,False,0.003,medium,wheezing_acute;recent_allergen_exposure;acute_onset_after_exposure;airway_compromise_or_hypotension;patient_has_private_PPO_insurance,no_exposure_history,4,1,2,3,expanded_indist,False,patient_has_private_PPO_insurance
1060,Anaphylaxis,Immuno,False,0.003,hard,seasonal_pattern;airway_compromise_or_hypotension;acute_onset_after_exposure;recent_allergen_exposure;patient_is_married,no_exposure_history,4,1,2,3,expanded_indist,True,patient_is_married
1061,Disseminated_Intravascular_Coagulation,Hemato,True,0.0004,easy,low_fibrinogen;thrombocytopenia_acute;schistocytes_on_smear;concurrent_bleeding_and_clotting;elevated_D_dimer;underlying_sepsis_or_trauma;patient_has_private_PPO_insurance,normal_coagulation_panel;isolated_bleeding_only,6,2,3,3,expanded_indist,False,patient_has_private_PPO_insurance
1062,Disseminated_Intravascular_Coagulation,Hemato,True,0.0004,medium,koilonychia;concurrent_bleeding_and_clotting;thrombocytopenia_acute;low_fibrinogen;patient_blood_type_O_positive,normal_coagulation_panel,4,1,2,3,expanded_indist,True,patient_blood_type_O_positive
1063,Disseminated_Intravascular_Coagulation,Hemato,True,0.0004,hard,low_fibrinogen;koilonychia;concurrent_bleeding_and_clotting;patient_prefers_tea_over_coffee,isolated_bleeding_only,3,1,2,3,expanded_indist,True,patient_prefers_tea_over_coffee
1064,Disseminated_Intravascular_Coagulation,Hemato,True,0.0004,easy,low_fibrinogen;underlying_sepsis_or_trauma;schistocytes_on_smear;concurrent_bleeding_and_clotting;elevated_D_dimer;patient_shoe_size_9,normal_coagulation_panel;isolated_bleeding_only,5,2,3,3,expanded_indist,False,patient_shoe_size_9
1065,Disseminated_Intravascular_Coagulation,Hemato,True,0.0004,medium,elevated_D_dimer;schistocytes_on_smear;underlying_sepsis_or_trauma;concurrent_bleeding_and_clotting;patient_prefers_tea_over_coffee,isolated_bleeding_only,4,1,2,3,expanded_indist,False,patient_prefers_tea_over_coffee
1066,Disseminated_Intravascular_Coagulation,Hemato,True,0.0004,hard,elevated_D_dimer;koilonychia;concurrent_bleeding_and_clotting;patient_owns_a_pet_cat,normal_coagulation_panel,3,1,2,3,expanded_indist,True,patient_owns_a_pet_cat
1067,Disseminated_Intravascular_Coagulation,Hemato,True,0.0004,easy,low_fibrinogen;thrombocytopenia_acute;schistocytes_on_smear;underlying_sepsis_or_trauma;elevated_D_dimer;concurrent_bleeding_and_clotting;patient_prefers_tea_over_coffee,isolated_bleeding_only;normal_coagulation_panel,6,2,3,3,expanded_indist,False,patient_prefers_tea_over_coffee
1068,Disseminated_Intravascular_Coagulation,Hemato,True,0.0004,medium,elevated_D_dimer;schistocytes_on_smear;concurrent_bleeding_and_clotting;patient_lives_in_a_two_story_house,normal_coagulation_panel,3,1,2,3,expanded_indist,False,patient_lives_in_a_two_story_house
1069,Disseminated_Intravascular_Coagulation,Hemato,True,0.0004,hard,elevated_D_dimer;low_fibrinogen;koilonychia;patient_has_private_PPO_insurance,isolated_bleeding_only,3,1,2,3,expanded_indist,True,patient_has_private_PPO_insurance
1070,Disseminated_Intravascular_Coagulation,Hemato,True,0.0004,easy,thrombocytopenia_acute;concurrent_bleeding_and_clotting;underlying_sepsis_or_trauma;schistocytes_on_smear;elevated_D_dimer;low_fibrinogen;patient_blood_type_O_positive,normal_coagulation_panel;isolated_bleeding_only,6,2,3,3,expanded_indist,False,patient_blood_type_O_positive
1071,Disseminated_Intravascular_Coagulation,Hemato,True,0.0004,medium,elevated_D_dimer;schistocytes_on_smear;underlying_sepsis_or_trauma;concurrent_bleeding_and_clotting;patient_works_as_accountant,isolated_bleeding_only,4,1,2,3,expanded_indist,False,patient_works_as_accountant
1072,Disseminated_Intravascular_Coagulation,Hemato,True,0.0004,hard,koilonychia;concurrent_bleeding_and_clotting;low_fibrinogen;patient_arrived_by_personal_vehicle,,3,0,2,3,expanded_indist,True,patient_arrived_by_personal_vehicle
1073,Acute_Kidney_Injury,Renal,False,0.02,easy,fluid_overload;rising_creatinine;oliguria;hyperkalemia;metabolic_acidosis_renal;uremic_symptoms;patient_commutes_by_bicycle,normal_creatinine;preserved_urine_output,6,2,3,3,expanded_heldout,False,patient_commutes_by_bicycle
1074,Acute_Kidney_Injury,Renal,False,0.02,medium,stone_visible_on_imaging;uremic_symptoms;rising_creatinine;oliguria;metabolic_acidosis_renal;patient_has_brown_hair,normal_creatinine,5,1,2,3,expanded_heldout,True,patient_has_brown_hair
1075,Acute_Kidney_Injury,Renal,False,0.02,hard,fluid_overload;stone_visible_on_imaging;uremic_symptoms;rising_creatinine;patient_commutes_by_bicycle,preserved_urine_output,4,1,2,3,expanded_heldout,True,patient_commutes_by_bicycle
1076,Acute_Kidney_Injury,Renal,False,0.02,easy,fluid_overload;metabolic_acidosis_renal;uremic_symptoms;oliguria;rising_creatinine;hyperkalemia;patient_has_private_PPO_insurance,preserved_urine_output;normal_creatinine,6,2,3,3,expanded_heldout,False,patient_has_private_PPO_insurance
1077,Acute_Kidney_Injury,Renal,False,0.02,medium,stone_visible_on_imaging;rising_creatinine;fluid_overload;hyperkalemia;metabolic_acidosis_renal;patient_has_brown_hair,normal_creatinine,5,1,2,3,expanded_heldout,True,patient_has_brown_hair
1078,Acute_Kidney_Injury,Renal,False,0.02,hard,rising_creatinine;fluid_overload;stone_visible_on_imaging;patient_works_as_accountant,preserved_urine_output,3,1,2,3,expanded_heldout,True,patient_works_as_accountant
1079,Acute_Kidney_Injury,Renal,False,0.02,easy,oliguria;hyperkalemia;uremic_symptoms;rising_creatinine;metabolic_acidosis_renal;fluid_overload;patient_blood_type_O_positive,normal_creatinine;preserved_urine_output,6,2,3,3,expanded_heldout,False,patient_blood_type_O_positive
1080,Acute_Kidney_Injury,Renal,False,0.02,medium,oliguria;metabolic_acidosis_renal;rising_creatinine;hyperkalemia;stone_visible_on_imaging;patient_prefers_tea_over_coffee,preserved_urine_output,5,1,2,3,expanded_heldout,True,patient_prefers_tea_over_coffee
1081,Acute_Kidney_Injury,Renal,False,0.02,hard,metabolic_acidosis_renal;stone_visible_on_imaging;oliguria;rising_creatinine;patient_blood_type_O_positive,,4,0,2,3,expanded_heldout,True,patient_blood_type_O_positive
1082,Acute_Kidney_Injury,Renal,False,0.02,easy,hyperkalemia;rising_creatinine;fluid_overload;metabolic_acidosis_renal;oliguria;patient_arrived_by_personal_vehicle,normal_creatinine;preserved_urine_output,5,2,3,3,expanded_heldout,False,patient_arrived_by_personal_vehicle
1083,Acute_Kidney_Injury,Renal,False,0.02,medium,rising_creatinine;fluid_overload;uremic_symptoms;stone_visible_on_imaging;patient_prefers_tea_over_coffee,normal_creatinine,4,1,2,3,expanded_heldout,True,patient_prefers_tea_over_coffee
1084,Acute_Kidney_Injury,Renal,False,0.02,hard,oliguria;rising_creatinine;stone_visible_on_imaging;patient_works_as_accountant,normal_creatinine,3,1,2,3,expanded_heldout,True,patient_works_as_accountant
1085,Nephrotic_Syndrome,Renal,False,0.004,easy,peripheral_edema_generalized;hypoalbuminemia;proteinuria_heavy;rapid_weight_gain;frothy_urine;hyperlipidemia;patient_has_brown_hair,normal_serum_albumin;gross_hematuria,6,2,3,3,expanded_heldout,False,patient_has_brown_hair
1086,Nephrotic_Syndrome,Renal,False,0.004,medium,stone_visible_on_imaging;hypoalbuminemia;frothy_urine;peripheral_edema_generalized;rapid_weight_gain;patient_lives_in_a_two_story_house,gross_hematuria,5,1,2,3,expanded_heldout,True,patient_lives_in_a_two_story_house
1087,Nephrotic_Syndrome,Renal,False,0.004,hard,proteinuria_heavy;stone_visible_on_imaging;peripheral_edema_generalized;patient_arrived_by_personal_vehicle,normal_serum_albumin,3,1,2,3,expanded_heldout,True,patient_arrived_by_personal_vehicle
1088,Nephrotic_Syndrome,Renal,False,0.004,easy,rapid_weight_gain;proteinuria_heavy;peripheral_edema_generalized;hyperlipidemia;hypoalbuminemia;patient_commutes_by_bicycle,gross_hematuria;normal_serum_albumin,5,2,3,3,expanded_heldout,False,patient_commutes_by_bicycle
1089,Nephrotic_Syndrome,Renal,False,0.004,medium,peripheral_edema_generalized;rapid_weight_gain;proteinuria_heavy;patient_has_private_PPO_insurance,gross_hematuria,3,1,2,3,expanded_heldout,False,patient_has_private_PPO_insurance
1090,Nephrotic_Syndrome,Renal,False,0.004,hard,proteinuria_heavy;peripheral_edema_generalized;stone_visible_on_imaging;hyperlipidemia;patient_arrived_by_personal_vehicle,normal_serum_albumin,4,1,2,3,expanded_heldout,True,patient_arrived_by_personal_vehicle
1091,Nephrotic_Syndrome,Renal,False,0.004,easy,peripheral_edema_generalized;hypoalbuminemia;frothy_urine;rapid_weight_gain;hyperlipidemia;proteinuria_heavy;patient_blood_type_O_positive,normal_serum_albumin;gross_hematuria,6,2,3,3,expanded_heldout,False,patient_blood_type_O_positive
1092,Nephrotic_Syndrome,Renal,False,0.004,medium,frothy_urine;hypoalbuminemia;rapid_weight_gain;peripheral_edema_generalized;patient_shoe_size_9,gross_hematuria,4,1,2,3,expanded_heldout,False,patient_shoe_size_9
1093,Nephrotic_Syndrome,Renal,False,0.004,hard,peripheral_edema_generalized;frothy_urine;stone_visible_on_imaging;proteinuria_heavy;patient_commutes_by_bicycle,,4,0,2,3,expanded_heldout,True,patient_commutes_by_bicycle
1094,Nephrotic_Syndrome,Renal,False,0.004,easy,rapid_weight_gain;peripheral_edema_generalized;proteinuria_heavy;hyperlipidemia;hypoalbuminemia;patient_arrived_by_personal_vehicle,gross_hematuria;normal_serum_albumin,5,2,3,3,expanded_heldout,False,patient_arrived_by_personal_vehicle
1095,Nephrotic_Syndrome,Renal,False,0.004,medium,proteinuria_heavy;rapid_weight_gain;hypoalbuminemia;patient_shoe_size_9,gross_hematuria,3,1,2,3,expanded_heldout,False,patient_shoe_size_9
1096,Nephrotic_Syndrome,Renal,False,0.004,hard,stone_visible_on_imaging;proteinuria_heavy;hyperlipidemia;peripheral_edema_generalized;patient_has_brown_hair,,4,0,2,3,expanded_heldout,True,patient_has_brown_hair
1097,Polycystic_Kidney_Disease,Renal,True,0.0008,easy,renal_cysts_on_imaging;bilateral_flank_pain;family_history_renal_disease;microscopic_hematuria;palpable_bilateral_kidneys;hypertension_early_onset;patient_prefers_tea_over_coffee,no_family_history_renal;normal_renal_imaging,6,2,3,3,expanded_heldout,False,patient_prefers_tea_over_coffee
1098,Polycystic_Kidney_Disease,Renal,True,0.0008,medium,bilateral_flank_pain;renal_cysts_on_imaging;microscopic_hematuria;palpable_bilateral_kidneys;patient_arrived_by_personal_vehicle,normal_renal_imaging,4,1,2,3,expanded_heldout,False,patient_arrived_by_personal_vehicle
1099,Polycystic_Kidney_Disease,Renal,True,0.0008,hard,dysuria;hypertension_early_onset;family_history_renal_disease;palpable_bilateral_kidneys;patient_blood_type_O_positive,,4,0,2,3,expanded_heldout,True,patient_blood_type_O_positive
1100,Polycystic_Kidney_Disease,Renal,True,0.0008,easy,bilateral_flank_pain;palpable_bilateral_kidneys;renal_cysts_on_imaging;family_history_renal_disease;microscopic_hematuria;patient_works_as_accountant,normal_renal_imaging;no_family_history_renal,5,2,3,3,expanded_heldout,False,patient_works_as_accountant
1101,Polycystic_Kidney_Disease,Renal,True,0.0008,medium,dysuria;family_history_renal_disease;bilateral_flank_pain;hypertension_early_onset;patient_arrived_by_personal_vehicle,no_family_history_renal,4,1,2,3,expanded_heldout,True,patient_arrived_by_personal_vehicle
1102,Polycystic_Kidney_Disease,Renal,True,0.0008,hard,palpable_bilateral_kidneys;dysuria;hypertension_early_onset;family_history_renal_disease;patient_prefers_tea_over_coffee,,4,0,2,3,expanded_heldout,True,patient_prefers_tea_over_coffee
1103,Polycystic_Kidney_Disease,Renal,True,0.0008,easy,microscopic_hematuria;palpable_bilateral_kidneys;hypertension_early_onset;renal_cysts_on_imaging;bilateral_flank_pain;family_history_renal_disease;patient_commutes_by_bicycle,no_family_history_renal;normal_renal_imaging,6,2,3,3,expanded_heldout,False,patient_commutes_by_bicycle
1104,Polycystic_Kidney_Disease,Renal,True,0.0008,medium,bilateral_flank_pain;family_history_renal_disease;hypertension_early_onset;dysuria;patient_shoe_size_9,normal_renal_imaging,4,1,2,3,expanded_heldout,True,patient_shoe_size_9
1105,Polycystic_Kidney_Disease,Renal,True,0.0008,hard,palpable_bilateral_kidneys;dysuria;bilateral_flank_pain;patient_has_brown_hair,,3,0,2,3,expanded_heldout,True,patient_has_brown_hair
1106,Polycystic_Kidney_Disease,Renal,True,0.0008,easy,hypertension_early_onset;microscopic_hematuria;family_history_renal_disease;palpable_bilateral_kidneys;bilateral_flank_pain;renal_cysts_on_imaging;patient_has_brown_hair,no_family_history_renal;normal_renal_imaging,6,2,3,3,expanded_heldout,False,patient_has_brown_hair
1107,Polycystic_Kidney_Disease,Renal,True,0.0008,medium,dysuria;family_history_renal_disease;microscopic_hematuria;renal_cysts_on_imaging;palpable_bilateral_kidneys;patient_is_married,no_family_history_renal,5,1,2,3,expanded_heldout,True,patient_is_married
1108,Polycystic_Kidney_Disease,Renal,True,0.0008,hard,dysuria;microscopic_hematuria;palpable_bilateral_kidneys;family_history_renal_disease;patient_is_right_handed,no_family_history_renal,4,1,2,3,expanded_heldout,True,patient_is_right_handed
1109,Renal_Cell_Carcinoma,Renal,True,0.0003,easy,paraneoplastic_polycythemia;low_grade_fever;unintentional_weight_loss;flank_mass_palpable;gross_hematuria;patient_works_as_accountant,no_renal_mass_on_imaging;normal_renal_imaging,5,2,3,3,expanded_heldout,False,patient_works_as_accountant
1110,Renal_Cell_Carcinoma,Renal,True,0.0003,medium,paraneoplastic_polycythemia;flank_mass_palpable;low_grade_fever;gross_hematuria;patient_prefers_tea_over_coffee,no_renal_mass_on_imaging,4,1,2,3,expanded_heldout,False,patient_prefers_tea_over_coffee
1111,Renal_Cell_Carcinoma,Renal,True,0.0003,hard,unintentional_weight_loss;stone_visible_on_imaging;low_grade_fever;flank_mass_palpable;patient_lives_in_a_two_story_house,normal_renal_imaging,4,1,2,3,expanded_heldout,True,patient_lives_in_a_two_story_house
1112,Renal_Cell_Carcinoma,Renal,True,0.0003,easy,paraneoplastic_polycythemia;gross_hematuria;unintentional_weight_loss;flank_pain_dull;flank_mass_palpable;low_grade_fever;patient_blood_type_O_positive,normal_renal_imaging;no_renal_mass_on_imaging,6,2,3,3,expanded_heldout,False,patient_blood_type_O_positive
1113,Renal_Cell_Carcinoma,Renal,True,0.0003,medium,unintentional_weight_loss;flank_mass_palpable;paraneoplastic_polycythemia;flank_pain_dull;patient_prefers_tea_over_coffee,no_renal_mass_on_imaging,4,1,2,3,expanded_heldout,False,patient_prefers_tea_over_coffee
1114,Renal_Cell_Carcinoma,Renal,True,0.0003,hard,stone_visible_on_imaging;unintentional_weight_loss;flank_pain_dull;gross_hematuria;patient_blood_type_O_positive,no_renal_mass_on_imaging,4,1,2,3,expanded_heldout,True,patient_blood_type_O_positive
1115,Renal_Cell_Carcinoma,Renal,True,0.0003,easy,flank_pain_dull;gross_hematuria;flank_mass_palpable;low_grade_fever;unintentional_weight_loss;paraneoplastic_polycythemia;patient_owns_a_pet_cat,normal_renal_imaging;no_renal_mass_on_imaging,6,2,3,3,expanded_heldout,False,patient_owns_a_pet_cat
1116,Renal_Cell_Carcinoma,Renal,True,0.0003,medium,unintentional_weight_loss;gross_hematuria;paraneoplastic_polycythemia;stone_visible_on_imaging;patient_is_right_handed,no_renal_mass_on_imaging,4,1,2,3,expanded_heldout,True,patient_is_right_handed
1117,Renal_Cell_Carcinoma,Renal,True,0.0003,hard,unintentional_weight_loss;gross_hematuria;low_grade_fever;stone_visible_on_imaging;patient_is_married,,4,0,2,3,expanded_heldout,True,patient_is_married
1118,Renal_Cell_Carcinoma,Renal,True,0.0003,easy,flank_mass_palpable;unintentional_weight_loss;flank_pain_dull;low_grade_fever;gross_hematuria;paraneoplastic_polycythemia;patient_owns_a_pet_cat,normal_renal_imaging;no_renal_mass_on_imaging,6,2,3,3,expanded_heldout,False,patient_owns_a_pet_cat
1119,Renal_Cell_Carcinoma,Renal,True,0.0003,medium,paraneoplastic_polycythemia;unintentional_weight_loss;flank_mass_palpable;patient_has_brown_hair,normal_renal_imaging,3,1,2,3,expanded_heldout,False,patient_has_brown_hair
1120,Renal_Cell_Carcinoma,Renal,True,0.0003,hard,gross_hematuria;stone_visible_on_imaging;low_grade_fever;unintentional_weight_loss;patient_owns_a_pet_cat,no_renal_mass_on_imaging,4,1,2,3,expanded_heldout,True,patient_owns_a_pet_cat
1121,Glomerulonephritis,Renal,False,0.002,easy,hypertension_new_onset;proteinuria_mild;low_serum_complement;hematuria_with_red_cell_casts;periorbital_edema;patient_owns_a_pet_cat,normal_urinalysis;no_red_cell_casts,5,2,3,3,expanded_heldout,False,patient_owns_a_pet_cat
1122,Glomerulonephritis,Renal,False,0.002,medium,low_serum_complement;periorbital_edema;hypertension_new_onset;patient_lives_in_a_two_story_house,normal_urinalysis,3,1,2,3,expanded_heldout,False,patient_lives_in_a_two_story_house
1123,Glomerulonephritis,Renal,False,0.002,hard,periorbital_edema;hypertension_new_onset;dysuria;low_serum_complement;patient_prefers_tea_over_coffee,normal_urinalysis,4,1,2,3,expanded_heldout,True,patient_prefers_tea_over_coffee
1124,Glomerulonephritis,Renal,False,0.002,easy,proteinuria_mild;recent_streptococcal_infection;hypertension_new_onset;periorbital_edema;hematuria_with_red_cell_casts;low_serum_complement;patient_has_brown_hair,normal_urinalysis;no_red_cell_casts,6,2,3,3,expanded_heldout,False,patient_has_brown_hair
1125,Glomerulonephritis,Renal,False,0.002,medium,periorbital_edema;low_serum_complement;hematuria_with_red_cell_casts;patient_owns_a_pet_cat,no_red_cell_casts,3,1,2,3,expanded_heldout,False,patient_owns_a_pet_cat
1126,Glomerulonephritis,Renal,False,0.002,hard,hematuria_with_red_cell_casts;dysuria;periorbital_edema;patient_prefers_tea_over_coffee,,3,0,2,3,expanded_heldout,True,patient_prefers_tea_over_coffee
1127,Glomerulonephritis,Renal,False,0.002,easy,recent_streptococcal_infection;hematuria_with_red_cell_casts;periorbital_edema;hypertension_new_onset;low_serum_complement;patient_has_brown_hair,no_red_cell_casts;normal_urinalysis,5,2,3,3,expanded_heldout,False,patient_has_brown_hair
1128,Glomerulonephritis,Renal,False,0.002,medium,low_serum_complement;proteinuria_mild;periorbital_edema;hypertension_new_onset;patient_commutes_by_bicycle,no_red_cell_casts,4,1,2,3,expanded_heldout,False,patient_commutes_by_bicycle
1129,Glomerulonephritis,Renal,False,0.002,hard,periorbital_edema;dysuria;hematuria_with_red_cell_casts;recent_streptococcal_infection;patient_is_right_handed,,4,0,2,3,expanded_heldout,True,patient_is_right_handed
1130,Glomerulonephritis,Renal,False,0.002,easy,proteinuria_mild;low_serum_complement;hematuria_with_red_cell_casts;hypertension_new_onset;periorbital_edema;patient_is_right_handed,no_red_cell_casts;normal_urinalysis,5,2,3,3,expanded_heldout,False,patient_is_right_handed
1131,Glomerulonephritis,Renal,False,0.002,medium,periorbital_edema;low_serum_complement;recent_streptococcal_infection;hypertension_new_onset;patient_commutes_by_bicycle,no_red_cell_casts,4,1,2,3,expanded_heldout,False,patient_commutes_by_bicycle
1132,Glomerulonephritis,Renal,False,0.002,hard,hematuria_with_red_cell_casts;dysuria;periorbital_edema;patient_is_married,,3,0,2,3,expanded_heldout,True,patient_is_married
1133,Nephrolithiasis,Renal,False,0.05,easy,microscopic_or_gross_hematuria;dysuria;pain_radiating_to_groin;stone_visible_on_imaging;colicky_flank_pain;nausea_with_pain;patient_prefers_tea_over_coffee,high_fever_with_sepsis;peritoneal_signs,6,2,3,3,expanded_heldout,False,patient_prefers_tea_over_coffee
1134,Nephrolithiasis,Renal,False,0.05,medium,hyperkalemia;nausea_with_pain;stone_visible_on_imaging;pain_radiating_to_groin;microscopic_or_gross_hematuria;patient_works_as_accountant,high_fever_with_sepsis,5,1,2,3,expanded_heldout,True,patient_works_as_accountant
1135,Nephrolithiasis,Renal,False,0.05,hard,pain_radiating_to_groin;colicky_flank_pain;hyperkalemia;patient_is_married,,3,0,2,3,expanded_heldout,True,patient_is_married
1136,Nephrolithiasis,Renal,False,0.05,easy,microscopic_or_gross_hematuria;colicky_flank_pain;nausea_with_pain;stone_visible_on_imaging;dysuria;pain_radiating_to_groin;patient_is_right_handed,peritoneal_signs;high_fever_with_sepsis,6,2,3,3,expanded_heldout,False,patient_is_right_handed
1137,Nephrolithiasis,Renal,False,0.05,medium,pain_radiating_to_groin;microscopic_or_gross_hematuria;dysuria;patient_has_private_PPO_insurance,peritoneal_signs,3,1,2,3,expanded_heldout,False,patient_has_private_PPO_insurance
1138,Nephrolithiasis,Renal,False,0.05,hard,colicky_flank_pain;pain_radiating_to_groin;hyperkalemia;patient_commutes_by_bicycle,,3,0,2,3,expanded_heldout,True,patient_commutes_by_bicycle
1139,Nephrolithiasis,Renal,False,0.05,easy,colicky_flank_pain;dysuria;stone_visible_on_imaging;microscopic_or_gross_hematuria;pain_radiating_to_groin;patient_has_brown_hair,high_fever_with_sepsis;peritoneal_signs,5,2,3,3,expanded_heldout,False,patient_has_brown_hair
1140,Nephrolithiasis,Renal,False,0.05,medium,microscopic_or_gross_hematuria;stone_visible_on_imaging;pain_radiating_to_groin;patient_lives_in_a_two_story_house,high_fever_with_sepsis,3,1,2,3,expanded_heldout,False,patient_lives_in_a_two_story_house
1141,Nephrolithiasis,Renal,False,0.05,hard,hyperkalemia;colicky_flank_pain;pain_radiating_to_groin;patient_owns_a_pet_cat,high_fever_with_sepsis,3,1,2,3,expanded_heldout,True,patient_owns_a_pet_cat
1142,Nephrolithiasis,Renal,False,0.05,easy,pain_radiating_to_groin;colicky_flank_pain;dysuria;stone_visible_on_imaging;nausea_with_pain;microscopic_or_gross_hematuria;patient_has_private_PPO_insurance,peritoneal_signs;high_fever_with_sepsis,6,2,3,3,expanded_heldout,False,patient_has_private_PPO_insurance
1143,Nephrolithiasis,Renal,False,0.05,medium,pain_radiating_to_groin;stone_visible_on_imaging;microscopic_or_gross_hematuria;hyperkalemia;patient_is_right_handed,high_fever_with_sepsis,4,1,2,3,expanded_heldout,True,patient_is_right_handed
1144,Nephrolithiasis,Renal,False,0.05,hard,stone_visible_on_imaging;pain_radiating_to_groin;colicky_flank_pain;hyperkalemia;patient_shoe_size_9,,4,0,2,3,expanded_heldout,True,patient_shoe_size_9
1145,Acute_Appendicitis,GI,False,0.07,easy,low_grade_fever;RLQ_abdominal_pain;anorexia;nausea_with_pain;rebound_tenderness;patient_prefers_tea_over_coffee,LLQ_abdominal_pain;chronic_symptoms_over_years,5,2,3,3,expanded_heldout,False,patient_prefers_tea_over_coffee
1146,Acute_Appendicitis,GI,False,0.07,medium,anorexia;rebound_tenderness;low_grade_fever;patient_blood_type_O_positive,LLQ_abdominal_pain,3,1,2,3,expanded_heldout,False,patient_blood_type_O_positive
1147,Acute_Appendicitis,GI,False,0.07,hard,bloating;low_grade_fever;RLQ_abdominal_pain;patient_arrived_by_personal_vehicle,,3,0,2,3,expanded_heldout,True,patient_arrived_by_personal_vehicle
1148,Acute_Appendicitis,GI,False,0.07,easy,nausea_with_pain;anorexia;RLQ_abdominal_pain;rebound_tenderness;migratory_periumbilical_to_RLQ_pain;low_grade_fever;patient_owns_a_pet_cat,chronic_symptoms_over_years;LLQ_abdominal_pain,6,2,3,3,expanded_heldout,False,patient_owns_a_pet_cat
1149,Acute_Appendicitis,GI,False,0.07,medium,low_grade_fever;rebound_tenderness;migratory_periumbilical_to_RLQ_pain;nausea_with_pain;patient_arrived_by_personal_vehicle,LLQ_abdominal_pain,4,1,2,3,expanded_heldout,False,patient_arrived_by_personal_vehicle
1150,Acute_Appendicitis,GI,False,0.07,hard,low_grade_fever;bloating;rebound_tenderness;patient_has_brown_hair,,3,0,2,3,expanded_heldout,True,patient_has_brown_hair
1151,Acute_Appendicitis,GI,False,0.07,easy,low_grade_fever;RLQ_abdominal_pain;anorexia;migratory_periumbilical_to_RLQ_pain;rebound_tenderness;patient_blood_type_O_positive,LLQ_abdominal_pain;chronic_symptoms_over_years,5,2,3,3,expanded_heldout,False,patient_blood_type_O_positive
1152,Acute_Appendicitis,GI,False,0.07,medium,nausea_with_pain;migratory_periumbilical_to_RLQ_pain;RLQ_abdominal_pain;low_grade_fever;bloating;patient_commutes_by_bicycle,chronic_symptoms_over_years,5,1,2,3,expanded_heldout,True,patient_commutes_by_bicycle
1153,Acute_Appendicitis,GI,False,0.07,hard,RLQ_abdominal_pain;low_grade_fever;bloating;patient_has_brown_hair,,3,0,2,3,expanded_heldout,True,patient_has_brown_hair
1154,Acute_Appendicitis,GI,False,0.07,easy,RLQ_abdominal_pain;rebound_tenderness;nausea_with_pain;low_grade_fever;anorexia;patient_commutes_by_bicycle,chronic_symptoms_over_years;LLQ_abdominal_pain,5,2,3,3,expanded_heldout,False,patient_commutes_by_bicycle
1155,Acute_Appendicitis,GI,False,0.07,medium,rebound_tenderness;anorexia;RLQ_abdominal_pain;patient_owns_a_pet_cat,LLQ_abdominal_pain,3,1,2,3,expanded_heldout,False,patient_owns_a_pet_cat
1156,Acute_Appendicitis,GI,False,0.07,hard,rebound_tenderness;migratory_periumbilical_to_RLQ_pain;bloating;RLQ_abdominal_pain;patient_prefers_tea_over_coffee,chronic_symptoms_over_years,4,1,2,3,expanded_heldout,True,patient_prefers_tea_over_coffee
1157,Peptic_Ulcer_Disease,GI,False,0.1,easy,bloating;nocturnal_epigastric_pain;melena_intermittent;epigastric_pain;NSAID_use_or_H_pylori_infection;early_satiety;patient_prefers_tea_over_coffee,jaundice;RLQ_abdominal_pain,6,2,3,3,expanded_heldout,False,patient_prefers_tea_over_coffee
1158,Peptic_Ulcer_Disease,GI,False,0.1,medium,nocturnal_epigastric_pain;bloating;NSAID_use_or_H_pylori_infection;anorexia;patient_is_right_handed,jaundice,4,1,2,3,expanded_heldout,True,patient_is_right_handed
1159,Peptic_Ulcer_Disease,GI,False,0.1,hard,NSAID_use_or_H_pylori_infection;epigastric_pain;anorexia;patient_is_married,RLQ_abdominal_pain,3,1,2,3,expanded_heldout,True,patient_is_married
1160,Peptic_Ulcer_Disease,GI,False,0.1,easy,epigastric_pain;nocturnal_epigastric_pain;early_satiety;melena_intermittent;NSAID_use_or_H_pylori_infection;patient_owns_a_pet_cat,jaundice;RLQ_abdominal_pain,5,2,3,3,expanded_heldout,False,patient_owns_a_pet_cat
1161,Peptic_Ulcer_Disease,GI,False,0.1,medium,melena_intermittent;early_satiety;epigastric_pain;nocturnal_epigastric_pain;patient_is_right_handed,RLQ_abdominal_pain,4,1,2,3,expanded_heldout,False,patient_is_right_handed
1162,Peptic_Ulcer_Disease,GI,False,0.1,hard,melena_intermittent;NSAID_use_or_H_pylori_infection;anorexia;epigastric_pain;patient_commutes_by_bicycle,RLQ_abdominal_pain,4,1,2,3,expanded_heldout,True,patient_commutes_by_bicycle
1163,Peptic_Ulcer_Disease,GI,False,0.1,easy,epigastric_pain;NSAID_use_or_H_pylori_infection;bloating;nocturnal_epigastric_pain;melena_intermittent;patient_blood_type_O_positive,RLQ_abdominal_pain;jaundice,5,2,3,3,expanded_heldout,False,patient_blood_type_O_positive
1164,Peptic_Ulcer_Disease,GI,False,0.1,medium,NSAID_use_or_H_pylori_infection;bloating;anorexia;nocturnal_epigastric_pain;patient_commutes_by_bicycle,jaundice,4,1,2,3,expanded_heldout,True,patient_commutes_by_bicycle
1165,Peptic_Ulcer_Disease,GI,False,0.1,hard,NSAID_use_or_H_pylori_infection;melena_intermittent;epigastric_pain;anorexia;patient_is_married,jaundice,4,1,2,3,expanded_heldout,True,patient_is_married
1166,Peptic_Ulcer_Disease,GI,False,0.1,easy,NSAID_use_or_H_pylori_infection;bloating;melena_intermittent;epigastric_pain;early_satiety;nocturnal_epigastric_pain;patient_commutes_by_bicycle,jaundice;RLQ_abdominal_pain,6,2,3,3,expanded_heldout,False,patient_commutes_by_bicycle
1167,Peptic_Ulcer_Disease,GI,False,0.1,medium,nocturnal_epigastric_pain;NSAID_use_or_H_pylori_infection;melena_intermittent;anorexia;patient_has_brown_hair,jaundice,4,1,2,3,expanded_heldout,True,patient_has_brown_hair
1168,Peptic_Ulcer_Disease,GI,False,0.1,hard,NSAID_use_or_H_pylori_infection;epigastric_pain;early_satiety;anorexia;patient_has_brown_hair,,4,0,2,3,expanded_heldout,True,patient_has_brown_hair
1169,Ulcerative_Colitis,GI,True,0.002,easy,gradual_weight_loss;tenesmus;bloody_diarrhea_chronic;continuous_colonic_involvement;extraintestinal_arthritis;patient_is_right_handed,skip_lesions_on_colonoscopy;perianal_fistula,5,2,3,3,expanded_heldout,False,patient_is_right_handed
1170,Ulcerative_Colitis,GI,True,0.002,medium,continuous_colonic_involvement;bloody_diarrhea_chronic;melena_intermittent;gradual_weight_loss;patient_works_as_accountant,perianal_fistula,4,1,2,3,expanded_heldout,True,patient_works_as_accountant
1171,Ulcerative_Colitis,GI,True,0.002,hard,tenesmus;bloody_diarrhea_chronic;melena_intermittent;patient_commutes_by_bicycle,skip_lesions_on_colonoscopy,3,1,2,3,expanded_heldout,True,patient_commutes_by_bicycle
1172,Ulcerative_Colitis,GI,True,0.002,easy,abdominal_cramping;bloody_diarrhea_chronic;continuous_colonic_involvement;tenesmus;extraintestinal_arthritis;patient_lives_in_a_two_story_house,skip_lesions_on_colonoscopy;perianal_fistula,5,2,3,3,expanded_heldout,False,patient_lives_in_a_two_story_house
1173,Ulcerative_Colitis,GI,True,0.002,medium,abdominal_cramping;continuous_colonic_involvement;bloody_diarrhea_chronic;patient_arrived_by_personal_vehicle,skip_lesions_on_colonoscopy,3,1,2,3,expanded_heldout,False,patient_arrived_by_personal_vehicle
1174,Ulcerative_Colitis,GI,True,0.002,hard,tenesmus;gradual_weight_loss;melena_intermittent;bloody_diarrhea_chronic;patient_blood_type_O_positive,,4,0,2,3,expanded_heldout,True,patient_blood_type_O_positive
1175,Ulcerative_Colitis,GI,True,0.002,easy,continuous_colonic_involvement;gradual_weight_loss;tenesmus;bloody_diarrhea_chronic;extraintestinal_arthritis;patient_works_as_accountant,perianal_fistula;skip_lesions_on_colonoscopy,5,2,3,3,expanded_heldout,False,patient_works_as_accountant
1176,Ulcerative_Colitis,GI,True,0.002,medium,tenesmus;gradual_weight_loss;bloody_diarrhea_chronic;patient_commutes_by_bicycle,skip_lesions_on_colonoscopy,3,1,2,3,expanded_heldout,False,patient_commutes_by_bicycle
1177,Ulcerative_Colitis,GI,True,0.002,hard,continuous_colonic_involvement;tenesmus;melena_intermittent;patient_prefers_tea_over_coffee,,3,0,2,3,expanded_heldout,True,patient_prefers_tea_over_coffee
1178,Ulcerative_Colitis,GI,True,0.002,easy,tenesmus;bloody_diarrhea_chronic;continuous_colonic_involvement;extraintestinal_arthritis;gradual_weight_loss;abdominal_cramping;patient_is_married,perianal_fistula;skip_lesions_on_colonoscopy,6,2,3,3,expanded_heldout,False,patient_is_married
1179,Ulcerative_Colitis,GI,True,0.002,medium,extraintestinal_arthritis;tenesmus;melena_intermittent;gradual_weight_loss;bloody_diarrhea_chronic;patient_is_married,perianal_fistula,5,1,2,3,expanded_heldout,True,patient_is_married
1180,Ulcerative_Colitis,GI,True,0.002,hard,melena_intermittent;tenesmus;bloody_diarrhea_chronic;gradual_weight_loss;patient_is_married,,4,0,2,3,expanded_heldout,True,patient_is_married
1181,Crohn_Disease,GI,True,0.0015,easy,transmural_inflammation;abdominal_pain_chronic;skip_lesions_on_colonoscopy;perianal_fistula;gradual_weight_loss;patient_works_as_accountant,continuous_colonic_involvement;bloody_diarrhea_massive,5,2,3,3,expanded_heldout,False,patient_works_as_accountant
1182,Crohn_Disease,GI,True,0.0015,medium,nonbloody_diarrhea;skip_lesions_on_colonoscopy;perianal_fistula;patient_lives_in_a_two_story_house,bloody_diarrhea_massive,3,1,2,3,expanded_heldout,False,patient_lives_in_a_two_story_house
1183,Crohn_Disease,GI,True,0.0015,hard,perianal_fistula;nonbloody_diarrhea;skip_lesions_on_colonoscopy;early_satiety;patient_has_brown_hair,,4,0,2,3,expanded_heldout,True,patient_has_brown_hair
1184,Crohn_Disease,GI,True,0.0015,easy,skip_lesions_on_colonoscopy;transmural_inflammation;abdominal_pain_chronic;perianal_fistula;gradual_weight_loss;patient_lives_in_a_two_story_house,bloody_diarrhea_massive;continuous_colonic_involvement,5,2,3,3,expanded_heldout,False,patient_lives_in_a_two_story_house
1185,Crohn_Disease,GI,True,0.0015,medium,nonbloody_diarrhea;early_satiety;skip_lesions_on_colonoscopy;perianal_fistula;patient_arrived_by_personal_vehicle,bloody_diarrhea_massive,4,1,2,3,expanded_heldout,True,patient_arrived_by_personal_vehicle
1186,Crohn_Disease,GI,True,0.0015,hard,transmural_inflammation;skip_lesions_on_colonoscopy;gradual_weight_loss;early_satiety;patient_lives_in_a_two_story_house,continuous_colonic_involvement,4,1,2,3,expanded_heldout,True,patient_lives_in_a_two_story_house
1187,Crohn_Disease,GI,True,0.0015,easy,skip_lesions_on_colonoscopy;transmural_inflammation;abdominal_pain_chronic;nonbloody_diarrhea;perianal_fistula;patient_has_brown_hair,continuous_colonic_involvement;bloody_diarrhea_massive,5,2,3,3,expanded_heldout,False,patient_has_brown_hair
1188,Crohn_Disease,GI,True,0.0015,medium,early_satiety;transmural_inflammation;abdominal_pain_chronic;skip_lesions_on_colonoscopy;patient_arrived_by_personal_vehicle,continuous_colonic_involvement,4,1,2,3,expanded_heldout,True,patient_arrived_by_personal_vehicle
1189,Crohn_Disease,GI,True,0.0015,hard,perianal_fistula;skip_lesions_on_colonoscopy;nonbloody_diarrhea;early_satiety;patient_prefers_tea_over_coffee,continuous_colonic_involvement,4,1,2,3,expanded_heldout,True,patient_prefers_tea_over_coffee
1190,Crohn_Disease,GI,True,0.0015,easy,gradual_weight_loss;transmural_inflammation;abdominal_pain_chronic;skip_lesions_on_colonoscopy;perianal_fistula;patient_shoe_size_9,bloody_diarrhea_massive;continuous_colonic_involvement,5,2,3,3,expanded_heldout,False,patient_shoe_size_9
1191,Crohn_Disease,GI,True,0.0015,medium,skip_lesions_on_colonoscopy;transmural_inflammation;nonbloody_diarrhea;abdominal_pain_chronic;patient_is_right_handed,bloody_diarrhea_massive,4,1,2,3,expanded_heldout,False,patient_is_right_handed
1192,Crohn_Disease,GI,True,0.0015,hard,early_satiety;abdominal_pain_chronic;perianal_fistula;skip_lesions_on_colonoscopy;patient_shoe_size_9,,4,0,2,3,expanded_heldout,True,patient_shoe_size_9
1193,Acute_Pancreatitis,GI,False,0.004,easy,alcohol_or_gallstone_history;nausea_with_pain;epigastric_pain_radiating_to_back;elevated_lipase;vomiting_persistent;patient_arrived_by_personal_vehicle,RLQ_abdominal_pain;normal_lipase,5,2,3,3,expanded_heldout,False,patient_arrived_by_personal_vehicle
1194,Acute_Pancreatitis,GI,False,0.004,medium,nausea_with_pain;alcohol_or_gallstone_history;elevated_lipase;patient_commutes_by_bicycle,RLQ_abdominal_pain,3,1,2,3,expanded_heldout,False,patient_commutes_by_bicycle
1195,Acute_Pancreatitis,GI,False,0.004,hard,bloating;alcohol_or_gallstone_history;epigastric_pain_radiating_to_back;patient_prefers_tea_over_coffee,,3,0,2,3,expanded_heldout,True,patient_prefers_tea_over_coffee
1196,Acute_Pancreatitis,GI,False,0.004,easy,Grey_Turner_sign;vomiting_persistent;nausea_with_pain;epigastric_pain_radiating_to_back;elevated_lipase;alcohol_or_gallstone_history;patient_shoe_size_9,normal_lipase;RLQ_abdominal_pain,6,2,3,3,expanded_heldout,False,patient_shoe_size_9
1197,Acute_Pancreatitis,GI,False,0.004,medium,nausea_with_pain;epigastric_pain_radiating_to_back;elevated_lipase;Grey_Turner_sign;patient_arrived_by_personal_vehicle,RLQ_abdominal_pain,4,1,2,3,expanded_heldout,False,patient_arrived_by_personal_vehicle
1198,Acute_Pancreatitis,GI,False,0.004,hard,bloating;epigastric_pain_radiating_to_back;alcohol_or_gallstone_history;patient_is_married,normal_lipase,3,1,2,3,expanded_heldout,True,patient_is_married
1199,Acute_Pancreatitis,GI,False,0.004,easy,alcohol_or_gallstone_history;elevated_lipase;nausea_with_pain;epigastric_pain_radiating_to_back;vomiting_persistent;patient_arrived_by_personal_vehicle,normal_lipase;RLQ_abdominal_pain,5,2,3,3,expanded_heldout,False,patient_arrived_by_personal_vehicle
1200,Acute_Pancreatitis,GI,False,0.004,medium,bloating;epigastric_pain_radiating_to_back;elevated_lipase;vomiting_persistent;patient_is_right_handed,RLQ_abdominal_pain,4,1,2,3,expanded_heldout,True,patient_is_right_handed
1201,Acute_Pancreatitis,GI,False,0.004,hard,epigastric_pain_radiating_to_back;nausea_with_pain;bloating;elevated_lipase;patient_blood_type_O_positive,RLQ_abdominal_pain,4,1,2,3,expanded_heldout,True,patient_blood_type_O_positive
1202,Acute_Pancreatitis,GI,False,0.004,easy,alcohol_or_gallstone_history;nausea_with_pain;elevated_lipase;Grey_Turner_sign;epigastric_pain_radiating_to_back;patient_prefers_tea_over_coffee,normal_lipase;RLQ_abdominal_pain,5,2,3,3,expanded_heldout,False,patient_prefers_tea_over_coffee
1203,Acute_Pancreatitis,GI,False,0.004,medium,epigastric_pain_radiating_to_back;Grey_Turner_sign;vomiting_persistent;elevated_lipase;patient_arrived_by_personal_vehicle,normal_lipase,4,1,2,3,expanded_heldout,False,patient_arrived_by_personal_vehicle
1204,Acute_Pancreatitis,GI,False,0.004,hard,elevated_lipase;Grey_Turner_sign;alcohol_or_gallstone_history;bloating;patient_works_as_accountant,,4,0,2,3,expanded_heldout,True,patient_works_as_accountant
1205,Acute_Cholecystitis,GI,False,0.003,easy,gallstones_on_imaging;low_grade_fever;nausea_with_pain;RUQ_abdominal_pain;positive_Murphy_sign;patient_commutes_by_bicycle,LUQ_abdominal_pain;normal_abdominal_imaging,5,2,3,3,expanded_heldout,False,patient_commutes_by_bicycle
1206,Acute_Cholecystitis,GI,False,0.003,medium,RUQ_abdominal_pain;positive_Murphy_sign;nausea_with_pain;patient_is_right_handed,LUQ_abdominal_pain,3,1,2,3,expanded_heldout,False,patient_is_right_handed
1207,Acute_Cholecystitis,GI,False,0.003,hard,RUQ_abdominal_pain;melena_intermittent;low_grade_fever;patient_prefers_tea_over_coffee,LUQ_abdominal_pain,3,1,2,3,expanded_heldout,True,patient_prefers_tea_over_coffee
1208,Acute_Cholecystitis,GI,False,0.003,easy,gallstones_on_imaging;nausea_with_pain;low_grade_fever;RUQ_abdominal_pain;positive_Murphy_sign;patient_has_private_PPO_insurance,normal_abdominal_imaging;LUQ_abdominal_pain,5,2,3,3,expanded_heldout,False,patient_has_private_PPO_insurance
1209,Acute_Cholecystitis,GI,False,0.003,medium,positive_Murphy_sign;RUQ_abdominal_pain;fatty_food_intolerance;patient_lives_in_a_two_story_house,LUQ_abdominal_pain,3,1,2,3,expanded_heldout,False,patient_lives_in_a_two_story_house
1210,Acute_Cholecystitis,GI,False,0.003,hard,melena_intermittent;positive_Murphy_sign;low_grade_fever;patient_has_private_PPO_insurance,LUQ_abdominal_pain,3,1,2,3,expanded_heldout,True,patient_has_private_PPO_insurance
1211,Acute_Cholecystitis,GI,False,0.003,easy,RUQ_abdominal_pain;fatty_food_intolerance;low_grade_fever;positive_Murphy_sign;nausea_with_pain;patient_commutes_by_bicycle,normal_abdominal_imaging;LUQ_abdominal_pain,5,2,3,3,expanded_heldout,False,patient_commutes_by_bicycle
1212,Acute_Cholecystitis,GI,False,0.003,medium,low_grade_fever;fatty_food_intolerance;melena_intermittent;gallstones_on_imaging;positive_Murphy_sign;patient_has_private_PPO_insurance,normal_abdominal_imaging,5,1,2,3,expanded_heldout,True,patient_has_private_PPO_insurance
1213,Acute_Cholecystitis,GI,False,0.003,hard,gallstones_on_imaging;positive_Murphy_sign;low_grade_fever;melena_intermittent;patient_commutes_by_bicycle,LUQ_abdominal_pain,4,1,2,3,expanded_heldout,True,patient_commutes_by_bicycle
1214,Acute_Cholecystitis,GI,False,0.003,easy,low_grade_fever;RUQ_abdominal_pain;fatty_food_intolerance;gallstones_on_imaging;positive_Murphy_sign;patient_works_as_accountant,LUQ_abdominal_pain;normal_abdominal_imaging,5,2,3,3,expanded_heldout,False,patient_works_as_accountant
1215,Acute_Cholecystitis,GI,False,0.003,medium,positive_Murphy_sign;low_grade_fever;nausea_with_pain;patient_works_as_accountant,normal_abdominal_imaging,3,1,2,3,expanded_heldout,False,patient_works_as_accountant
1216,Acute_Cholecystitis,GI,False,0.003,hard,RUQ_abdominal_pain;low_grade_fever;melena_intermittent;patient_is_married,LUQ_abdominal_pain,3,1,2,3,expanded_heldout,True,patient_is_married
1217,Psoriasis,Dermato,False,0.03,easy,koebner_phenomenon;extensor_surface_distribution;silvery_scaling_plaques;nail_pitting;psoriatic_joint_pain;patient_owns_a_pet_cat,pruritus_without_scaling;vesicular_rash,5,2,3,3,expanded_heldout,False,patient_owns_a_pet_cat
1218,Psoriasis,Dermato,False,0.03,medium,family_history_skin_disease;extensor_surface_distribution;silvery_scaling_plaques;koebner_phenomenon;patient_has_brown_hair,vesicular_rash,4,1,2,3,expanded_heldout,False,patient_has_brown_hair
1219,Psoriasis,Dermato,False,0.03,hard,localized_tenderness;nail_pitting;silvery_scaling_plaques;patient_arrived_by_personal_vehicle,vesicular_rash,3,1,2,3,expanded_heldout,True,patient_arrived_by_personal_vehicle
1220,Psoriasis,Dermato,False,0.03,easy,koebner_phenomenon;nail_pitting;extensor_surface_distribution;silvery_scaling_plaques;family_history_skin_disease;patient_is_married,vesicular_rash;pruritus_without_scaling,5,2,3,3,expanded_heldout,False,patient_is_married
1221,Psoriasis,Dermato,False,0.03,medium,family_history_skin_disease;nail_pitting;silvery_scaling_plaques;localized_tenderness;koebner_phenomenon;patient_has_private_PPO_insurance,pruritus_without_scaling,5,1,2,3,expanded_heldout,True,patient_has_private_PPO_insurance
1222,Psoriasis,Dermato,False,0.03,hard,localized_tenderness;extensor_surface_distribution;nail_pitting;patient_is_right_handed,,3,0,2,3,expanded_heldout,True,patient_is_right_handed
1223,Psoriasis,Dermato,False,0.03,easy,family_history_skin_disease;nail_pitting;silvery_scaling_plaques;extensor_surface_distribution;psoriatic_joint_pain;koebner_phenomenon;patient_is_married,pruritus_without_scaling;vesicular_rash,6,2,3,3,expanded_heldout,False,patient_is_married
1224,Psoriasis,Dermato,False,0.03,medium,silvery_scaling_plaques;localized_tenderness;extensor_surface_distribution;koebner_phenomenon;patient_shoe_size_9,vesicular_rash,4,1,2,3,expanded_heldout,True,patient_shoe_size_9
1225,Psoriasis,Dermato,False,0.03,hard,silvery_scaling_plaques;family_history_skin_disease;nail_pitting;localized_tenderness;patient_is_married,,4,0,2,3,expanded_heldout,True,patient_is_married
1226,Psoriasis,Dermato,False,0.03,easy,nail_pitting;extensor_surface_distribution;silvery_scaling_plaques;psoriatic_joint_pain;family_history_skin_disease;koebner_phenomenon;patient_prefers_tea_over_coffee,vesicular_rash;pruritus_without_scaling,6,2,3,3,expanded_heldout,False,patient_prefers_tea_over_coffee
1227,Psoriasis,Dermato,False,0.03,medium,nail_pitting;koebner_phenomenon;extensor_surface_distribution;family_history_skin_disease;patient_shoe_size_9,vesicular_rash,4,1,2,3,expanded_heldout,False,patient_shoe_size_9
1228,Psoriasis,Dermato,False,0.03,hard,nail_pitting;localized_tenderness;silvery_scaling_plaques;patient_owns_a_pet_cat,,3,0,2,3,expanded_heldout,True,patient_owns_a_pet_cat
1229,Cellulitis,Dermato,False,0.02,easy,warmth_and_swelling;leukocytosis;unilateral_erythema;low_grade_fever;localized_tenderness;patient_owns_a_pet_cat,bilateral_symmetric_rash;no_warmth_on_exam,5,2,3,3,expanded_heldout,False,patient_owns_a_pet_cat
1230,Cellulitis,Dermato,False,0.02,medium,unilateral_erythema;localized_tenderness;psoriatic_joint_pain;recent_skin_trauma;low_grade_fever;patient_commutes_by_bicycle,no_warmth_on_exam,5,1,2,3,expanded_heldout,True,patient_commutes_by_bicycle
1231,Cellulitis,Dermato,False,0.02,hard,leukocytosis;warmth_and_swelling;psoriatic_joint_pain;low_grade_fever;patient_commutes_by_bicycle,bilateral_symmetric_rash,4,1,2,3,expanded_heldout,True,patient_commutes_by_bicycle
1232,Cellulitis,Dermato,False,0.02,easy,low_grade_fever;unilateral_erythema;leukocytosis;recent_skin_trauma;warmth_and_swelling;patient_prefers_tea_over_coffee,bilateral_symmetric_rash;no_warmth_on_exam,5,2,3,3,expanded_heldout,False,patient_prefers_tea_over_coffee
1233,Cellulitis,Dermato,False,0.02,medium,recent_skin_trauma;leukocytosis;low_grade_fever;unilateral_erythema;psoriatic_joint_pain;patient_works_as_accountant,bilateral_symmetric_rash,5,1,2,3,expanded_heldout,True,patient_works_as_accountant
1234,Cellulitis,Dermato,False,0.02,hard,recent_skin_trauma;low_grade_fever;unilateral_erythema;psoriatic_joint_pain;patient_lives_in_a_two_story_house,no_warmth_on_exam,4,1,2,3,expanded_heldout,True,patient_lives_in_a_two_story_house
1235,Cellulitis,Dermato,False,0.02,easy,low_grade_fever;unilateral_erythema;warmth_and_swelling;localized_tenderness;leukocytosis;recent_skin_trauma;patient_blood_type_O_positive,bilateral_symmetric_rash;no_warmth_on_exam,6,2,3,3,expanded_heldout,False,patient_blood_type_O_positive
1236,Cellulitis,Dermato,False,0.02,medium,unilateral_erythema;warmth_and_swelling;leukocytosis;recent_skin_trauma;psoriatic_joint_pain;patient_lives_in_a_two_story_house,no_warmth_on_exam,5,1,2,3,expanded_heldout,True,patient_lives_in_a_two_story_house
1237,Cellulitis,Dermato,False,0.02,hard,warmth_and_swelling;psoriatic_joint_pain;low_grade_fever;patient_has_private_PPO_insurance,,3,0,2,3,expanded_heldout,True,patient_has_private_PPO_insurance
1238,Cellulitis,Dermato,False,0.02,easy,leukocytosis;warmth_and_swelling;recent_skin_trauma;localized_tenderness;unilateral_erythema;low_grade_fever;patient_commutes_by_bicycle,no_warmth_on_exam;bilateral_symmetric_rash,6,2,3,3,expanded_heldout,False,patient_commutes_by_bicycle
1239,Cellulitis,Dermato,False,0.02,medium,warmth_and_swelling;unilateral_erythema;recent_skin_trauma;patient_lives_in_a_two_story_house,bilateral_symmetric_rash,3,1,2,3,expanded_heldout,False,patient_lives_in_a_two_story_house
1240,Cellulitis,Dermato,False,0.02,hard,warmth_and_swelling;low_grade_fever;psoriatic_joint_pain;patient_arrived_by_personal_vehicle,,3,0,2,3,expanded_heldout,True,patient_arrived_by_personal_vehicle
1241,Allergic_Contact_Dermatitis,Dermato,False,0.015,easy,recent_allergen_exposure;vesicles_present;linear_rash_pattern;well_demarcated_rash_borders;pruritic_rash;patient_works_as_accountant,systemic_symptoms_present;high_fever,5,2,3,3,expanded_heldout,False,patient_works_as_accountant
1242,Allergic_Contact_Dermatitis,Dermato,False,0.015,medium,psoriatic_joint_pain;resolves_after_allergen_removal;pruritic_rash;vesicles_present;recent_allergen_exposure;patient_shoe_size_9,systemic_symptoms_present,5,1,2,3,expanded_heldout,True,patient_shoe_size_9
1243,Allergic_Contact_Dermatitis,Dermato,False,0.015,hard,recent_allergen_exposure;well_demarcated_rash_borders;psoriatic_joint_pain;patient_is_right_handed,,3,0,2,3,expanded_heldout,True,patient_is_right_handed
1244,Allergic_Contact_Dermatitis,Dermato,False,0.015,easy,recent_allergen_exposure;resolves_after_allergen_removal;vesicles_present;pruritic_rash;well_demarcated_rash_borders;patient_shoe_size_9,high_fever;systemic_symptoms_present,5,2,3,3,expanded_heldout,False,patient_shoe_size_9
1245,Allergic_Contact_Dermatitis,Dermato,False,0.015,medium,pruritic_rash;linear_rash_pattern;well_demarcated_rash_borders;resolves_after_allergen_removal;psoriatic_joint_pain;patient_has_brown_hair,high_fever,5,1,2,3,expanded_heldout,True,patient_has_brown_hair
1246,Allergic_Contact_Dermatitis,Dermato,False,0.015,hard,vesicles_present;psoriatic_joint_pain;recent_allergen_exposure;well_demarcated_rash_borders;patient_prefers_tea_over_coffee,systemic_symptoms_present,4,1,2,3,expanded_heldout,True,patient_prefers_tea_over_coffee
1247,Allergic_Contact_Dermatitis,Dermato,False,0.015,easy,recent_allergen_exposure;well_demarcated_rash_borders;linear_rash_pattern;pruritic_rash;vesicles_present;resolves_after_allergen_removal;patient_is_married,high_fever;systemic_symptoms_present,6,2,3,3,expanded_heldout,False,patient_is_married
1248,Allergic_Contact_Dermatitis,Dermato,False,0.015,medium,resolves_after_allergen_removal;recent_allergen_exposure;well_demarcated_rash_borders;patient_works_as_accountant,high_fever,3,1,2,3,expanded_heldout,False,patient_works_as_accountant
1249,Allergic_Contact_Dermatitis,Dermato,False,0.015,hard,well_demarcated_rash_borders;psoriatic_joint_pain;recent_allergen_exposure;vesicles_present;patient_is_married,high_fever,4,1,2,3,expanded_heldout,True,patient_is_married
1250,Allergic_Contact_Dermatitis,Dermato,False,0.015,easy,well_demarcated_rash_borders;vesicles_present;resolves_after_allergen_removal;linear_rash_pattern;recent_allergen_exposure;pruritic_rash;patient_prefers_tea_over_coffee,systemic_symptoms_present;high_fever,6,2,3,3,expanded_heldout,False,patient_prefers_tea_over_coffee
1251,Allergic_Contact_Dermatitis,Dermato,False,0.015,medium,vesicles_present;psoriatic_joint_pain;linear_rash_pattern;well_demarcated_rash_borders;recent_allergen_exposure;patient_owns_a_pet_cat,systemic_symptoms_present,5,1,2,3,expanded_heldout,True,patient_owns_a_pet_cat
1252,Allergic_Contact_Dermatitis,Dermato,False,0.015,hard,vesicles_present;psoriatic_joint_pain;well_demarcated_rash_borders;pruritic_rash;patient_works_as_accountant,,4,0,2,3,expanded_heldout,True,patient_works_as_accountant
1253,Herpes_Zoster,Dermato,False,0.003,easy,pain_preceding_rash;dermatomal_vesicular_rash;unilateral_distribution;risk_of_postherpetic_neuralgia;prior_varicella_history;grouped_vesicles;patient_has_brown_hair,bilateral_symmetric_rash;painless_rash,6,2,3,3,expanded_heldout,False,patient_has_brown_hair
1254,Herpes_Zoster,Dermato,False,0.003,medium,grouped_vesicles;pain_preceding_rash;dermatomal_vesicular_rash;patient_has_private_PPO_insurance,painless_rash,3,1,2,3,expanded_heldout,False,patient_has_private_PPO_insurance
1255,Herpes_Zoster,Dermato,False,0.003,hard,pain_preceding_rash;dermatomal_vesicular_rash;family_history_skin_disease;patient_is_right_handed,painless_rash,3,1,2,3,expanded_heldout,True,patient_is_right_handed
1256,Herpes_Zoster,Dermato,False,0.003,easy,prior_varicella_history;unilateral_distribution;grouped_vesicles;dermatomal_vesicular_rash;pain_preceding_rash;risk_of_postherpetic_neuralgia;patient_prefers_tea_over_coffee,painless_rash;bilateral_symmetric_rash,6,2,3,3,expanded_heldout,False,patient_prefers_tea_over_coffee
1257,Herpes_Zoster,Dermato,False,0.003,medium,prior_varicella_history;unilateral_distribution;dermatomal_vesicular_rash;family_history_skin_disease;patient_has_brown_hair,painless_rash,4,1,2,3,expanded_heldout,True,patient_has_brown_hair
1258,Herpes_Zoster,Dermato,False,0.003,hard,family_history_skin_disease;risk_of_postherpetic_neuralgia;dermatomal_vesicular_rash;pain_preceding_rash;patient_is_right_handed,,4,0,2,3,expanded_heldout,True,patient_is_right_handed
1259,Herpes_Zoster,Dermato,False,0.003,easy,grouped_vesicles;pain_preceding_rash;dermatomal_vesicular_rash;prior_varicella_history;unilateral_distribution;patient_blood_type_O_positive,bilateral_symmetric_rash;painless_rash,5,2,3,3,expanded_heldout,False,patient_blood_type_O_positive
1260,Herpes_Zoster,Dermato,False,0.003,medium,dermatomal_vesicular_rash;pain_preceding_rash;risk_of_postherpetic_neuralgia;prior_varicella_history;family_history_skin_disease;patient_lives_in_a_two_story_house,painless_rash,5,1,2,3,expanded_heldout,True,patient_lives_in_a_two_story_house
1261,Herpes_Zoster,Dermato,False,0.003,hard,family_history_skin_disease;dermatomal_vesicular_rash;grouped_vesicles;pain_preceding_rash;patient_lives_in_a_two_story_house,,4,0,2,3,expanded_heldout,True,patient_lives_in_a_two_story_house
1262,Herpes_Zoster,Dermato,False,0.003,easy,unilateral_distribution;prior_varicella_history;risk_of_postherpetic_neuralgia;pain_preceding_rash;dermatomal_vesicular_rash;patient_has_brown_hair,bilateral_symmetric_rash;painless_rash,5,2,3,3,expanded_heldout,False,patient_has_brown_hair
1263,Herpes_Zoster,Dermato,False,0.003,medium,prior_varicella_history;pain_preceding_rash;dermatomal_vesicular_rash;family_history_skin_disease;risk_of_postherpetic_neuralgia;patient_prefers_tea_over_coffee,bilateral_symmetric_rash,5,1,2,3,expanded_heldout,True,patient_prefers_tea_over_coffee
1264,Herpes_Zoster,Dermato,False,0.003,hard,family_history_skin_disease;grouped_vesicles;dermatomal_vesicular_rash;pain_preceding_rash;patient_shoe_size_9,painless_rash,4,1,2,3,expanded_heldout,True,patient_shoe_size_9
1265,Stevens_Johnson_Syndrome,Dermato,True,5e-05,easy,mucosal_involvement;high_fever;recent_new_medication_exposure;target_lesions_atypical;positive_Nikolsky_sign;skin_detachment;patient_lives_in_a_two_story_house,localized_rash_only;no_recent_medication_change,6,2,3,3,expanded_heldout,False,patient_lives_in_a_two_story_house
1266,Stevens_Johnson_Syndrome,Dermato,True,5e-05,medium,skin_detachment;psoriatic_joint_pain;positive_Nikolsky_sign;high_fever;mucosal_involvement;patient_is_right_handed,no_recent_medication_change,5,1,2,3,expanded_heldout,True,patient_is_right_handed
1267,Stevens_Johnson_Syndrome,Dermato,True,5e-05,hard,psoriatic_joint_pain;recent_new_medication_exposure;skin_detachment;high_fever;patient_works_as_accountant,,4,0,2,3,expanded_heldout,True,patient_works_as_accountant
1268,Stevens_Johnson_Syndrome,Dermato,True,5e-05,easy,mucosal_involvement;target_lesions_atypical;positive_Nikolsky_sign;skin_detachment;recent_new_medication_exposure;patient_has_brown_hair,localized_rash_only;no_recent_medication_change,5,2,3,3,expanded_heldout,False,patient_has_brown_hair
1269,Stevens_Johnson_Syndrome,Dermato,True,5e-05,medium,target_lesions_atypical;recent_new_medication_exposure;positive_Nikolsky_sign;mucosal_involvement;psoriatic_joint_pain;patient_is_married,no_recent_medication_change,5,1,2,3,expanded_heldout,True,patient_is_married
1270,Stevens_Johnson_Syndrome,Dermato,True,5e-05,hard,skin_detachment;mucosal_involvement;psoriatic_joint_pain;high_fever;patient_owns_a_pet_cat,,4,0,2,3,expanded_heldout,True,patient_owns_a_pet_cat
1271,Stevens_Johnson_Syndrome,Dermato,True,5e-05,easy,target_lesions_atypical;skin_detachment;mucosal_involvement;recent_new_medication_exposure;high_fever;patient_is_married,localized_rash_only;no_recent_medication_change,5,2,3,3,expanded_heldout,False,patient_is_married
1272,Stevens_Johnson_Syndrome,Dermato,True,5e-05,medium,recent_new_medication_exposure;skin_detachment;target_lesions_atypical;positive_Nikolsky_sign;psoriatic_joint_pain;patient_commutes_by_bicycle,localized_rash_only,5,1,2,3,expanded_heldout,True,patient_commutes_by_bicycle
1273,Stevens_Johnson_Syndrome,Dermato,True,5e-05,hard,mucosal_involvement;target_lesions_atypical;psoriatic_joint_pain;recent_new_medication_exposure;patient_owns_a_pet_cat,no_recent_medication_change,4,1,2,3,expanded_heldout,True,patient_owns_a_pet_cat
1274,Stevens_Johnson_Syndrome,Dermato,True,5e-05,easy,target_lesions_atypical;recent_new_medication_exposure;mucosal_involvement;skin_detachment;positive_Nikolsky_sign;patient_owns_a_pet_cat,localized_rash_only;no_recent_medication_change,5,2,3,3,expanded_heldout,False,patient_owns_a_pet_cat
1275,Stevens_Johnson_Syndrome,Dermato,True,5e-05,medium,target_lesions_atypical;skin_detachment;mucosal_involvement;positive_Nikolsky_sign;psoriatic_joint_pain;patient_is_married,localized_rash_only,5,1,2,3,expanded_heldout,True,patient_is_married
1276,Stevens_Johnson_Syndrome,Dermato,True,5e-05,hard,recent_new_medication_exposure;psoriatic_joint_pain;mucosal_involvement;high_fever;patient_blood_type_O_positive,,4,0,2,3,expanded_heldout,True,patient_blood_type_O_positive
1277,Erythema_Multiforme,Dermato,True,0.001,easy,acral_distribution;mild_mucosal_involvement;recent_HSV_infection;self_limited_course;target_lesions_typical;symmetric_distribution;patient_works_as_accountant,recent_new_medication_exposure;extensive_skin_detachment,6,2,3,3,expanded_heldout,False,patient_works_as_accountant
1278,Erythema_Multiforme,Dermato,True,0.001,medium,symmetric_distribution;acral_distribution;target_lesions_typical;family_history_skin_disease;mild_mucosal_involvement;patient_owns_a_pet_cat,recent_new_medication_exposure,5,1,2,3,expanded_heldout,True,patient_owns_a_pet_cat
1279,Erythema_Multiforme,Dermato,True,0.001,hard,target_lesions_typical;recent_HSV_infection;family_history_skin_disease;patient_has_brown_hair,extensive_skin_detachment,3,1,2,3,expanded_heldout,True,patient_has_brown_hair
1280,Erythema_Multiforme,Dermato,True,0.001,easy,target_lesions_typical;symmetric_distribution;mild_mucosal_involvement;acral_distribution;recent_HSV_infection;patient_shoe_size_9,extensive_skin_detachment;recent_new_medication_exposure,5,2,3,3,expanded_heldout,False,patient_shoe_size_9
1281,Erythema_Multiforme,Dermato,True,0.001,medium,symmetric_distribution;family_history_skin_disease;acral_distribution;mild_mucosal_involvement;recent_HSV_infection;patient_blood_type_O_positive,extensive_skin_detachment,5,1,2,3,expanded_heldout,True,patient_blood_type_O_positive
1282,Erythema_Multiforme,Dermato,True,0.001,hard,family_history_skin_disease;target_lesions_typical;self_limited_course;acral_distribution;patient_prefers_tea_over_coffee,,4,0,2,3,expanded_heldout,True,patient_prefers_tea_over_coffee
1283,Erythema_Multiforme,Dermato,True,0.001,easy,target_lesions_typical;self_limited_course;symmetric_distribution;mild_mucosal_involvement;recent_HSV_infection;acral_distribution;patient_shoe_size_9,extensive_skin_detachment;recent_new_medication_exposure,6,2,3,3,expanded_heldout,False,patient_shoe_size_9
1284,Erythema_Multiforme,Dermato,True,0.001,medium,acral_distribution;recent_HSV_infection;symmetric_distribution;patient_lives_in_a_two_story_house,extensive_skin_detachment,3,1,2,3,expanded_heldout,False,patient_lives_in_a_two_story_house
1285,Erythema_Multiforme,Dermato,True,0.001,hard,family_history_skin_disease;recent_HSV_infection;target_lesions_typical;symmetric_distribution;patient_arrived_by_personal_vehicle,,4,0,2,3,expanded_heldout,True,patient_arrived_by_personal_vehicle
1286,Erythema_Multiforme,Dermato,True,0.001,easy,recent_HSV_infection;mild_mucosal_involvement;symmetric_distribution;self_limited_course;acral_distribution;target_lesions_typical;patient_works_as_accountant,extensive_skin_detachment;recent_new_medication_exposure,6,2,3,3,expanded_heldout,False,patient_works_as_accountant
1287,Erythema_Multiforme,Dermato,True,0.001,medium,family_history_skin_disease;mild_mucosal_involvement;recent_HSV_infection;acral_distribution;patient_prefers_tea_over_coffee,recent_new_medication_exposure,4,1,2,3,expanded_heldout,True,patient_prefers_tea_over_coffee
1288,Erythema_Multiforme,Dermato,True,0.001,hard,target_lesions_typical;family_history_skin_disease;acral_distribution;patient_arrived_by_personal_vehicle,,3,0,2,3,expanded_heldout,True,patient_arrived_by_personal_vehicle
